

go
use Farmaceutica
go

SET DATEFORMAT DMY

--TIPOS_DOCUMENTOS

INSERT INTO TIPOS_DOCUMENTOS(tipo_documento)
	VALUES ('DNI');
	
INSERT INTO TIPOS_DOCUMENTOS(tipo_documento)
	VALUES ('LE');
	
INSERT INTO TIPOS_DOCUMENTOS(tipo_documento)
	VALUES ('LC');
	
INSERT INTO TIPOS_DOCUMENTOS(tipo_documento)
	VALUES ('Cedula');
	
INSERT INTO TIPOS_DOCUMENTOS(tipo_documento)
	VALUES ('Pasaporte');
						
--TIPOS_CONTACTOS

INSERT INTO TIPOS_CONTACTOS(TIPO_CONTACTO)
	VALUES ('Celular');

INSERT INTO TIPOS_CONTACTOS(TIPO_CONTACTO)
	VALUES ('Telefono Fijo');

INSERT INTO TIPOS_CONTACTOS(TIPO_CONTACTO)
	VALUES ('Mail');

INSERT INTO TIPOS_CONTACTOS(TIPO_CONTACTO)
	VALUES ('Instagram');

INSERT INTO TIPOS_CONTACTOS(TIPO_CONTACTO)
	VALUES ('X');

--PAISES
INSERT INTO PAISES(PAIS)
				VALUES('Argentina');
				
INSERT INTO PAISES(PAIS)
				VALUES('Brasil');
				
INSERT INTO PAISES(PAIS)
				VALUES('Chile');
				
INSERT INTO PAISES(PAIS)
				VALUES('Uruguay');
				
INSERT INTO PAISES(PAIS)
				VALUES('Paraguay');
				
INSERT INTO PAISES(PAIS)
				VALUES('Perú');
				
INSERT INTO PAISES(PAIS)
				VALUES('Bolivia');
				
INSERT INTO PAISES(PAIS)
				VALUES('Ecuador');
				
INSERT INTO PAISES(PAIS)
				VALUES('Venezuela');
				
INSERT INTO PAISES(PAIS)
				VALUES('Colombia');

--PROVINCIAS

INSERT INTO PROVINCIAS(PROVINCIA, id_pais)
					VALUES('Cordoba', 5);
					
INSERT INTO PROVINCIAS(PROVINCIA, id_pais)
					VALUES('Buenos Aires', 5);
					
INSERT INTO PROVINCIAS(PROVINCIA, id_pais)
					VALUES('Tucuman', 5);
					
INSERT INTO PROVINCIAS(PROVINCIA, id_pais)
					VALUES('Santa Fe', 5);
					
INSERT INTO PROVINCIAS(PROVINCIA, id_pais)
					VALUES('Santa Cruz', 5);
					
INSERT INTO PROVINCIAS(PROVINCIA, id_pais)
					VALUES('Misiones', 5);
					
INSERT INTO PROVINCIAS(PROVINCIA, id_pais)
					VALUES('Entre Rios', 5);
					
INSERT INTO PROVINCIAS(PROVINCIA, id_pais)
					VALUES('Jujuy', 5);
					
INSERT INTO PROVINCIAS(PROVINCIA, id_pais)
					VALUES('Río Negro', 5);
					
INSERT INTO PROVINCIAS(PROVINCIA, id_pais)
					VALUES('Mendoza', 5);
					
INSERT INTO PROVINCIAS(PROVINCIA, id_pais)
					VALUES('Ciudad Autonoma de Buenos Aires', 5);		
					
--CIUDADES

INSERT INTO CIUDADES(CIUDAD, id_provincia)
					VALUES('Cordoba', 5);
					
INSERT INTO CIUDADES(CIUDAD, id_provincia)
					VALUES('Rio Cuarto', 5);
					
INSERT INTO CIUDADES(CIUDAD, id_provincia)
					VALUES('Rosario', 20);
					
INSERT INTO CIUDADES(CIUDAD, id_provincia)
					VALUES('La Plata', 10);	
					
INSERT INTO CIUDADES(CIUDAD, id_provincia)
					VALUES('San Miguel de Tucuman', 15);
					
INSERT INTO CIUDADES(CIUDAD, id_provincia)
					VALUES('El Calafate', 25);
					
INSERT INTO CIUDADES(CIUDAD, id_provincia)
					VALUES('Posadas', 30);
					
INSERT INTO CIUDADES(CIUDAD, id_provincia)
					VALUES('San Salvador de Jujuy', 40);
					
INSERT INTO CIUDADES(CIUDAD, id_provincia)
					VALUES('San Carlos de Bariloche', 45);
					
INSERT INTO CIUDADES(CIUDAD, id_provincia)
					VALUES('Mendoza', 50);
					
INSERT INTO CIUDADES(CIUDAD, id_provincia)
					VALUES('Ciudad de Buenos Aires', 55);
					

--BARRIOS

INSERT INTO BARRIOS(BARRIO, id_ciudad)
					VALUES('General Paz', 5);
					
INSERT INTO BARRIOS(BARRIO, id_ciudad)
					VALUES('Alberdi', 5);
					
INSERT INTO BARRIOS(BARRIO, id_ciudad)
					VALUES('Alta Cordoba', 5);
					
INSERT INTO BARRIOS(BARRIO, id_ciudad)
					VALUES('Juniors', 5);
					
INSERT INTO BARRIOS(BARRIO, id_ciudad)
					VALUES('Cerro de las Rosas', 5);
					
INSERT INTO BARRIOS(BARRIO, id_ciudad)
					VALUES('Luis Agote', 15);
					
INSERT INTO BARRIOS(BARRIO, id_ciudad)
					VALUES('Santa Teodora', 10);
					
INSERT INTO BARRIOS(BARRIO, id_ciudad)
					VALUES('Melipal', 45);
					
INSERT INTO BARRIOS(BARRIO, id_ciudad)
					VALUES('Las Quintas', 20);
					
INSERT INTO BARRIOS(BARRIO, id_ciudad)
					VALUES('25 de Mayo', 35);
					
INSERT INTO BARRIOS(BARRIO, id_ciudad)
					VALUES('Moron', 55);
INSERT INTO BARRIOS(BARRIO, id_ciudad)
					VALUES('San Javier', 55);
INSERT INTO BARRIOS(BARRIO, id_ciudad)
					VALUES('San josé', 55);
INSERT INTO BARRIOS(BARRIO, id_ciudad)
					VALUES('Villa Adela', 5);
				

---					

--TIPOS_PAGOS

INSERT INTO TIPOS_PAGOS(TIPO_PAGO, DESCUENTO)
	VALUES ('Efectivo', 0.10);
	
INSERT INTO TIPOS_PAGOS(TIPO_PAGO, DESCUENTO)
	VALUES ('QR Mercado Pago', null);
	
INSERT INTO TIPOS_PAGOS(TIPO_PAGO, DESCUENTO)
	VALUES ('Transferencia', null);
	
INSERT INTO TIPOS_PAGOS(TIPO_PAGO, DESCUENTO)
	VALUES ('Tarjeta de Credito', null);
	
INSERT INTO TIPOS_PAGOS(TIPO_PAGO, DESCUENTO)
	VALUES ('Tarjeta de Debito', null);
	
INSERT INTO TIPOS_PAGOS(TIPO_PAGO, DESCUENTO)
	VALUES ('QR MODO', null);

---
-- TIPOS PRODUCTOS

INSERT INTO TIPOS_PRODUCTOS (ID_TIPO_PRODUCTO, TIPO_PRODUCTO)
	VALUES (1, 'Alimentos');

INSERT INTO TIPOS_PRODUCTOS (ID_TIPO_PRODUCTO, TIPO_PRODUCTO)
	VALUES (2, 'Dermocosmética');

INSERT INTO TIPOS_PRODUCTOS (ID_TIPO_PRODUCTO, TIPO_PRODUCTO)
	VALUES (3, 'Juguetes');

INSERT INTO TIPOS_PRODUCTOS (ID_TIPO_PRODUCTO, TIPO_PRODUCTO)
	VALUES (4, 'Hogar');

INSERT INTO TIPOS_PRODUCTOS (ID_TIPO_PRODUCTO, TIPO_PRODUCTO)
	VALUES (5, 'Productos de higiene');

INSERT INTO TIPOS_PRODUCTOS (ID_TIPO_PRODUCTO, TIPO_PRODUCTO)
	VALUES (6, 'Bebés');

INSERT INTO TIPOS_PRODUCTOS (ID_TIPO_PRODUCTO, TIPO_PRODUCTO)
	VALUES (7, 'Dermocosmética');

INSERT INTO TIPOS_PRODUCTOS (ID_TIPO_PRODUCTO, TIPO_PRODUCTO)
	VALUES (8, 'Electrónica');

---
-- TIPOS MOVIMIENTOS

INSERT INTO TIPOS_MOVIMIENTOS(ID_TIPO_MOV, MOVIMIENTO, MODIFICADOR)
			VALUES(1, 'Compra', 1);

INSERT INTO TIPOS_MOVIMIENTOS(ID_TIPO_MOV, MOVIMIENTO, MODIFICADOR)
			VALUES(2, 'Venta', -1);

INSERT INTO TIPOS_MOVIMIENTOS(ID_TIPO_MOV, MOVIMIENTO, MODIFICADOR)
			VALUES(3, 'Vencimiento', -1);

INSERT INTO TIPOS_MOVIMIENTOS(ID_TIPO_MOV, MOVIMIENTO, MODIFICADOR)
			VALUES(4, 'Falla', -1);

INSERT INTO TIPOS_MOVIMIENTOS(ID_TIPO_MOV, MOVIMIENTO, MODIFICADOR)
			VALUES(5, 'Robo', -1);

INSERT INTO TIPOS_MOVIMIENTOS(ID_TIPO_MOV, MOVIMIENTO, MODIFICADOR)
			VALUES(6, 'Rotura', -1);

INSERT INTO TIPOS_MOVIMIENTOS(ID_TIPO_MOV, MOVIMIENTO, MODIFICADOR)
			VALUES(7, 'Retiro del mercado', -1);

INSERT INTO TIPOS_MOVIMIENTOS(ID_TIPO_MOV, MOVIMIENTO, MODIFICADOR)
			VALUES(8, 'Error de carga', -1);


---
-- OBRAS SOCIALES

INSERT INTO OBRA_SOCIAL(ID_OBRA_SOCIAL, NOMBRE)
			VALUES(1, 'Swiss Medical');
INSERT INTO OBRA_SOCIAL(ID_OBRA_SOCIAL, NOMBRE)
			VALUES(2, 'GEA');
INSERT INTO OBRA_SOCIAL(ID_OBRA_SOCIAL, NOMBRE)
			VALUES(3, 'Medifé');
INSERT INTO OBRA_SOCIAL(ID_OBRA_SOCIAL, NOMBRE)
			VALUES(4, 'Sancor Salud');
INSERT INTO OBRA_SOCIAL(ID_OBRA_SOCIAL, NOMBRE)
			VALUES(5, 'OSDE');
INSERT INTO OBRA_SOCIAL(ID_OBRA_SOCIAL, NOMBRE)
			VALUES(6, 'DASPU');
INSERT INTO OBRA_SOCIAL(ID_OBRA_SOCIAL, NOMBRE)
			VALUES(7, 'PAMI');
INSERT INTO OBRA_SOCIAL(ID_OBRA_SOCIAL, NOMBRE)
			VALUES(8, 'Sin obra social');

---
-- GENEROS

INSERT INTO TIPOS_GENEROS (ID_GENERO, NOMBRE_GENERO)
    VALUES (1, 'Masculino');

INSERT INTO TIPOS_GENEROS (ID_GENERO, NOMBRE_GENERO)
    VALUES (2, 'Femenino');

INSERT INTO TIPOS_GENEROS (ID_GENERO, NOMBRE_GENERO)
    VALUES (3, 'No Binario');

INSERT INTO TIPOS_GENEROS (ID_GENERO, NOMBRE_GENERO)
    VALUES (4, 'Prefiero no decir');

INSERT INTO TIPOS_GENEROS (ID_GENERO, NOMBRE_GENERO)
    VALUES (5, 'Otro');



--PROVEEDORES
INSERT INTO PROVEEDORES (ID_PROVEEDOR, RAZON_SOCIAL, CUIT, CALLE, NUMERO, ID_BARRIO, ACTIVO)
VALUES (1, 'Distribuidora Farmacéutica Pacífica S.A.', '20123159789', 'Av. Rivadavia', '1934', 5, 1);
INSERT INTO PROVEEDORES (ID_PROVEEDOR, RAZON_SOCIAL, CUIT, CALLE, NUMERO, ID_BARRIO, ACTIVO)
VALUES (2, 'Alberdi Farma S.R.L.', '21234349897', 'Alvear', '578', 10, 1);
INSERT INTO PROVEEDORES (ID_PROVEEDOR, RAZON_SOCIAL, CUIT, CALLE, NUMERO, ID_BARRIO, ACTIVO)
VALUES (3, 'La San Martín S.A.', '20345371901', 'Av. San Martín', '9101', 15, 1);
INSERT INTO PROVEEDORES (ID_PROVEEDOR, RAZON_SOCIAL, CUIT, CALLE, NUMERO, ID_BARRIO, ACTIVO)
VALUES (4, 'Tecnofarm SRL', '21456789012', 'Mitre', '25', 20, 1);
INSERT INTO PROVEEDORES (ID_PROVEEDOR, RAZON_SOCIAL, CUIT, CALLE, NUMERO, ID_BARRIO, ACTIVO)
VALUES (5, 'Industria Tucumán S.A.', '20567890123', 'Av. Tucumán', '6789', 25, 1);
INSERT INTO PROVEEDORES (ID_PROVEEDOR, RAZON_SOCIAL, CUIT, CALLE, NUMERO, ID_BARRIO, ACTIVO)
VALUES (6, 'Drogueria de Buenos Aires S.R.L.', '21678901234', 'Jujuy', '3456', 55, 1);
INSERT INTO PROVEEDORES (ID_PROVEEDOR, RAZON_SOCIAL, CUIT, CALLE, NUMERO, ID_BARRIO, ACTIVO)
VALUES (7, 'Logística Mendocina S.A.', '20789012345', 'Av. Mendoza', '7890', 30, 1);
INSERT INTO PROVEEDORES (ID_PROVEEDOR, RAZON_SOCIAL, CUIT, CALLE, NUMERO, ID_BARRIO, ACTIVO)
VALUES (8, 'Comercial Patagonia SRL', '21890123456', 'Oruro', '124', 40, 1);
INSERT INTO PROVEEDORES (ID_PROVEEDOR, RAZON_SOCIAL, CUIT, CALLE, NUMERO, ID_BARRIO, ACTIVO)
VALUES(9, 'Pellegrini SA', '20342158797', 'La Revolución', '1810', 50, 1);
INSERT INTO PROVEEDORES (ID_PROVEEDOR, RAZON_SOCIAL, CUIT, CALLE, NUMERO, ID_BARRIO, ACTIVO)
VALUES(10, 'FarmaEnvios SRL', '25245879698', 'Daniel Melero', '6967', 30, 1);
INSERT INTO PROVEEDORES (ID_PROVEEDOR, RAZON_SOCIAL, CUIT, CALLE, NUMERO, ID_BARRIO, ACTIVO)
VALUES(11, 'Todo Productos', '30715473204', 'Felix Frías', '3418', 5, 1);


-- CONTACTO PROVEEDORES

INSERT INTO CONTACTOS( ID_TIPO_CONTACTO, ID_PROVEEDOR, CONTACTO)
VALUES ( 3, 1, 'farma@pacifica.com.ar');

INSERT INTO CONTACTOS( ID_TIPO_CONTACTO, ID_PROVEEDOR, CONTACTO)
VALUES ( 3, 2, 'farma@alberdi.com.ar');

INSERT INTO CONTACTOS( ID_TIPO_CONTACTO, ID_PROVEEDOR, CONTACTO)
VALUES ( 3, 3, 'lasanmartin@farma.com.ar');

INSERT INTO CONTACTOS( ID_TIPO_CONTACTO, ID_PROVEEDOR, CONTACTO)
VALUES ( 3, 4, 'contacto@tecnofarm.com');

INSERT INTO CONTACTOS( ID_TIPO_CONTACTO, ID_PROVEEDOR, CONTACTO)
VALUES ( 3, 5, 'contacto@tucfarma.com');

INSERT INTO CONTACTOS( ID_TIPO_CONTACTO, ID_PROVEEDOR, CONTACTO)
VALUES ( 3, 6, 'contacto@drogbsas.com');

INSERT INTO CONTACTOS( ID_TIPO_CONTACTO, ID_PROVEEDOR, CONTACTO)
VALUES ( 3, 7, 'logistica@mendoza.com');

INSERT INTO CONTACTOS( ID_TIPO_CONTACTO, ID_PROVEEDOR, CONTACTO)
VALUES ( 3, 8, 'patagoniasrl@contacto.com');

INSERT INTO CONTACTOS( ID_TIPO_CONTACTO, ID_PROVEEDOR, CONTACTO)
VALUES ( 3, 9, 'contacto@pellegrini.com');

INSERT INTO CONTACTOS( ID_TIPO_CONTACTO, ID_PROVEEDOR, CONTACTO)
VALUES ( 3, 10, 'contacto@farmaenvios.com');

INSERT INTO CONTACTOS( ID_TIPO_CONTACTO, ID_PROVEEDOR, CONTACTO)
VALUES ( 3, 11, 'pedidos@todoproductos.com');

-- MARCAS

INSERT INTO MARCAS (ID_MARCA, NOMBRE_MARCA) VALUES(1,'911')
INSERT INTO MARCAS (ID_MARCA, NOMBRE_MARCA) VALUES(2,'ACICLOVIR')
INSERT INTO MARCAS (ID_MARCA, NOMBRE_MARCA) VALUES(3,'ACIDO FOLICO')
INSERT INTO MARCAS (ID_MARCA, NOMBRE_MARCA) VALUES(4,'ACIFOL GOTAS')
INSERT INTO MARCAS (ID_MARCA, NOMBRE_MARCA) VALUES(5,'AEROCAMARA  ADULTO')
INSERT INTO MARCAS (ID_MARCA, NOMBRE_MARCA) VALUES(6,'AEROCAMARA PEDIATRICA')
INSERT INTO MARCAS (ID_MARCA, NOMBRE_MARCA) VALUES(7,'AEROTROP')
INSERT INTO MARCAS (ID_MARCA, NOMBRE_MARCA) VALUES(8,'AGLUCIDE')
INSERT INTO MARCAS (ID_MARCA, NOMBRE_MARCA) VALUES(9,'AGLUCIDE MR 60')
INSERT INTO MARCAS (ID_MARCA, NOMBRE_MARCA) VALUES(10,'ALIVIATOS')
INSERT INTO MARCAS (ID_MARCA, NOMBRE_MARCA) VALUES(11,'ALPRAZOLAM')
INSERT INTO MARCAS (ID_MARCA, NOMBRE_MARCA) VALUES(12,'AMITRIPTILINA')
INSERT INTO MARCAS (ID_MARCA, NOMBRE_MARCA) VALUES(13,'AMLODIPINA')
INSERT INTO MARCAS (ID_MARCA, NOMBRE_MARCA) VALUES(14,'AMOXICILINA')
INSERT INTO MARCAS (ID_MARCA, NOMBRE_MARCA) VALUES(15,'AMOXICILINA 250 MG + ACIDO CLAVULANICO 62,5 MG  ')
INSERT INTO MARCAS (ID_MARCA, NOMBRE_MARCA) VALUES(16,'AMOXICILINA 500')
INSERT INTO MARCAS (ID_MARCA, NOMBRE_MARCA) VALUES(17,'AMOXICILINA 500 MG + ACIDO CLAVULANICO 125 MG ')
INSERT INTO MARCAS (ID_MARCA, NOMBRE_MARCA) VALUES(18,'AMOXICILINA 875 MG + ACIDO CLAVULANICO 125 MG ')
INSERT INTO MARCAS (ID_MARCA, NOMBRE_MARCA) VALUES(19,'AMOXIDAL DUO')
INSERT INTO MARCAS (ID_MARCA, NOMBRE_MARCA) VALUES(20,'AMOXOL 500')
INSERT INTO MARCAS (ID_MARCA, NOMBRE_MARCA) VALUES(21,'AMOXOL DUO')
INSERT INTO MARCAS (ID_MARCA, NOMBRE_MARCA) VALUES(22,'ANFOLIC')
INSERT INTO MARCAS (ID_MARCA, NOMBRE_MARCA) VALUES(23,'ANTIGRIPAL  (PARACET + BROMHE +CAFEIN + CLORFENIR )')
INSERT INTO MARCAS (ID_MARCA, NOMBRE_MARCA) VALUES(24,'ARIPIPRAZOL')
INSERT INTO MARCAS (ID_MARCA, NOMBRE_MARCA) VALUES(25,'ASPIRINA CARDIO VENT 3')
INSERT INTO MARCAS (ID_MARCA, NOMBRE_MARCA) VALUES(26,'AZITROMICINA')
INSERT INTO MARCAS (ID_MARCA, NOMBRE_MARCA) VALUES(27,'AZITROX')
INSERT INTO MARCAS (ID_MARCA, NOMBRE_MARCA) VALUES(28,'BACTIFREN')
INSERT INTO MARCAS (ID_MARCA, NOMBRE_MARCA) VALUES(29,'BETACORT PLUS')
INSERT INTO MARCAS (ID_MARCA, NOMBRE_MARCA) VALUES(30,'BETAMETASONA')
INSERT INTO MARCAS (ID_MARCA, NOMBRE_MARCA) VALUES(31,'BIPERIDENO ')
INSERT INTO MARCAS (ID_MARCA, NOMBRE_MARCA) VALUES(32,'BISOFEC 5')
INSERT INTO MARCAS (ID_MARCA, NOMBRE_MARCA) VALUES(33,'BUSCAPINA COMPOSITUM N')
INSERT INTO MARCAS (ID_MARCA, NOMBRE_MARCA) VALUES(34,'CARBAMAZEPINA')
INSERT INTO MARCAS (ID_MARCA, NOMBRE_MARCA) VALUES(35,'CARVEDILOL')
INSERT INTO MARCAS (ID_MARCA, NOMBRE_MARCA) VALUES(36,'CARVEDILOL RICHET')
INSERT INTO MARCAS (ID_MARCA, NOMBRE_MARCA) VALUES(37,'CEFALEXINA FABRA')
INSERT INTO MARCAS (ID_MARCA, NOMBRE_MARCA) VALUES(38,'CEFTRIAXONA NORGREEN')
INSERT INTO MARCAS (ID_MARCA, NOMBRE_MARCA) VALUES(39,'CIPROFLOXACINA DUNCAN')
INSERT INTO MARCAS (ID_MARCA, NOMBRE_MARCA) VALUES(40,'CLARITROMICINA')
INSERT INTO MARCAS (ID_MARCA, NOMBRE_MARCA) VALUES(41,'CLIDAN')
INSERT INTO MARCAS (ID_MARCA, NOMBRE_MARCA) VALUES(42,'CLONAZEPAM ')
INSERT INTO MARCAS (ID_MARCA, NOMBRE_MARCA) VALUES(43,'CLOTIAPINA ')
INSERT INTO MARCAS (ID_MARCA, NOMBRE_MARCA) VALUES(44,'CREMA DE BISMUTO CHOBET')
INSERT INTO MARCAS (ID_MARCA, NOMBRE_MARCA) VALUES(45,'DBI 500')
INSERT INTO MARCAS (ID_MARCA, NOMBRE_MARCA) VALUES(46,'DIAZEPAM')
INSERT INTO MARCAS (ID_MARCA, NOMBRE_MARCA) VALUES(47,'DICLOFENAX')
INSERT INTO MARCAS (ID_MARCA, NOMBRE_MARCA) VALUES(48,'DIFENHIDRAMINA')
INSERT INTO MARCAS (ID_MARCA, NOMBRE_MARCA) VALUES(49,'DIUREX')
INSERT INTO MARCAS (ID_MARCA, NOMBRE_MARCA) VALUES(50,'DOSULFIN')
INSERT INTO MARCAS (ID_MARCA, NOMBRE_MARCA) VALUES(51,'DUFLEGRIP')
INSERT INTO MARCAS (ID_MARCA, NOMBRE_MARCA) VALUES(52,'EMPECID')
INSERT INTO MARCAS (ID_MARCA, NOMBRE_MARCA) VALUES(53,'ENALAPRIL')
INSERT INTO MARCAS (ID_MARCA, NOMBRE_MARCA) VALUES(54,'ERITROMICINA ELEA')
INSERT INTO MARCAS (ID_MARCA, NOMBRE_MARCA) VALUES(55,'ESCITALOPRAM')
INSERT INTO MARCAS (ID_MARCA, NOMBRE_MARCA) VALUES(56,'EXIBRAL')
INSERT INTO MARCAS (ID_MARCA, NOMBRE_MARCA) VALUES(57,'FEKLON')
INSERT INTO MARCAS (ID_MARCA, NOMBRE_MARCA) VALUES(58,'FENITOINA SODICA')
INSERT INTO MARCAS (ID_MARCA, NOMBRE_MARCA) VALUES(59,'FENOBARBITAL')
INSERT INTO MARCAS (ID_MARCA, NOMBRE_MARCA) VALUES(60,'FLUCONAZOL')
INSERT INTO MARCAS (ID_MARCA, NOMBRE_MARCA) VALUES(61,'FLUOXETINA ')
INSERT INTO MARCAS (ID_MARCA, NOMBRE_MARCA) VALUES(62,'FOMIXINA')
INSERT INTO MARCAS (ID_MARCA, NOMBRE_MARCA) VALUES(63,'FRIPI BENCIL')
INSERT INTO MARCAS (ID_MARCA, NOMBRE_MARCA) VALUES(64,'FUROSEMIDA')
INSERT INTO MARCAS (ID_MARCA, NOMBRE_MARCA) VALUES(65,'FUSIMED')
INSERT INTO MARCAS (ID_MARCA, NOMBRE_MARCA) VALUES(66,'GASTROMED')
INSERT INTO MARCAS (ID_MARCA, NOMBRE_MARCA) VALUES(67,'GENOPRAZOL')
INSERT INTO MARCAS (ID_MARCA, NOMBRE_MARCA) VALUES(68,'HALOPERIDOL')
INSERT INTO MARCAS (ID_MARCA, NOMBRE_MARCA) VALUES(69,'HALOPERIDOL DECANOATO')
INSERT INTO MARCAS (ID_MARCA, NOMBRE_MARCA) VALUES(70,'HIERRO SULFATO')
INSERT INTO MARCAS (ID_MARCA, NOMBRE_MARCA) VALUES(71,'HIPOGLOS')
INSERT INTO MARCAS (ID_MARCA, NOMBRE_MARCA) VALUES(72,'IBUFEC')
INSERT INTO MARCAS (ID_MARCA, NOMBRE_MARCA) VALUES(73,'IBUFULL')
INSERT INTO MARCAS (ID_MARCA, NOMBRE_MARCA) VALUES(74,'IBUPROFENO')
INSERT INTO MARCAS (ID_MARCA, NOMBRE_MARCA) VALUES(75,'IMPROVAL 500')
INSERT INTO MARCAS (ID_MARCA, NOMBRE_MARCA) VALUES(76,'IVERMECTINA')
INSERT INTO MARCAS (ID_MARCA, NOMBRE_MARCA) VALUES(77,'IVERTAL')
INSERT INTO MARCAS (ID_MARCA, NOMBRE_MARCA) VALUES(78,'KLONAFUSID')
INSERT INTO MARCAS (ID_MARCA, NOMBRE_MARCA) VALUES(79,'LAGOTRAN')
INSERT INTO MARCAS (ID_MARCA, NOMBRE_MARCA) VALUES(80,'LAMOTRIGINA')
INSERT INTO MARCAS (ID_MARCA, NOMBRE_MARCA) VALUES(81,'LEVETIRACETAM')
INSERT INTO MARCAS (ID_MARCA, NOMBRE_MARCA) VALUES(82,'LEVITAL')
INSERT INTO MARCAS (ID_MARCA, NOMBRE_MARCA) VALUES(83,'LEVOMEPROMAZINA')
INSERT INTO MARCAS (ID_MARCA, NOMBRE_MARCA) VALUES(84,'LIPOVASTATIN')
INSERT INTO MARCAS (ID_MARCA, NOMBRE_MARCA) VALUES(85,'LIVOPEN SPORTS AEROSOL NARANJA')
INSERT INTO MARCAS (ID_MARCA, NOMBRE_MARCA) VALUES(86,'LORATADINA')
INSERT INTO MARCAS (ID_MARCA, NOMBRE_MARCA) VALUES(87,'LORAZEPAM')
INSERT INTO MARCAS (ID_MARCA, NOMBRE_MARCA) VALUES(88,'LOSARTAN')
INSERT INTO MARCAS (ID_MARCA, NOMBRE_MARCA) VALUES(89,'LYNDAN NF')
INSERT INTO MARCAS (ID_MARCA, NOMBRE_MARCA) VALUES(90,'MACRIL OVULOS')
INSERT INTO MARCAS (ID_MARCA, NOMBRE_MARCA) VALUES(91,'MEBUTAR 200')
INSERT INTO MARCAS (ID_MARCA, NOMBRE_MARCA) VALUES(92,'MEPREDNISONA')
INSERT INTO MARCAS (ID_MARCA, NOMBRE_MARCA) VALUES(93,'MEPREDNISONA HLB')
INSERT INTO MARCAS (ID_MARCA, NOMBRE_MARCA) VALUES(94,'METFORMINA')
INSERT INTO MARCAS (ID_MARCA, NOMBRE_MARCA) VALUES(95,'METFORMINA GENÉRICO')
INSERT INTO MARCAS (ID_MARCA, NOMBRE_MARCA) VALUES(96,'METOCLOPRAMIDA NIÑOS GENERICO')
INSERT INTO MARCAS (ID_MARCA, NOMBRE_MARCA) VALUES(97,'METRONIDAZOL')
INSERT INTO MARCAS (ID_MARCA, NOMBRE_MARCA) VALUES(98,'METRONIDAZOL VANNIER')
INSERT INTO MARCAS (ID_MARCA, NOMBRE_MARCA) VALUES(99,'MICOTRAL')
INSERT INTO MARCAS (ID_MARCA, NOMBRE_MARCA) VALUES(100,'NEUMOCORT HFA')
INSERT INTO MARCAS (ID_MARCA, NOMBRE_MARCA) VALUES(101,'NISTATINA DENVER FARMA')
INSERT INTO MARCAS (ID_MARCA, NOMBRE_MARCA) VALUES(102,'NOVEMINA')
INSERT INTO MARCAS (ID_MARCA, NOMBRE_MARCA) VALUES(103,'NULAREF')
INSERT INTO MARCAS (ID_MARCA, NOMBRE_MARCA) VALUES(104,'OLANZAPINA ')
INSERT INTO MARCAS (ID_MARCA, NOMBRE_MARCA) VALUES(105,'OPTAMOX DUO')
INSERT INTO MARCAS (ID_MARCA, NOMBRE_MARCA) VALUES(106,'OPTIBRAL')
INSERT INTO MARCAS (ID_MARCA, NOMBRE_MARCA) VALUES(107,'PARACETAMOL')
INSERT INTO MARCAS (ID_MARCA, NOMBRE_MARCA) VALUES(108,'PARACETAMOL LAZAR 1GR')
INSERT INTO MARCAS (ID_MARCA, NOMBRE_MARCA) VALUES(109,'PAROXETINA ')
INSERT INTO MARCAS (ID_MARCA, NOMBRE_MARCA) VALUES(110,'PENICILINA G BENZATINICA RICHET')
INSERT INTO MARCAS (ID_MARCA, NOMBRE_MARCA) VALUES(111,'PERMETRINA')
INSERT INTO MARCAS (ID_MARCA, NOMBRE_MARCA) VALUES(112,'PREGABALINA')
INSERT INTO MARCAS (ID_MARCA, NOMBRE_MARCA) VALUES(113,'QUETIAPINA')
INSERT INTO MARCAS (ID_MARCA, NOMBRE_MARCA) VALUES(114,'QUETIAPINA ')
INSERT INTO MARCAS (ID_MARCA, NOMBRE_MARCA) VALUES(115,'REFENAX')
INSERT INTO MARCAS (ID_MARCA, NOMBRE_MARCA) VALUES(116,'REFRIANEX COMPUESTO')
INSERT INTO MARCAS (ID_MARCA, NOMBRE_MARCA) VALUES(117,'RELOPAT')
INSERT INTO MARCAS (ID_MARCA, NOMBRE_MARCA) VALUES(118,'REPELENTE EXTRA DURACION GEZZI')
INSERT INTO MARCAS (ID_MARCA, NOMBRE_MARCA) VALUES(119,'RINO-B NEBU')
INSERT INTO MARCAS (ID_MARCA, NOMBRE_MARCA) VALUES(120,'RISPERIDONA')
INSERT INTO MARCAS (ID_MARCA, NOMBRE_MARCA) VALUES(121,'ROSPAZ')
INSERT INTO MARCAS (ID_MARCA, NOMBRE_MARCA) VALUES(122,'ROSUFEC 20')
INSERT INTO MARCAS (ID_MARCA, NOMBRE_MARCA) VALUES(123,'SALBUTRAL ')
INSERT INTO MARCAS (ID_MARCA, NOMBRE_MARCA) VALUES(124,'SALES DE REHIDRATACION ORAL')
INSERT INTO MARCAS (ID_MARCA, NOMBRE_MARCA) VALUES(125,'SALES PARA REHIDRATACION ORAL')
INSERT INTO MARCAS (ID_MARCA, NOMBRE_MARCA) VALUES(126,'SERTRALINA ')
INSERT INTO MARCAS (ID_MARCA, NOMBRE_MARCA) VALUES(127,'SIDERBLUT')
INSERT INTO MARCAS (ID_MARCA, NOMBRE_MARCA) VALUES(128,'SINURIT')
INSERT INTO MARCAS (ID_MARCA, NOMBRE_MARCA) VALUES(129,'T4 MON')
INSERT INTO MARCAS (ID_MARCA, NOMBRE_MARCA) VALUES(130,'TANVIMIL ACD')
INSERT INTO MARCAS (ID_MARCA, NOMBRE_MARCA) VALUES(131,'TOBRABIOTIC D')
INSERT INTO MARCAS (ID_MARCA, NOMBRE_MARCA) VALUES(132,'TOBRAMICINA GENERICO')
INSERT INTO MARCAS (ID_MARCA, NOMBRE_MARCA) VALUES(133,'TOPIRAMATO ')
INSERT INTO MARCAS (ID_MARCA, NOMBRE_MARCA) VALUES(134,'TRILEPTAL')
INSERT INTO MARCAS (ID_MARCA, NOMBRE_MARCA) VALUES(135,'TRIMPOL')
INSERT INTO MARCAS (ID_MARCA, NOMBRE_MARCA) VALUES(136,'TRU M')
INSERT INTO MARCAS (ID_MARCA, NOMBRE_MARCA) VALUES(137,'VALPROATO DE MAGNESIO')
INSERT INTO MARCAS (ID_MARCA, NOMBRE_MARCA) VALUES(138,'VENLAFAXINA')
INSERT INTO MARCAS (ID_MARCA, NOMBRE_MARCA) VALUES(139,'VERBORIL')
INSERT INTO MARCAS (ID_MARCA, NOMBRE_MARCA) VALUES(140,'VERICORDIN')
INSERT INTO MARCAS (ID_MARCA, NOMBRE_MARCA) VALUES(141,'VITADECE')
INSERT INTO MARCAS (ID_MARCA, NOMBRE_MARCA) VALUES(142,'XICLOVIR')
INSERT INTO MARCAS (ID_MARCA, NOMBRE_MARCA) VALUES(143,'YECTAFER TABS')
INSERT INTO MARCAS (ID_MARCA, NOMBRE_MARCA) VALUES(144,'ZOLPIDEM')
INSERT INTO MARCAS (ID_MARCA, NOMBRE_MARCA) VALUES(145,'ZUCLOPENTIX DECANOATO')
INSERT INTO MARCAS (ID_MARCA, NOMBRE_MARCA) VALUES(146,'ZUCLOPENTIXOL ACETATO')
INSERT INTO MARCAS (ID_MARCA, NOMBRE_MARCA) VALUES(147,'ESPIRONOLACTONA')
INSERT INTO MARCAS (ID_MARCA, NOMBRE_MARCA) VALUES(148,'SULFAMETOXAZOL+TRIMETOPRIMA 800/160 MG')
INSERT INTO MARCAS (ID_MARCA, NOMBRE_MARCA) VALUES(149,'SULFAMETOXAZOL+TRIMETOPRIMA 800/160 MG')
INSERT INTO MARCAS (ID_MARCA, NOMBRE_MARCA)
    VALUES (150, 'Nestlé');

INSERT INTO MARCAS (ID_MARCA, NOMBRE_MARCA)
    VALUES (151, 'Nivea');

INSERT INTO MARCAS (ID_MARCA, NOMBRE_MARCA)
    VALUES (152, 'Dove');

INSERT INTO MARCAS (ID_MARCA, NOMBRE_MARCA)
    VALUES (153, 'Philips');

INSERT INTO MARCAS (ID_MARCA, NOMBRE_MARCA)
    VALUES (154, 'Colgate');

INSERT INTO MARCAS (ID_MARCA, NOMBRE_MARCA)
    VALUES (155, 'Pampers');

INSERT INTO MARCAS (ID_MARCA, NOMBRE_MARCA)
    VALUES (156, 'WireLand');

INSERT INTO MARCAS (ID_MARCA, NOMBRE_MARCA)
    VALUES (157, 'Silfab');

INSERT INTO MARCAS (ID_MARCA, NOMBRE_MARCA)
    VALUES (158, 'Samsung');

INSERT INTO MARCAS (ID_MARCA, NOMBRE_MARCA)
    VALUES (159, 'PepsiCo');

INSERT INTO MARCAS (ID_MARCA, NOMBRE_MARCA)
    VALUES (160, 'Johnson & Johnson');

INSERT INTO MARCAS (ID_MARCA, NOMBRE_MARCA)
    VALUES (161, 'LG');

INSERT INTO MARCAS (ID_MARCA, NOMBRE_MARCA)
    VALUES (162, 'Huggies');

INSERT INTO MARCAS (ID_MARCA, NOMBRE_MARCA)
    VALUES (163, 'Sony');

INSERT INTO MARCAS (ID_MARCA, NOMBRE_MARCA)
    VALUES (164, 'Apple');





-- PRODUCTOS

INSERT INTO PRODUCTOS (ID_PRODUCTO, NOMBRE, ID_MARCA, TIPO_PRODUCTO, DESCRIPCION, PRECIO)
    VALUES (1, 'Leche en polvo', 150, 1, 'Leche en polvo entera', 3800);

INSERT INTO PRODUCTOS (ID_PRODUCTO, NOMBRE, ID_MARCA, TIPO_PRODUCTO, DESCRIPCION, PRECIO)
    VALUES (2, 'Crema Nivea', 151, 2, 'Crema hidratante para la piel', 7425);

INSERT INTO PRODUCTOS (ID_PRODUCTO, NOMBRE, ID_MARCA, TIPO_PRODUCTO, DESCRIPCION, PRECIO)
    VALUES (3, 'Shampoo Dove', 152, 5, 'Shampoo nutritivo para cabello seco', 6150);

INSERT INTO PRODUCTOS (ID_PRODUCTO, NOMBRE, ID_MARCA, TIPO_PRODUCTO, DESCRIPCION, PRECIO)
    VALUES (4, 'Afeitadora Venus', 153, 8, 'Afeitadora eléctrica con cabezales giratorios', 23200);

INSERT INTO PRODUCTOS (ID_PRODUCTO, NOMBRE, ID_MARCA, TIPO_PRODUCTO, DESCRIPCION, PRECIO)
    VALUES (5, 'Pasta dental Fresh', 154, 5, 'Pasta dental de protección completa por 12 horas. Anticaries', 2220);

INSERT INTO PRODUCTOS (ID_PRODUCTO, NOMBRE, ID_MARCA, TIPO_PRODUCTO, DESCRIPCION, PRECIO)
    VALUES (6, 'Pañales Pampers', 155, 6, 'Pañales de alta absorción para bebés', 7050);

INSERT INTO PRODUCTOS (ID_PRODUCTO, NOMBRE, ID_MARCA, TIPO_PRODUCTO, DESCRIPCION, PRECIO)
    VALUES (7, 'Cable HDMI WireLand', 156, 8, 'Cable HDMI de alta velocidad', 10200);

INSERT INTO PRODUCTOS (ID_PRODUCTO, NOMBRE, ID_MARCA, TIPO_PRODUCTO, DESCRIPCION, PRECIO)
    VALUES (8, 'Panel solar Silfab', 157, 4, 'Panel solar fotovoltaico de alta eficiencia', 45000);

INSERT INTO PRODUCTOS (ID_PRODUCTO, NOMBRE, ID_MARCA, TIPO_PRODUCTO, DESCRIPCION, PRECIO)
    VALUES (9, 'Galaxy Buds 2', 158, 8, 'Auriculares IN-EAR. Jack 3.5mm con cable de 1,5M', 8000);

INSERT INTO PRODUCTOS (ID_PRODUCTO, NOMBRE, ID_MARCA, TIPO_PRODUCTO, DESCRIPCION, PRECIO)
    VALUES (10, 'Pepsi', 159, 1, 'Bebida refrescante de cola 500ml', 800);

INSERT INTO PRODUCTOS (ID_PRODUCTO, NOMBRE, ID_MARCA, TIPO_PRODUCTO, DESCRIPCION, PRECIO)
    VALUES (11, 'Shampoo Johnson & Johnson Baby', 160, 6, 'Shampoo para bebés, suave y sin lágrimas', 10500);

INSERT INTO PRODUCTOS (ID_PRODUCTO, NOMBRE, ID_MARCA, TIPO_PRODUCTO, DESCRIPCION, PRECIO)
    VALUES (12, 'Cable USB C', 161, 8, 'Cable de alta tasa de transferencia', 1299.99);

INSERT INTO PRODUCTOS (ID_PRODUCTO, NOMBRE, ID_MARCA, TIPO_PRODUCTO, DESCRIPCION, PRECIO)
    VALUES (13, 'Pañales Huggies Supreme', 162, 6, 'Pañales de alta calidad para mayor comodidad', 9100);

INSERT INTO PRODUCTOS (ID_PRODUCTO, NOMBRE, ID_MARCA, TIPO_PRODUCTO, DESCRIPCION, PRECIO)
    VALUES (14, 'Auriculares Sony WH-1000XM4', 163, 8, 'Auriculares inalámbricos con cancelación de ruido', 18000);

INSERT INTO PRODUCTOS (ID_PRODUCTO, NOMBRE, ID_MARCA, TIPO_PRODUCTO, DESCRIPCION, PRECIO)
    VALUES (15, 'Cable Lightning', 164, 8, 'Cable para cargar iPhones', 12230);

INSERT INTO PRODUCTOS (ID_PRODUCTO, NOMBRE, ID_MARCA, TIPO_PRODUCTO, DESCRIPCION, PRECIO)
    VALUES (16, 'Jabón líquido', 152, 5, 'Jabón líquido hidratante para manos', 4200);

UPDATE PRODUCTOS
SET ACTIVO = 1
WHERE ACTIVO IS NULL

--- CLIENTES

INSERT INTO CLIENTES (ID_CLIENTE, NOMBRE, APELLIDO, FECHA_NACIMIENTO, CALLE, NUMERO, ID_BARRIO, TIPO_DOC, NRO_DOC, ID_GENERO )
    VALUES (1, 'Samuel', 'Pérez', '1990-05-15', 'Av. Libertador', 124, 5, 1, '30231230', 1);

INSERT INTO CLIENTES (ID_CLIENTE, NOMBRE, APELLIDO, FECHA_NACIMIENTO, CALLE, NUMERO, ID_BARRIO, TIPO_DOC, NRO_DOC, ID_GENERO )
    VALUES (2, 'José', 'Romaña', '1985-09-10', 'Ituzaingó', 216, 10, 1, '27016335', 1);

INSERT INTO CLIENTES (ID_CLIENTE, NOMBRE, APELLIDO, FECHA_NACIMIENTO, CALLE, NUMERO, ID_BARRIO, TIPO_DOC, NRO_DOC, ID_GENERO)
    VALUES (3, 'Carlos', 'López', '1958-03-22', 'Paso de Los Andes', 19, 15, 1, '532537', 1);

INSERT INTO CLIENTES (ID_CLIENTE, NOMBRE, APELLIDO, FECHA_NACIMIENTO, CALLE, NUMERO, ID_BARRIO, TIPO_DOC, NRO_DOC, ID_GENERO)
    VALUES (4, 'Juana', 'Martínez', '1992-11-30', 'Urrutia', 101, 20, 1, '31558903', 2);

INSERT INTO CLIENTES (ID_CLIENTE, NOMBRE, APELLIDO, FECHA_NACIMIENTO, CALLE, NUMERO, ID_BARRIO, TIPO_DOC, NRO_DOC, ID_GENERO)
    VALUES (5, 'Federico', 'Ramírez', '1980-07-04', 'Ucrania', 688, 5, 1, '3892204', 1);

INSERT INTO CLIENTES (ID_CLIENTE, NOMBRE, APELLIDO, FECHA_NACIMIENTO, CALLE, NUMERO, ID_BARRIO, TIPO_DOC, NRO_DOC, ID_GENERO)
    VALUES (6, 'Ana', 'Fernández', '1995-01-12', 'Mitre', 223, 35, 1, '21411178', 2);

INSERT INTO CLIENTES (ID_CLIENTE, NOMBRE, APELLIDO, FECHA_NACIMIENTO, CALLE, NUMERO, ID_BARRIO, TIPO_DOC, NRO_DOC, ID_GENERO)
    VALUES (7, 'Sofía', 'Riquelme', '1987-05-21', 'Rondeau', 112, 20, 1, '30434729', 2);

INSERT INTO CLIENTES (ID_CLIENTE, NOMBRE, APELLIDO, FECHA_NACIMIENTO, CALLE, NUMERO, ID_BARRIO, TIPO_DOC, NRO_DOC, ID_GENERO)
    VALUES (8, 'Martín', 'Álvarez', '1991-06-10', 'Av. Maipú', 301, 10, 1, '38994995', 1);

INSERT INTO CLIENTES (ID_CLIENTE, NOMBRE, APELLIDO, FECHA_NACIMIENTO, CALLE, NUMERO, ID_BARRIO, TIPO_DOC, NRO_DOC, ID_GENERO)
    VALUES (9, 'Claudia', 'Ponce', '1983-02-14', 'Río Negro', 2637, 5, 1, '23610569', 2);

INSERT INTO CLIENTES (ID_CLIENTE, NOMBRE, APELLIDO, FECHA_NACIMIENTO, CALLE, NUMERO, ID_BARRIO, TIPO_DOC, NRO_DOC, ID_GENERO)
    VALUES (10, 'Diego', 'Almirón', '1998-12-05', 'Balcarce', 244, 25, 1, '28626779', 1);

--- CONTACTOS CLIENTES

INSERT INTO CONTACTOS (ID_TIPO_CONTACTO, ID_CLIENTE, CONTACTO)
    VALUES (1, 1, '011155656863'); 

INSERT INTO CONTACTOS (ID_TIPO_CONTACTO, ID_CLIENTE, CONTACTO)
    VALUES (2, 2, '01115110243');  

INSERT INTO CONTACTOS (ID_TIPO_CONTACTO, ID_CLIENTE, CONTACTO)
    VALUES (3, 3, 'carlos.lopez@proton.com'); 

INSERT INTO CONTACTOS (ID_TIPO_CONTACTO, ID_CLIENTE, CONTACTO)
    VALUES (4, 4, 'juana_martinez');  

INSERT INTO CONTACTOS (ID_TIPO_CONTACTO, ID_CLIENTE, CONTACTO)
    VALUES (5, 5, 'federico_ramirez'); 

INSERT INTO CONTACTOS (ID_TIPO_CONTACTO, ID_CLIENTE, CONTACTO)
    VALUES (1, 6, '01119876543');  

INSERT INTO CONTACTOS (ID_TIPO_CONTACTO, ID_CLIENTE, CONTACTO)
    VALUES (2, 7, '011153532210');  

INSERT INTO CONTACTOS (ID_TIPO_CONTACTO, ID_CLIENTE, CONTACTO)
    VALUES (3, 8, 'martin.alvarez@yahee.com');  

INSERT INTO CONTACTOS (ID_TIPO_CONTACTO, ID_CLIENTE, CONTACTO)
    VALUES (4, 9, 'claudia_ponce');  

INSERT INTO CONTACTOS (ID_TIPO_CONTACTO, ID_CLIENTE, CONTACTO)
    VALUES (5, 10, 'd1eg0_almiron');  
	
-- PERSONAL 

INSERT INTO PERSONAL (ID_PERSONAL, NOMBRE, APELLIDO, FECHA_NAC, CALLE, NUMERO, ID_BARRIO, TIPO_DOC, NRO_DOC, ID_GENERO)
    VALUES (1, 'Laura', 'Ortiz', '1985-02-14', 'Av. Colón', 1656, 5, 1, '36124578', 2); 

INSERT INTO PERSONAL (ID_PERSONAL, NOMBRE, APELLIDO, FECHA_NAC, CALLE, NUMERO, ID_BARRIO, TIPO_DOC, NRO_DOC, ID_GENERO)
    VALUES (2, 'Carlos', 'La Fuente', '1979-08-22', 'Bv. San Juan', 742, 10, 1, '28104862', 1); 

INSERT INTO PERSONAL (ID_PERSONAL, NOMBRE, APELLIDO, FECHA_NAC, CALLE, NUMERO, ID_BARRIO, TIPO_DOC, NRO_DOC, ID_GENERO)
    VALUES (3, 'María', 'Manzano', '1990-05-10', 'Belgrano', 214, 5, 1, '34561434', 2); 

INSERT INTO PERSONAL (ID_PERSONAL, NOMBRE, APELLIDO, FECHA_NAC, CALLE, NUMERO, ID_BARRIO, TIPO_DOC, NRO_DOC, ID_GENERO, PSW)
    VALUES (4, 'José', 'Luque', '1987-12-05', 'Deán Funes', 89, 20, 1, '32426779', 1, 'Administrativo1'); 

INSERT INTO PERSONAL (ID_PERSONAL, NOMBRE, APELLIDO, FECHA_NAC, CALLE, NUMERO, ID_BARRIO, TIPO_DOC, NRO_DOC, ID_GENERO, PSW)
    VALUES (5, 'Analía', 'Morales', '1995-03-18', 'Av. General Paz', 450, 5, 1, '2901234', 2, 'Director1'); 

INSERT INTO PERSONAL (ID_PERSONAL, NOMBRE, APELLIDO, FECHA_NAC, CALLE, NUMERO, ID_BARRIO, TIPO_DOC, NRO_DOC, ID_GENERO)
    VALUES (6, 'Jorge', 'Cassini', '1982-11-23', 'Obispo Trejo', 789, 10, 1, '37121167', 1); 

INSERT INTO PERSONAL (ID_PERSONAL, NOMBRE, APELLIDO, FECHA_NAC, CALLE, NUMERO, ID_BARRIO, TIPO_DOC, NRO_DOC, ID_GENERO)
    VALUES (7, 'Claudia', 'Paviolo', '1975-06-30', 'San Lorenzo', 101, 15, 1, '26451234', 2);

INSERT INTO PERSONAL (ID_PERSONAL, NOMBRE, APELLIDO, FECHA_NAC, CALLE, NUMERO, ID_BARRIO, TIPO_DOC, NRO_DOC, ID_GENERO)
    VALUES (8, 'Diego', 'Silva', '1989-04-09', 'Av. Rafael Núñez', 1129, 10, 1, '35891234', 1); 

INSERT INTO PERSONAL (ID_PERSONAL, NOMBRE, APELLIDO, FECHA_NAC, CALLE, NUMERO, ID_BARRIO, TIPO_DOC, NRO_DOC, ID_GENERO, PSW)
    VALUES (9, 'Elena', 'Fuseneco', '1988-09-17', 'Caseros', 557, 45, 1, '22339542', 3, 'Analista1'); 

INSERT INTO PERSONAL (ID_PERSONAL, NOMBRE, APELLIDO, FECHA_NAC, CALLE, NUMERO, ID_BARRIO, TIPO_DOC, NRO_DOC, ID_GENERO)
    VALUES (10, 'Pablo', 'Videla', '1993-07-15', 'Buenos Aires', 321, 40, 1, '37451834', 1);

--CONTACTOS PERSONAL
INSERT INTO CONTACTOS (ID_TIPO_CONTACTO, ID_PERSONAL, CONTACTO)
    VALUES (2, 1, '01145326779');

INSERT INTO CONTACTOS (ID_TIPO_CONTACTO, ID_PERSONAL, CONTACTO)
    VALUES (3, 2, 'c.la.fuente@yahii.com');

INSERT INTO CONTACTOS (ID_TIPO_CONTACTO, ID_PERSONAL, CONTACTO)
    VALUES (2, 3, '01148661137');

INSERT INTO CONTACTOS (ID_TIPO_CONTACTO, ID_PERSONAL, CONTACTO)
    VALUES (3, 4, 'jose.luque@jmail.com');

INSERT INTO CONTACTOS (ID_TIPO_CONTACTO, ID_PERSONAL, CONTACTO)
    VALUES (2, 5, '01145857592');

INSERT INTO CONTACTOS (ID_TIPO_CONTACTO, ID_PERSONAL, CONTACTO)
    VALUES (3, 6, 'jorge.cassini@proton.com');

INSERT INTO CONTACTOS (ID_TIPO_CONTACTO, ID_PERSONAL, CONTACTO)
    VALUES (2, 7, '01148623901');

INSERT INTO CONTACTOS (ID_TIPO_CONTACTO, ID_PERSONAL, CONTACTO)
    VALUES (3, 8, 'diego.silva@mail.com');

INSERT INTO CONTACTOS (ID_TIPO_CONTACTO, ID_PERSONAL, CONTACTO)
    VALUES (2, 9, '01143385912');

INSERT INTO CONTACTOS (ID_TIPO_CONTACTO, ID_PERSONAL, CONTACTO)
    VALUES (3, 10, 'pablo.videla@yahee.com');



---
---- ESPECIALIDADES

INSERT INTO ESPECIALIDADES(ID_TIPO_ESPECIALIDAD, ESPECIALIDAD)
			VALUES(1, 'Kinesiología Motora');
INSERT INTO ESPECIALIDADES(ID_TIPO_ESPECIALIDAD, ESPECIALIDAD)
			VALUES(2, 'Kinesiología Respiratoria');
INSERT INTO ESPECIALIDADES(ID_TIPO_ESPECIALIDAD, ESPECIALIDAD)
			VALUES(3, 'Médico clínico');
INSERT INTO ESPECIALIDADES(ID_TIPO_ESPECIALIDAD, ESPECIALIDAD)
			VALUES(4, 'Cardiología');
INSERT INTO ESPECIALIDADES(ID_TIPO_ESPECIALIDAD, ESPECIALIDAD)
			VALUES(5, 'Otorrinolaringología');
INSERT INTO ESPECIALIDADES(ID_TIPO_ESPECIALIDAD, ESPECIALIDAD)
			VALUES(6, 'Pediatría');
INSERT INTO ESPECIALIDADES(ID_TIPO_ESPECIALIDAD, ESPECIALIDAD)
			VALUES(7, 'Dermatología');
INSERT INTO ESPECIALIDADES(ID_TIPO_ESPECIALIDAD, ESPECIALIDAD)
			VALUES(8, 'Neurología');
INSERT INTO ESPECIALIDADES(ID_TIPO_ESPECIALIDAD, ESPECIALIDAD)
			VALUES(9, 'Endocrinología');
INSERT INTO ESPECIALIDADES(ID_TIPO_ESPECIALIDAD, ESPECIALIDAD)
			VALUES(10, 'Ginecología');
INSERT INTO ESPECIALIDADES(ID_TIPO_ESPECIALIDAD, ESPECIALIDAD)
			VALUES(11, 'Oftalmología');
INSERT INTO ESPECIALIDADES(ID_TIPO_ESPECIALIDAD, ESPECIALIDAD)
			VALUES(12, 'Psiquiatría');

---
---- MEDICOS
INSERT INTO MEDICOS (MATRICULA, NOMBRE, APELLIDO, ID_TIPO_ESPECIALIDAD)
			VALUES('19882fc', 'Santiago', 'Caffera', 3);
INSERT INTO MEDICOS (MATRICULA, NOMBRE, APELLIDO, ID_TIPO_ESPECIALIDAD)
			VALUES('82893YYT', 'Mariana', 'Gonzalez', 2);
INSERT INTO MEDICOS (MATRICULA, NOMBRE, APELLIDO, ID_TIPO_ESPECIALIDAD)
			VALUES('1982A1c', 'Eduardo', 'Lopez', 4);
INSERT INTO MEDICOS (MATRICULA, NOMBRE, APELLIDO, ID_TIPO_ESPECIALIDAD)
			VALUES('AASD122', 'Leonardo', 'Rodriguez', 1);
INSERT INTO MEDICOS (MATRICULA, NOMBRE, APELLIDO, ID_TIPO_ESPECIALIDAD)
			VALUES('QQW4431', 'Bianca', 'Martínez', 5);
INSERT INTO MEDICOS (MATRICULA, NOMBRE, APELLIDO, ID_TIPO_ESPECIALIDAD)
			VALUES('9876AJU', 'Laura', 'Medina', 6);
INSERT INTO MEDICOS (MATRICULA, NOMBRE, APELLIDO, ID_TIPO_ESPECIALIDAD)
			VALUES('AB123CD', 'Marcela', 'Domínguez', 7);
INSERT INTO MEDICOS (MATRICULA, NOMBRE, APELLIDO, ID_TIPO_ESPECIALIDAD)
			VALUES('XY987ZY', 'Carlos', 'Pérez', 8);
INSERT INTO MEDICOS (MATRICULA, NOMBRE, APELLIDO, ID_TIPO_ESPECIALIDAD)
			VALUES('RT456YU', 'Alicia', 'Figueroa', 9);
INSERT INTO MEDICOS (MATRICULA, NOMBRE, APELLIDO, ID_TIPO_ESPECIALIDAD)
			VALUES('LK321OP', 'Valeria', 'Ortiz', 10);
INSERT INTO MEDICOS (MATRICULA, NOMBRE, APELLIDO, ID_TIPO_ESPECIALIDAD)
			VALUES('MN654QW', 'Roberto', 'Mendoza', 11);
INSERT INTO MEDICOS (MATRICULA, NOMBRE, APELLIDO, ID_TIPO_ESPECIALIDAD)
			VALUES('ZX987CV', 'Gabriela', 'Torres', 12);
INSERT INTO MEDICOS (MATRICULA, NOMBRE, APELLIDO, ID_TIPO_ESPECIALIDAD)
			VALUES('HJ234LK', 'Matías', 'Fernández', 1);  
INSERT INTO MEDICOS (MATRICULA, NOMBRE, APELLIDO, ID_TIPO_ESPECIALIDAD)
			VALUES('UY567OP', 'Nadia', 'Ramírez', 2); 
INSERT INTO MEDICOS (MATRICULA, NOMBRE, APELLIDO, ID_TIPO_ESPECIALIDAD)
			VALUES('DF789RT', 'Joaquín', 'Gómez', 3);  
INSERT INTO MEDICOS (MATRICULA, NOMBRE, APELLIDO, ID_TIPO_ESPECIALIDAD)
			VALUES('GH123CV', 'Estefanía', 'Herrera', 4);  
INSERT INTO MEDICOS (MATRICULA, NOMBRE, APELLIDO, ID_TIPO_ESPECIALIDAD)
			VALUES('LO456UI', 'Sofía', 'Mendoza', 5);  
INSERT INTO MEDICOS (MATRICULA, NOMBRE, APELLIDO, ID_TIPO_ESPECIALIDAD)
			VALUES('JK789ZX', 'Ignacio', 'Sosa', 6);  
INSERT INTO MEDICOS (MATRICULA, NOMBRE, APELLIDO, ID_TIPO_ESPECIALIDAD)
			VALUES('WE234MN', 'Florencia', 'Silva', 7);  
INSERT INTO MEDICOS (MATRICULA, NOMBRE, APELLIDO, ID_TIPO_ESPECIALIDAD)
			VALUES('QP123AS', 'Tomás', 'Ibarra', 8);  
INSERT INTO MEDICOS (MATRICULA, NOMBRE, APELLIDO, ID_TIPO_ESPECIALIDAD)
			VALUES('ZX567FG', 'Carolina', 'Vega', 9);  
INSERT INTO MEDICOS (MATRICULA, NOMBRE, APELLIDO, ID_TIPO_ESPECIALIDAD)
			VALUES('AS987TY', 'Lucas', 'Navarro', 10);  


---
---- COBERTURAS

INSERT INTO TIPOS_COBERTURAS(ID_TIPO_COBERTURA, ID_OBRA_SOCIAL, DESCRIPCION, DESCUENTO)
			VALUES(1, 1, 'Smg30', 0.20)
INSERT INTO TIPOS_COBERTURAS(ID_TIPO_COBERTURA, ID_OBRA_SOCIAL, DESCRIPCION, DESCUENTO)
			VALUES(2, 1, 'Smg50', 0.25)
INSERT INTO TIPOS_COBERTURAS(ID_TIPO_COBERTURA, ID_OBRA_SOCIAL, DESCRIPCION, DESCUENTO)
			VALUES(3, 1, 'Smg70', 0.30)
INSERT INTO TIPOS_COBERTURAS(ID_TIPO_COBERTURA, ID_OBRA_SOCIAL, DESCRIPCION, DESCUENTO)
			VALUES(4, 1, 'Smg90', 0.35)
INSERT INTO TIPOS_COBERTURAS(ID_TIPO_COBERTURA, ID_OBRA_SOCIAL, DESCRIPCION, DESCUENTO)
			VALUES(5, 2, 'OSTACC 3.0', 0.10)		
INSERT INTO TIPOS_COBERTURAS(ID_TIPO_COBERTURA, ID_OBRA_SOCIAL, DESCRIPCION,DESCUENTO)
			VALUES(6, 2, 'OSTACC 310',0.15)
INSERT INTO TIPOS_COBERTURAS(ID_TIPO_COBERTURA, ID_OBRA_SOCIAL, DESCRIPCION,DESCUENTO)
			VALUES(7, 2, 'OSTACC 320',0.25)
INSERT INTO TIPOS_COBERTURAS(ID_TIPO_COBERTURA, ID_OBRA_SOCIAL, DESCRIPCION,DESCUENTO)
			VALUES(8, 7, 'PAMI',0.20)
INSERT INTO TIPOS_COBERTURAS(ID_TIPO_COBERTURA, ID_OBRA_SOCIAL, DESCRIPCION,DESCUENTO)
			VALUES(9, 5, '210',0.15)
INSERT INTO TIPOS_COBERTURAS(ID_TIPO_COBERTURA, ID_OBRA_SOCIAL, DESCRIPCION,DESCUENTO)
			VALUES(10, 5, '310',0.25)
INSERT INTO TIPOS_COBERTURAS(ID_TIPO_COBERTURA, ID_OBRA_SOCIAL, DESCRIPCION,DESCUENTO)
			VALUES(11, 5, '410',0.3)
INSERT INTO TIPOS_COBERTURAS(ID_TIPO_COBERTURA, ID_OBRA_SOCIAL, DESCRIPCION,DESCUENTO)
			VALUES(12,3,'MEDIFÉ+',0.60)
INSERT INTO TIPOS_COBERTURAS(ID_TIPO_COBERTURA, ID_OBRA_SOCIAL, DESCRIPCION,DESCUENTO)
			VALUES(13,3,'BRONCE',0.20)
INSERT INTO TIPOS_COBERTURAS(ID_TIPO_COBERTURA, ID_OBRA_SOCIAL, DESCRIPCION,DESCUENTO)
			VALUES(14,3,'PLATA',0.30)
INSERT INTO TIPOS_COBERTURAS(ID_TIPO_COBERTURA, ID_OBRA_SOCIAL, DESCRIPCION,DESCUENTO)
			VALUES(15,3,'ORO',0.40)
INSERT INTO TIPOS_COBERTURAS(ID_TIPO_COBERTURA, ID_OBRA_SOCIAL, DESCRIPCION, DESCUENTO)
			VALUES(16,6,'DASPU', 0.15)
INSERT INTO TIPOS_COBERTURAS(ID_TIPO_COBERTURA, ID_OBRA_SOCIAL, DESCRIPCION, DESCUENTO)
			VALUES(17,4,'SANCOR 100', 0.10)
INSERT INTO TIPOS_COBERTURAS(ID_TIPO_COBERTURA, ID_OBRA_SOCIAL, DESCRIPCION, DESCUENTO)
			VALUES(18,4,'SANCOR 200', 0.20)
INSERT INTO TIPOS_COBERTURAS(ID_TIPO_COBERTURA, ID_OBRA_SOCIAL, DESCRIPCION, DESCUENTO)
			VALUES(19,4,'SANCOR 300', 0.30)
INSERT INTO TIPOS_COBERTURAS(ID_TIPO_COBERTURA, ID_OBRA_SOCIAL, DESCRIPCION, DESCUENTO)
			VALUES(20,8,'Sin cobertura', 0)

---
---- EMPRESAS LOGISTICAS
INSERT INTO EMPRESA_LOGISTICA(CUIT, NOMBRE_EMPRESA, CALLE, NUMERO, ID_BARRIO)
						VALUES('29172635541', 'Log-In Farma', 'Ing. Eifel', 4180, 60);
INSERT INTO EMPRESA_LOGISTICA(CUIT, NOMBRE_EMPRESA, CALLE, NUMERO, ID_BARRIO)
						VALUES('22198273651', 'DT Logística', 'Portela', 2331, 65);
INSERT INTO EMPRESA_LOGISTICA(CUIT, NOMBRE_EMPRESA, CALLE, NUMERO, ID_BARRIO)
						VALUES('25982761252', 'Caddy', 'Reconquista', 4986, 70);

---
---- CONTACTOS LOGISTICAS

INSERT INTO CONTACTOS (ID_TIPO_CONTACTO, ID_PERSONAL, ID_PROVEEDOR,ID_LOGISTICA, ID_ESTABLECIMIENTO, ID_CLIENTE, CONTACTO)
VALUES (1, NULL,NULL,'29172635541',NULL,NULL,'+54 1128230307');

INSERT INTO CONTACTOS (ID_TIPO_CONTACTO, ID_PERSONAL, ID_PROVEEDOR,ID_LOGISTICA, ID_ESTABLECIMIENTO, ID_CLIENTE, CONTACTO)
VALUES (3, NULL,NULL,'29172635541',NULL,NULL,'nfo@log-in.com.ar');

INSERT INTO CONTACTOS (ID_TIPO_CONTACTO, ID_PERSONAL, ID_PROVEEDOR,ID_LOGISTICA, ID_ESTABLECIMIENTO, ID_CLIENTE, CONTACTO)
VALUES (1, NULL,NULL,'22198273651',NULL,NULL,'+54 11 4849 2310');

INSERT INTO CONTACTOS (ID_TIPO_CONTACTO, ID_PERSONAL, ID_PROVEEDOR,ID_LOGISTICA, ID_ESTABLECIMIENTO, ID_CLIENTE, CONTACTO)
VALUES (3, NULL,NULL,'22198273651',NULL,NULL,'comercial@dtlogistica.com.ar');

INSERT INTO CONTACTOS (ID_TIPO_CONTACTO, ID_PERSONAL, ID_PROVEEDOR,ID_LOGISTICA, ID_ESTABLECIMIENTO, ID_CLIENTE, CONTACTO)
VALUES (1, NULL,NULL,'25982761252',NULL,NULL,'+54 (351) 5578320');

INSERT INTO CONTACTOS (ID_TIPO_CONTACTO, ID_PERSONAL, ID_PROVEEDOR,ID_LOGISTICA, ID_ESTABLECIMIENTO, ID_CLIENTE, CONTACTO)
VALUES (3, NULL,NULL,'25982761252',NULL,NULL,'hola@caddy.com.ar');




--ESTABLECIMIENTOS

INSERT INTO ESTABLECIMIENTOS (ID_ESTABLECIMIENTO,NOMBRE,CALLE,NUMERO,ID_BARRIO)
	VALUES(1,'Marbe S.A.','Humberto 1', 555, 10);

INSERT INTO ESTABLECIMIENTOS (ID_ESTABLECIMIENTO,NOMBRE,CALLE,NUMERO,ID_BARRIO)
	VALUES(2,'Finadiet','Fray Mamerto Esquiú', 68, 5);

INSERT INTO ESTABLECIMIENTOS (ID_ESTABLECIMIENTO,NOMBRE,CALLE,NUMERO,ID_BARRIO)
	VALUES(3,'Lazar','Arturo Illia Boulevard', 300, 15);

INSERT INTO ESTABLECIMIENTOS (ID_ESTABLECIMIENTO,NOMBRE,CALLE,NUMERO,ID_BARRIO)
	VALUES(4,'Dispromed','Octavio Pinto', 2433, 20);

INSERT INTO ESTABLECIMIENTOS (ID_ESTABLECIMIENTO,NOMBRE,CALLE,NUMERO,ID_BARRIO)
	VALUES(5,'Cofarsur','Juan Rodríguez', 1419, 25);

INSERT INTO ESTABLECIMIENTOS (ID_ESTABLECIMIENTO,NOMBRE,CALLE,NUMERO,ID_BARRIO)
	VALUES(6,'Luar','Hualfin', 359, 25);

INSERT INTO ESTABLECIMIENTOS (ID_ESTABLECIMIENTO,NOMBRE,CALLE,NUMERO,ID_BARRIO)
	VALUES(7,'Nueva Villa S.R.L.','Congreso', 5476, 5);

--CONTACTOS
INSERT INTO CONTACTOS(ID_TIPO_CONTACTO,ID_ESTABLECIMIENTO,CONTACTO)
	VALUES(2,1,'4371244');
	
INSERT INTO CONTACTOS(ID_TIPO_CONTACTO,ID_ESTABLECIMIENTO,CONTACTO)
	VALUES(1,2,'3517123874');
	
INSERT INTO CONTACTOS(ID_TIPO_CONTACTO,ID_ESTABLECIMIENTO,CONTACTO)
	VALUES(3,3,'TuFarmaceutica@gmail.com');
	
INSERT INTO CONTACTOS(ID_TIPO_CONTACTO,ID_ESTABLECIMIENTO,CONTACTO)
	VALUES(1,4,'351540038');
	
INSERT INTO CONTACTOS(ID_TIPO_CONTACTO,ID_ESTABLECIMIENTO,CONTACTO)
	VALUES(2,5,'4248940');
	
INSERT INTO CONTACTOS(ID_TIPO_CONTACTO,ID_ESTABLECIMIENTO,CONTACTO)
	VALUES(3,6,'MedicamentosYa@gmail.com');

INSERT INTO CONTACTOS(ID_TIPO_CONTACTO,ID_ESTABLECIMIENTO,CONTACTO)
	VALUES(1,7,'3511100234');






---
---- LABORATORIOS 
INSERT INTO LABORATORIOS (ID_LABORATORIO, NOMBRE_LABORATORIO) VALUES(1,'HOSPITALARIO')
INSERT INTO LABORATORIOS (ID_LABORATORIO, NOMBRE_LABORATORIO) VALUES(2,'AUSTRAL')
INSERT INTO LABORATORIOS (ID_LABORATORIO, NOMBRE_LABORATORIO) VALUES(3,'ROSPAW')
INSERT INTO LABORATORIOS (ID_LABORATORIO, NOMBRE_LABORATORIO) VALUES(4,'KLONAL')
INSERT INTO LABORATORIOS (ID_LABORATORIO, NOMBRE_LABORATORIO) VALUES(5,'BAYER')
INSERT INTO LABORATORIOS (ID_LABORATORIO, NOMBRE_LABORATORIO) VALUES(6,'ADROMACO')
INSERT INTO LABORATORIOS (ID_LABORATORIO, NOMBRE_LABORATORIO) VALUES(7,'LAFEDAR')
INSERT INTO LABORATORIOS (ID_LABORATORIO, NOMBRE_LABORATORIO) VALUES(8,'HLB PHARMA')
INSERT INTO LABORATORIOS (ID_LABORATORIO, NOMBRE_LABORATORIO) VALUES(9,'LAB INTERNACION')
INSERT INTO LABORATORIOS (ID_LABORATORIO, NOMBRE_LABORATORIO) VALUES(10,'OPELLA HEALTHCARE ARG')
INSERT INTO LABORATORIOS (ID_LABORATORIO, NOMBRE_LABORATORIO) VALUES(11,'ISA')
INSERT INTO LABORATORIOS (ID_LABORATORIO, NOMBRE_LABORATORIO) VALUES(12,'BETA')
INSERT INTO LABORATORIOS (ID_LABORATORIO, NOMBRE_LABORATORIO) VALUES(13,'GENOMMA LAB.')
INSERT INTO LABORATORIOS (ID_LABORATORIO, NOMBRE_LABORATORIO) VALUES(14,'RAYMOS-MEGALABS ARGENTINA')
INSERT INTO LABORATORIOS (ID_LABORATORIO, NOMBRE_LABORATORIO) VALUES(15,'ETUMINA')
INSERT INTO LABORATORIOS (ID_LABORATORIO, NOMBRE_LABORATORIO) VALUES(16,'VANNIER')
INSERT INTO LABORATORIOS (ID_LABORATORIO, NOMBRE_LABORATORIO) VALUES(17,'MONTPELLIER')
INSERT INTO LABORATORIOS (ID_LABORATORIO, NOMBRE_LABORATORIO) VALUES(18,'LAZAR')
INSERT INTO LABORATORIOS (ID_LABORATORIO, NOMBRE_LABORATORIO) VALUES(19,'VECETAM')
INSERT INTO LABORATORIOS (ID_LABORATORIO, NOMBRE_LABORATORIO) VALUES(20,'DENVER')
INSERT INTO LABORATORIOS (ID_LABORATORIO, NOMBRE_LABORATORIO) VALUES(21,'DENVER FARMA')
INSERT INTO LABORATORIOS (ID_LABORATORIO, NOMBRE_LABORATORIO) VALUES(22,'LAGOTRAN')
INSERT INTO LABORATORIOS (ID_LABORATORIO, NOMBRE_LABORATORIO) VALUES(23,'BIOTECHNO PHARM')
INSERT INTO LABORATORIOS (ID_LABORATORIO, NOMBRE_LABORATORIO) VALUES(24,'MICROSULES ARG.')
INSERT INTO LABORATORIOS (ID_LABORATORIO, NOMBRE_LABORATORIO) VALUES(25,'ROEMMERS')
INSERT INTO LABORATORIOS (ID_LABORATORIO, NOMBRE_LABORATORIO) VALUES(26,'ELEA')
INSERT INTO LABORATORIOS (ID_LABORATORIO, NOMBRE_LABORATORIO) VALUES(27,'VENT 3')
INSERT INTO LABORATORIOS (ID_LABORATORIO, NOMBRE_LABORATORIO) VALUES(28,'MONSERRAT')
INSERT INTO LABORATORIOS (ID_LABORATORIO, NOMBRE_LABORATORIO) VALUES(29,'CLOPIXOL DEPOT')
INSERT INTO LABORATORIOS (ID_LABORATORIO, NOMBRE_LABORATORIO) VALUES(30,'MEDISOL')
INSERT INTO LABORATORIOS (ID_LABORATORIO, NOMBRE_LABORATORIO) VALUES(31,'FECOFAR')
INSERT INTO LABORATORIOS (ID_LABORATORIO, NOMBRE_LABORATORIO) VALUES(32,'EPILACAM')
INSERT INTO LABORATORIOS (ID_LABORATORIO, NOMBRE_LABORATORIO) VALUES(33,'DOMINGUEZ')
INSERT INTO LABORATORIOS (ID_LABORATORIO, NOMBRE_LABORATORIO) VALUES(34,'BAGÓ')
INSERT INTO LABORATORIOS (ID_LABORATORIO, NOMBRE_LABORATORIO) VALUES(35,'SIEGFRIED')
INSERT INTO LABORATORIOS (ID_LABORATORIO, NOMBRE_LABORATORIO) VALUES(36,'DUNCAN')
INSERT INTO LABORATORIOS (ID_LABORATORIO, NOMBRE_LABORATORIO) VALUES(37,'FABRA')
INSERT INTO LABORATORIOS (ID_LABORATORIO, NOMBRE_LABORATORIO) VALUES(38,'EUROLAB')
INSERT INTO LABORATORIOS (ID_LABORATORIO, NOMBRE_LABORATORIO) VALUES(39,'SANITAS')
INSERT INTO LABORATORIOS (ID_LABORATORIO, NOMBRE_LABORATORIO) VALUES(40,'ARISDAR')
INSERT INTO LABORATORIOS (ID_LABORATORIO, NOMBRE_LABORATORIO) VALUES(41,'ENABRAN')
INSERT INTO LABORATORIOS (ID_LABORATORIO, NOMBRE_LABORATORIO) VALUES(42,'TRB-PHARMA')
INSERT INTO LABORATORIOS (ID_LABORATORIO, NOMBRE_LABORATORIO) VALUES(43,'UNILEVER')
INSERT INTO LABORATORIOS (ID_LABORATORIO, NOMBRE_LABORATORIO) VALUES(44,'RICHET')
INSERT INTO LABORATORIOS (ID_LABORATORIO, NOMBRE_LABORATORIO) VALUES(45,'NORGREEN')
INSERT INTO LABORATORIOS (ID_LABORATORIO, NOMBRE_LABORATORIO) VALUES(46,'SOUBEIRAN CHOBET')
INSERT INTO LABORATORIOS (ID_LABORATORIO, NOMBRE_LABORATORIO) VALUES(47,'NOVARTIS')
INSERT INTO LABORATORIOS (ID_LABORATORIO, NOMBRE_LABORATORIO) VALUES(48,'RONTAG')
INSERT INTO LABORATORIOS (ID_LABORATORIO, NOMBRE_LABORATORIO) VALUES(49,'LOGICAL')
INSERT INTO LABORATORIOS (ID_LABORATORIO, NOMBRE_LABORATORIO) VALUES(50,'AEROSPACER')
INSERT INTO LABORATORIOS (ID_LABORATORIO, NOMBRE_LABORATORIO) VALUES(51,'CASSARA')
INSERT INTO LABORATORIOS (ID_LABORATORIO, NOMBRE_LABORATORIO) VALUES(52,'PANALAB')

---
---- MONODROGAS
INSERT INTO MONODROGAS (ID_MONODROGA, MONODROGA) VALUES(1,'ACICLOVIR')
INSERT INTO MONODROGAS (ID_MONODROGA, MONODROGA) VALUES(2,'ACIDO FOLICO')
INSERT INTO MONODROGAS (ID_MONODROGA, MONODROGA) VALUES(3,'ACIDO FUSIDICO')
INSERT INTO MONODROGAS (ID_MONODROGA, MONODROGA) VALUES(4,'ACIDO FUSIDICO 2%')
INSERT INTO MONODROGAS (ID_MONODROGA, MONODROGA) VALUES(5,'ACIDO VALPROICO 5GR/100ML')
INSERT INTO MONODROGAS (ID_MONODROGA, MONODROGA) VALUES(6,'AEROCAMARA  ADULTO')
INSERT INTO MONODROGAS (ID_MONODROGA, MONODROGA) VALUES(7,'AEROCAMARA PEDIATRICA')
INSERT INTO MONODROGAS (ID_MONODROGA, MONODROGA) VALUES(8,'ALPRAZOLAM')
INSERT INTO MONODROGAS (ID_MONODROGA, MONODROGA) VALUES(9,'AMBROXOL + LORATADINA')
INSERT INTO MONODROGAS (ID_MONODROGA, MONODROGA) VALUES(10,'AMITRIPTILINA')
INSERT INTO MONODROGAS (ID_MONODROGA, MONODROGA) VALUES(11,'AMLODIPINA')
INSERT INTO MONODROGAS (ID_MONODROGA, MONODROGA) VALUES(12,'AMOXICILINA')
INSERT INTO MONODROGAS (ID_MONODROGA, MONODROGA) VALUES(13,'AMOXICILINA 250 MG + ACIDO CLAVULANICO 62,5 MG  ')
INSERT INTO MONODROGAS (ID_MONODROGA, MONODROGA) VALUES(14,'AMOXICILINA 500')
INSERT INTO MONODROGAS (ID_MONODROGA, MONODROGA) VALUES(15,'AMOXICILINA 500 MG + ACIDO CLAVULANICO 125 MG')
INSERT INTO MONODROGAS (ID_MONODROGA, MONODROGA) VALUES(16,'AMOXICILINA 500 MG + ACIDO CLAVULANICO 125 MG ')
INSERT INTO MONODROGAS (ID_MONODROGA, MONODROGA) VALUES(17,'AMOXICILINA 875 MG + ACIDO CLAVULANICO 125 MG')
INSERT INTO MONODROGAS (ID_MONODROGA, MONODROGA) VALUES(18,'AMOXICILINA 875 MG + ACIDO CLAVULANICO 125 MG ')
INSERT INTO MONODROGAS (ID_MONODROGA, MONODROGA) VALUES(19,'ANTIGRIPAL  (PARACET + BROMHE +CAFEIN + CLORFENIR )')
INSERT INTO MONODROGAS (ID_MONODROGA, MONODROGA) VALUES(20,'ANTIGRIPAL (PARACETAMOL +BROMHEXINA +PSEUDOEFREDINA +CLOFENIRONA )')
INSERT INTO MONODROGAS (ID_MONODROGA, MONODROGA) VALUES(21,'ANTIGRIPAL (PARACETAMOL+PSEUDOEFE+ASOC)')
INSERT INTO MONODROGAS (ID_MONODROGA, MONODROGA) VALUES(22,'ARIPIPRAZOL')
INSERT INTO MONODROGAS (ID_MONODROGA, MONODROGA) VALUES(23,'ASPIRINA')
INSERT INTO MONODROGAS (ID_MONODROGA, MONODROGA) VALUES(24,'ATENOLOL 50MG')
INSERT INTO MONODROGAS (ID_MONODROGA, MONODROGA) VALUES(25,'ATORVASTATINA 10 MG')
INSERT INTO MONODROGAS (ID_MONODROGA, MONODROGA) VALUES(26,'ATORVASTATINA 20 MG')
INSERT INTO MONODROGAS (ID_MONODROGA, MONODROGA) VALUES(27,'AZITROMICINA')
INSERT INTO MONODROGAS (ID_MONODROGA, MONODROGA) VALUES(28,'BETAMETASONA')
INSERT INTO MONODROGAS (ID_MONODROGA, MONODROGA) VALUES(29,'BETAMETASONA+ MICONAZOL+ GENTAMICINA')
INSERT INTO MONODROGAS (ID_MONODROGA, MONODROGA) VALUES(30,'BIPERIDENO ')
INSERT INTO MONODROGAS (ID_MONODROGA, MONODROGA) VALUES(31,'BISMUTO + PECTINA')
INSERT INTO MONODROGAS (ID_MONODROGA, MONODROGA) VALUES(32,'BISOPROLOL 5MG')
INSERT INTO MONODROGAS (ID_MONODROGA, MONODROGA) VALUES(33,'BUDESONIDE')
INSERT INTO MONODROGAS (ID_MONODROGA, MONODROGA) VALUES(34,'BUTETAMATO CITRATO 0.10GR - CLORURO DE AMONIO 1GR - ETER GLICERIL GUAYACOLICO 1GR')
INSERT INTO MONODROGAS (ID_MONODROGA, MONODROGA) VALUES(35,'CARBAMAZEPINA')
INSERT INTO MONODROGAS (ID_MONODROGA, MONODROGA) VALUES(36,'CARVEDILOL')
INSERT INTO MONODROGAS (ID_MONODROGA, MONODROGA) VALUES(37,'CEFALEXINA')
INSERT INTO MONODROGAS (ID_MONODROGA, MONODROGA) VALUES(38,'CEFALEXINA 500 MG FABRA SUSP')
INSERT INTO MONODROGAS (ID_MONODROGA, MONODROGA) VALUES(39,'CEFTRIAXONA')
INSERT INTO MONODROGAS (ID_MONODROGA, MONODROGA) VALUES(40,'CIPROFLOXACINA 500 MG')
INSERT INTO MONODROGAS (ID_MONODROGA, MONODROGA) VALUES(41,'CLARITROMICINA')
INSERT INTO MONODROGAS (ID_MONODROGA, MONODROGA) VALUES(42,'CLINDAMICINA ')
INSERT INTO MONODROGAS (ID_MONODROGA, MONODROGA) VALUES(43,'CLONAZEPAM ')
INSERT INTO MONODROGAS (ID_MONODROGA, MONODROGA) VALUES(44,'CLOTIAPINA ')
INSERT INTO MONODROGAS (ID_MONODROGA, MONODROGA) VALUES(45,'CLOTRIMAZOL 1%')
INSERT INTO MONODROGAS (ID_MONODROGA, MONODROGA) VALUES(46,'DIAZEPAM')
INSERT INTO MONODROGAS (ID_MONODROGA, MONODROGA) VALUES(47,'DICLOFENAX')
INSERT INTO MONODROGAS (ID_MONODROGA, MONODROGA) VALUES(48,'DIETILTOLUAMIDA 7.5%')
INSERT INTO MONODROGAS (ID_MONODROGA, MONODROGA) VALUES(49,'DIFENHIDRAMINA')
INSERT INTO MONODROGAS (ID_MONODROGA, MONODROGA) VALUES(50,'DIPIRONA')
INSERT INTO MONODROGAS (ID_MONODROGA, MONODROGA) VALUES(51,'DIVALPROATO DE SODIO')
INSERT INTO MONODROGAS (ID_MONODROGA, MONODROGA) VALUES(52,'DOXICICLINA')
INSERT INTO MONODROGAS (ID_MONODROGA, MONODROGA) VALUES(53,'DULOXETINA')
INSERT INTO MONODROGAS (ID_MONODROGA, MONODROGA) VALUES(54,'ENALAPRIL')
INSERT INTO MONODROGAS (ID_MONODROGA, MONODROGA) VALUES(55,'ERITROMICINA')
INSERT INTO MONODROGAS (ID_MONODROGA, MONODROGA) VALUES(56,'ESCITALOPRAM')
INSERT INTO MONODROGAS (ID_MONODROGA, MONODROGA) VALUES(57,'ESPIRONOLACTONA')
INSERT INTO MONODROGAS (ID_MONODROGA, MONODROGA) VALUES(58,'FENITOINA SODICA')
INSERT INTO MONODROGAS (ID_MONODROGA, MONODROGA) VALUES(59,'FENOBARBITAL')
INSERT INTO MONODROGAS (ID_MONODROGA, MONODROGA) VALUES(60,'FLUCONAZOL')
INSERT INTO MONODROGAS (ID_MONODROGA, MONODROGA) VALUES(61,'FLUOXETINA ')
INSERT INTO MONODROGAS (ID_MONODROGA, MONODROGA) VALUES(62,'FOSFOMICINA TROMETAMOL')
INSERT INTO MONODROGAS (ID_MONODROGA, MONODROGA) VALUES(63,'FUROSEMIDA')
INSERT INTO MONODROGAS (ID_MONODROGA, MONODROGA) VALUES(64,'GLICLAZIDA')
INSERT INTO MONODROGAS (ID_MONODROGA, MONODROGA) VALUES(65,'HALOPERIDOL')
INSERT INTO MONODROGAS (ID_MONODROGA, MONODROGA) VALUES(66,'HALOPERIDOL DECANOATO')
INSERT INTO MONODROGAS (ID_MONODROGA, MONODROGA) VALUES(67,'HIDROCLOROTIAZIDA')
INSERT INTO MONODROGAS (ID_MONODROGA, MONODROGA) VALUES(68,'HIERRO 40MG + AC FOLICO 0.25MG')
INSERT INTO MONODROGAS (ID_MONODROGA, MONODROGA) VALUES(69,'HIERRO SULFATO')
INSERT INTO MONODROGAS (ID_MONODROGA, MONODROGA) VALUES(70,'HIOSCINA BUTIL BROMURO + PARACETAMOL')
INSERT INTO MONODROGAS (ID_MONODROGA, MONODROGA) VALUES(71,'IBUPROFENO')
INSERT INTO MONODROGAS (ID_MONODROGA, MONODROGA) VALUES(72,'IPRATROPIO')
INSERT INTO MONODROGAS (ID_MONODROGA, MONODROGA) VALUES(73,'IVERMECTINA')
INSERT INTO MONODROGAS (ID_MONODROGA, MONODROGA) VALUES(74,'IVERTAL')
INSERT INTO MONODROGAS (ID_MONODROGA, MONODROGA) VALUES(75,'LAGOTRAN')
INSERT INTO MONODROGAS (ID_MONODROGA, MONODROGA) VALUES(76,'LAMOTRIGINA')
INSERT INTO MONODROGAS (ID_MONODROGA, MONODROGA) VALUES(77,'LEVETIRACETAM')
INSERT INTO MONODROGAS (ID_MONODROGA, MONODROGA) VALUES(78,'LEVOFLOXACINA')
INSERT INTO MONODROGAS (ID_MONODROGA, MONODROGA) VALUES(79,'LEVOMEPROMAZINA')
INSERT INTO MONODROGAS (ID_MONODROGA, MONODROGA) VALUES(80,'LEVOTIROXINA')
INSERT INTO MONODROGAS (ID_MONODROGA, MONODROGA) VALUES(81,'LIVOPEN SPORTS AEROSOL NARANJA')
INSERT INTO MONODROGAS (ID_MONODROGA, MONODROGA) VALUES(82,'LORATADINA')
INSERT INTO MONODROGAS (ID_MONODROGA, MONODROGA) VALUES(83,'LORAZEPAM')
INSERT INTO MONODROGAS (ID_MONODROGA, MONODROGA) VALUES(84,'LOSARTAN')
INSERT INTO MONODROGAS (ID_MONODROGA, MONODROGA) VALUES(85,'MEBENDAZOL')
INSERT INTO MONODROGAS (ID_MONODROGA, MONODROGA) VALUES(86,'MEPREDNISONA')
INSERT INTO MONODROGAS (ID_MONODROGA, MONODROGA) VALUES(87,'METFORMINA')
INSERT INTO MONODROGAS (ID_MONODROGA, MONODROGA) VALUES(88,'METOCLOPRAMIDA ADULTO')
INSERT INTO MONODROGAS (ID_MONODROGA, MONODROGA) VALUES(89,'METOCLOPRAMIDA NIÑOS')
INSERT INTO MONODROGAS (ID_MONODROGA, MONODROGA) VALUES(90,'METRONIDAZOL')
INSERT INTO MONODROGAS (ID_MONODROGA, MONODROGA) VALUES(91,'MICONAZOL 2%')
INSERT INTO MONODROGAS (ID_MONODROGA, MONODROGA) VALUES(92,'MICONAZOL+ METRONIDAZOL')
INSERT INTO MONODROGAS (ID_MONODROGA, MONODROGA) VALUES(93,'MICOTRAL')
INSERT INTO MONODROGAS (ID_MONODROGA, MONODROGA) VALUES(94,'NISTATINA')
INSERT INTO MONODROGAS (ID_MONODROGA, MONODROGA) VALUES(95,'OLANZAPINA ')
INSERT INTO MONODROGAS (ID_MONODROGA, MONODROGA) VALUES(96,'OMEPRAZOL')
INSERT INTO MONODROGAS (ID_MONODROGA, MONODROGA) VALUES(97,'OXCARBAMAZEPINA')
INSERT INTO MONODROGAS (ID_MONODROGA, MONODROGA) VALUES(98,'PARACETAMOL')
INSERT INTO MONODROGAS (ID_MONODROGA, MONODROGA) VALUES(99,'PARACETAMOL 1GR')
INSERT INTO MONODROGAS (ID_MONODROGA, MONODROGA) VALUES(100,'PAROXETINA ')
INSERT INTO MONODROGAS (ID_MONODROGA, MONODROGA) VALUES(101,'PENICILINA G (2400000)')
INSERT INTO MONODROGAS (ID_MONODROGA, MONODROGA) VALUES(102,'PERMETRINA')
INSERT INTO MONODROGAS (ID_MONODROGA, MONODROGA) VALUES(103,'PERMETRINA + BENZOATO DE BENCILO + BENZOCAÍNA')
INSERT INTO MONODROGAS (ID_MONODROGA, MONODROGA) VALUES(104,'PERMETRINA+ASOC.')
INSERT INTO MONODROGAS (ID_MONODROGA, MONODROGA) VALUES(105,'POLIVITAMINICO')
INSERT INTO MONODROGAS (ID_MONODROGA, MONODROGA) VALUES(106,'PREGABALINA')
INSERT INTO MONODROGAS (ID_MONODROGA, MONODROGA) VALUES(107,'QUETIAPINA')
INSERT INTO MONODROGAS (ID_MONODROGA, MONODROGA) VALUES(108,'QUETIAPINA ')
INSERT INTO MONODROGAS (ID_MONODROGA, MONODROGA) VALUES(109,'REPELENTE DE INSECTOS')
INSERT INTO MONODROGAS (ID_MONODROGA, MONODROGA) VALUES(110,'RISPERIDONA')
INSERT INTO MONODROGAS (ID_MONODROGA, MONODROGA) VALUES(111,'ROSUVASTATINA 20 MG')
INSERT INTO MONODROGAS (ID_MONODROGA, MONODROGA) VALUES(112,'SALBUTAMOL')
INSERT INTO MONODROGAS (ID_MONODROGA, MONODROGA) VALUES(113,'SERTRALINA ')
INSERT INTO MONODROGAS (ID_MONODROGA, MONODROGA) VALUES(114,'SODIO, CLORURO + ASOC.')
INSERT INTO MONODROGAS (ID_MONODROGA, MONODROGA) VALUES(115,'SODIO,CLORURO+ASOC.')
INSERT INTO MONODROGAS (ID_MONODROGA, MONODROGA) VALUES(116,'SUCRALFATO 20% SUSPENSION')
INSERT INTO MONODROGAS (ID_MONODROGA, MONODROGA) VALUES(117,'SULFAMETOXAZOL+TRIMETOPRIMA 200/40 MG')
INSERT INTO MONODROGAS (ID_MONODROGA, MONODROGA) VALUES(118,'SULFAMETOXAZOL+TRIMETOPRIMA 800/160 MG')
INSERT INTO MONODROGAS (ID_MONODROGA, MONODROGA) VALUES(119,'SULFATO FERROSO 80MG')
INSERT INTO MONODROGAS (ID_MONODROGA, MONODROGA) VALUES(120,'TOBRAMICINA')
INSERT INTO MONODROGAS (ID_MONODROGA, MONODROGA) VALUES(121,'TOBRAMICINA + DEXAMETASONA')
INSERT INTO MONODROGAS (ID_MONODROGA, MONODROGA) VALUES(122,'TOPIRAMATO ')
INSERT INTO MONODROGAS (ID_MONODROGA, MONODROGA) VALUES(123,'TRIMEBUTINA 200 MG')
INSERT INTO MONODROGAS (ID_MONODROGA, MONODROGA) VALUES(124,'VALPROATO DE MAGNESIO')
INSERT INTO MONODROGAS (ID_MONODROGA, MONODROGA) VALUES(125,'VENLAFAXINA')
INSERT INTO MONODROGAS (ID_MONODROGA, MONODROGA) VALUES(126,'VIT A+ VIT C+ VIT D')
INSERT INTO MONODROGAS (ID_MONODROGA, MONODROGA) VALUES(127,'VITAMINA A 600000UI + OXIDO DE ZINC +ASOC  ')
INSERT INTO MONODROGAS (ID_MONODROGA, MONODROGA) VALUES(128,'ZOLPIDEM')
INSERT INTO MONODROGAS (ID_MONODROGA, MONODROGA) VALUES(129,'ZUCLOPENTIX DECANOATO')
INSERT INTO MONODROGAS (ID_MONODROGA, MONODROGA) VALUES(130,'ZUCLOPENTIXOL ACETATO')


---
----



--CARGOS 

INSERT INTO CARGOS(ID_CARGO,CARGO) 
	VALUES(1,'Gerente de ventas');
INSERT INTO CARGOS(ID_CARGO,CARGO)
	VALUES(2,'Asistente de Ventas');
INSERT INTO CARGOS(ID_CARGO,CARGO)
	VALUES(3,'Supervisor de Ventas');
INSERT INTO CARGOS(ID_CARGO,CARGO)
	VALUES(4,'Asistente Administrativo');
INSERT INTO CARGOS(ID_CARGO,CARGO)
	VALUES(5,'Supervisor de Calidad');
INSERT INTO CARGOS(ID_CARGO,CARGO)
	VALUES(6,'Director tecnico');
INSERT INTO CARGOS(ID_CARGO,CARGO)
	VALUES(7,'Especialista en Farmacoeconomía');
INSERT INTO CARGOS(ID_CARGO,CARGO)
	VALUES(8,'Gerente de Logística');
INSERT INTO CARGOS(ID_CARGO,CARGO)
	VALUES(9,'Analista de Mercado Farmaceutico');



--PERSONAL_CARGOS_ESTABLECIMIENTOS

INSERT INTO PERSONAL_CARGOS_ESTABLECIMIENTOS(ID_PERSONAL_CARGOS_ESTABLECIMIENTOS,ID_PERSONAL,ID_CARGO,ID_ESTABLECIMIENTO) 
VALUES(1,1,1,1);

INSERT INTO PERSONAL_CARGOS_ESTABLECIMIENTOS(ID_PERSONAL_CARGOS_ESTABLECIMIENTOS,ID_PERSONAL,ID_CARGO,ID_ESTABLECIMIENTO) 
VALUES(2,2,2,2);

INSERT INTO PERSONAL_CARGOS_ESTABLECIMIENTOS(ID_PERSONAL_CARGOS_ESTABLECIMIENTOS,ID_PERSONAL,ID_CARGO,ID_ESTABLECIMIENTO) 
VALUES(3,3,3,3);

INSERT INTO PERSONAL_CARGOS_ESTABLECIMIENTOS(ID_PERSONAL_CARGOS_ESTABLECIMIENTOS,ID_PERSONAL,ID_CARGO,ID_ESTABLECIMIENTO) 
VALUES(4,4,4,4);

INSERT INTO PERSONAL_CARGOS_ESTABLECIMIENTOS(ID_PERSONAL_CARGOS_ESTABLECIMIENTOS,ID_PERSONAL,ID_CARGO,ID_ESTABLECIMIENTO) 
VALUES(5,5,6,5);

INSERT INTO PERSONAL_CARGOS_ESTABLECIMIENTOS(ID_PERSONAL_CARGOS_ESTABLECIMIENTOS,ID_PERSONAL,ID_CARGO,ID_ESTABLECIMIENTO) 
VALUES(6,6,6,6);

INSERT INTO PERSONAL_CARGOS_ESTABLECIMIENTOS(ID_PERSONAL_CARGOS_ESTABLECIMIENTOS,ID_PERSONAL,ID_CARGO,ID_ESTABLECIMIENTO) 
VALUES(7,7,7,7);

INSERT INTO PERSONAL_CARGOS_ESTABLECIMIENTOS(ID_PERSONAL_CARGOS_ESTABLECIMIENTOS,ID_PERSONAL,ID_CARGO,ID_ESTABLECIMIENTO) 
VALUES(8,8,8,1);

INSERT INTO PERSONAL_CARGOS_ESTABLECIMIENTOS(ID_PERSONAL_CARGOS_ESTABLECIMIENTOS,ID_PERSONAL,ID_CARGO,ID_ESTABLECIMIENTO) 
VALUES(9,9,9,2);

INSERT INTO PERSONAL_CARGOS_ESTABLECIMIENTOS(ID_PERSONAL_CARGOS_ESTABLECIMIENTOS,ID_PERSONAL,ID_CARGO,ID_ESTABLECIMIENTO) 
VALUES(10,10,1,3);

INSERT INTO PERSONAL_CARGOS_ESTABLECIMIENTOS(ID_PERSONAL_CARGOS_ESTABLECIMIENTOS,ID_PERSONAL,ID_CARGO,ID_ESTABLECIMIENTO) 
VALUES(11,1,2,4);

INSERT INTO PERSONAL_CARGOS_ESTABLECIMIENTOS(ID_PERSONAL_CARGOS_ESTABLECIMIENTOS,ID_PERSONAL,ID_CARGO,ID_ESTABLECIMIENTO) 
VALUES(12,2,3,5);

INSERT INTO PERSONAL_CARGOS_ESTABLECIMIENTOS(ID_PERSONAL_CARGOS_ESTABLECIMIENTOS,ID_PERSONAL,ID_CARGO,ID_ESTABLECIMIENTO) 
VALUES(13,3,4,6);

INSERT INTO PERSONAL_CARGOS_ESTABLECIMIENTOS(ID_PERSONAL_CARGOS_ESTABLECIMIENTOS,ID_PERSONAL,ID_CARGO,ID_ESTABLECIMIENTO) 
VALUES(14,4,4,7);

INSERT INTO PERSONAL_CARGOS_ESTABLECIMIENTOS(ID_PERSONAL_CARGOS_ESTABLECIMIENTOS,ID_PERSONAL,ID_CARGO,ID_ESTABLECIMIENTO) 
VALUES(15,5,6,1);

INSERT INTO PERSONAL_CARGOS_ESTABLECIMIENTOS(ID_PERSONAL_CARGOS_ESTABLECIMIENTOS,ID_PERSONAL,ID_CARGO,ID_ESTABLECIMIENTO) 
VALUES(16,6,7,2);

INSERT INTO PERSONAL_CARGOS_ESTABLECIMIENTOS(ID_PERSONAL_CARGOS_ESTABLECIMIENTOS,ID_PERSONAL,ID_CARGO,ID_ESTABLECIMIENTO) 
VALUES(17,7,8,3);

INSERT INTO PERSONAL_CARGOS_ESTABLECIMIENTOS(ID_PERSONAL_CARGOS_ESTABLECIMIENTOS,ID_PERSONAL,ID_CARGO,ID_ESTABLECIMIENTO) 
VALUES(18,8,9,7);

INSERT INTO PERSONAL_CARGOS_ESTABLECIMIENTOS(ID_PERSONAL_CARGOS_ESTABLECIMIENTOS,ID_PERSONAL,ID_CARGO,ID_ESTABLECIMIENTO) 
VALUES(19,9,9,5);

INSERT INTO PERSONAL_CARGOS_ESTABLECIMIENTOS(ID_PERSONAL_CARGOS_ESTABLECIMIENTOS,ID_PERSONAL,ID_CARGO,ID_ESTABLECIMIENTO) 
VALUES(20,10,8,6);


---
---- PRESENTACIONES
INSERT INTO PRESENTACIONES (ID_PRESENTACION, PRESENTACION) VALUES(1,'  500 MG COMPRIMIDO X 10')
INSERT INTO PRESENTACIONES (ID_PRESENTACION, PRESENTACION) VALUES(2,'850 MG X 60 COMP')
INSERT INTO PRESENTACIONES (ID_PRESENTACION, PRESENTACION) VALUES(3,'50 MG X 60 COMP')
INSERT INTO PRESENTACIONES (ID_PRESENTACION, PRESENTACION) VALUES(4,'2% CR.X 30 G')
INSERT INTO PRESENTACIONES (ID_PRESENTACION, PRESENTACION) VALUES(5,' 200 MCG AEROSOL BRONQUIAL X 200 DOSIS X 1')
INSERT INTO PRESENTACIONES (ID_PRESENTACION, PRESENTACION) VALUES(6,'10 MG X 60 COMP')
INSERT INTO PRESENTACIONES (ID_PRESENTACION, PRESENTACION) VALUES(7,'50 MG. COMP. ')
INSERT INTO PRESENTACIONES (ID_PRESENTACION, PRESENTACION) VALUES(8,'1 MG COMP.X 30')
INSERT INTO PRESENTACIONES (ID_PRESENTACION, PRESENTACION) VALUES(9,'10 MG COMP.X 30')
INSERT INTO PRESENTACIONES (ID_PRESENTACION, PRESENTACION) VALUES(10,'CREMA X 15 GR')
INSERT INTO PRESENTACIONES (ID_PRESENTACION, PRESENTACION) VALUES(11,' AEROSOL 100 MCG/DOSIS X 200 X 1')
INSERT INTO PRESENTACIONES (ID_PRESENTACION, PRESENTACION) VALUES(12,'4% SUSPENSION X 90 ML X 1')
INSERT INTO PRESENTACIONES (ID_PRESENTACION, PRESENTACION) VALUES(13,' 1% CREMA X 20 GR')
INSERT INTO PRESENTACIONES (ID_PRESENTACION, PRESENTACION) VALUES(14,'2 MG COMP.')
INSERT INTO PRESENTACIONES (ID_PRESENTACION, PRESENTACION) VALUES(15,' 10 MG  COMPRIMIDO X 30')
INSERT INTO PRESENTACIONES (ID_PRESENTACION, PRESENTACION) VALUES(16,' COMPRIMIDO X 16')
INSERT INTO PRESENTACIONES (ID_PRESENTACION, PRESENTACION) VALUES(17,'OVULOS X 6')
INSERT INTO PRESENTACIONES (ID_PRESENTACION, PRESENTACION) VALUES(18,'50 MG X 30 COMP')
INSERT INTO PRESENTACIONES (ID_PRESENTACION, PRESENTACION) VALUES(19,' 10 % GOTAS X 20 ML X 1')
INSERT INTO PRESENTACIONES (ID_PRESENTACION, PRESENTACION) VALUES(20,'1 MG COMP')
INSERT INTO PRESENTACIONES (ID_PRESENTACION, PRESENTACION) VALUES(21,'2 G% SUSP.X 90 ML')
INSERT INTO PRESENTACIONES (ID_PRESENTACION, PRESENTACION) VALUES(22,'10 MG. COMP.')
INSERT INTO PRESENTACIONES (ID_PRESENTACION, PRESENTACION) VALUES(23,'0.5% GTS.X 20 ML')
INSERT INTO PRESENTACIONES (ID_PRESENTACION, PRESENTACION) VALUES(24,'COMPRIMIDO X 14')
INSERT INTO PRESENTACIONES (ID_PRESENTACION, PRESENTACION) VALUES(25,' 8 MG COMPRIMIDO X 10')
INSERT INTO PRESENTACIONES (ID_PRESENTACION, PRESENTACION) VALUES(26,'PVO.P/SUSP.ORAL X 120 ML')
INSERT INTO PRESENTACIONES (ID_PRESENTACION, PRESENTACION) VALUES(27,'GOTAS SOL.OFT.ESTERIL X 5 ML')
INSERT INTO PRESENTACIONES (ID_PRESENTACION, PRESENTACION) VALUES(28,'COMRPIMIDO X 10')
INSERT INTO PRESENTACIONES (ID_PRESENTACION, PRESENTACION) VALUES(29,'GOTAS X 20 ML X 1')
INSERT INTO PRESENTACIONES (ID_PRESENTACION, PRESENTACION) VALUES(30,'100 MG. COMP.')
INSERT INTO PRESENTACIONES (ID_PRESENTACION, PRESENTACION) VALUES(31,'5 MG COMP.X 30')
INSERT INTO PRESENTACIONES (ID_PRESENTACION, PRESENTACION) VALUES(32,' COMPRIMIDOS LIBERACION MODIFICADA 60 MG X 30')
INSERT INTO PRESENTACIONES (ID_PRESENTACION, PRESENTACION) VALUES(33,' JARABE 1 MG/ML X 1')
INSERT INTO PRESENTACIONES (ID_PRESENTACION, PRESENTACION) VALUES(34,' 0.5 MG/ML GOTAS X 15 ML X 1')
INSERT INTO PRESENTACIONES (ID_PRESENTACION, PRESENTACION) VALUES(35,'500 MG COMP X 10')
INSERT INTO PRESENTACIONES (ID_PRESENTACION, PRESENTACION) VALUES(36,'0,5 MG. COMP.')
INSERT INTO PRESENTACIONES (ID_PRESENTACION, PRESENTACION) VALUES(37,'25 MG COMP.')
INSERT INTO PRESENTACIONES (ID_PRESENTACION, PRESENTACION) VALUES(38,'20 MG CAPS.X 14')
INSERT INTO PRESENTACIONES (ID_PRESENTACION, PRESENTACION) VALUES(39,'75 MG COMP')
INSERT INTO PRESENTACIONES (ID_PRESENTACION, PRESENTACION) VALUES(40,' 250 MG JARABE X 120 ML  X 1')
INSERT INTO PRESENTACIONES (ID_PRESENTACION, PRESENTACION) VALUES(41,'PVO.P/SUSP.ORAL X 90 ML')
INSERT INTO PRESENTACIONES (ID_PRESENTACION, PRESENTACION) VALUES(42,'40 MG.COMP.')
INSERT INTO PRESENTACIONES (ID_PRESENTACION, PRESENTACION) VALUES(43,'150 MG X 2 COMPRIMIDO')
INSERT INTO PRESENTACIONES (ID_PRESENTACION, PRESENTACION) VALUES(44,' 25 MG COMPRIMIDO X 30')
INSERT INTO PRESENTACIONES (ID_PRESENTACION, PRESENTACION) VALUES(45,' COMPRIMIDOS 10 MG X 10')
INSERT INTO PRESENTACIONES (ID_PRESENTACION, PRESENTACION) VALUES(46,'500 MG COMPRIMIDO X 3')
INSERT INTO PRESENTACIONES (ID_PRESENTACION, PRESENTACION) VALUES(47,'2 MG. COMP.')
INSERT INTO PRESENTACIONES (ID_PRESENTACION, PRESENTACION) VALUES(48,' 50 MCG COMPRIMIDO X50')
INSERT INTO PRESENTACIONES (ID_PRESENTACION, PRESENTACION) VALUES(49,'400 MG COMP. X 20')
INSERT INTO PRESENTACIONES (ID_PRESENTACION, PRESENTACION) VALUES(50,'1000 MG COMP.')
INSERT INTO PRESENTACIONES (ID_PRESENTACION, PRESENTACION) VALUES(51,'200 MG. COMP.')
INSERT INTO PRESENTACIONES (ID_PRESENTACION, PRESENTACION) VALUES(52,'20 MG.COMP.')
INSERT INTO PRESENTACIONES (ID_PRESENTACION, PRESENTACION) VALUES(53,'FRASCO SUSPENSIÓN X 15 ML')
INSERT INTO PRESENTACIONES (ID_PRESENTACION, PRESENTACION) VALUES(54,'10MG.COMP.')
INSERT INTO PRESENTACIONES (ID_PRESENTACION, PRESENTACION) VALUES(55,'SUSP.ORAL X 60 ML')
INSERT INTO PRESENTACIONES (ID_PRESENTACION, PRESENTACION) VALUES(56,' SULFATO 12,5% GOTAS X 1')
INSERT INTO PRESENTACIONES (ID_PRESENTACION, PRESENTACION) VALUES(57,'SUSP X 90 ML X 1')
INSERT INTO PRESENTACIONES (ID_PRESENTACION, PRESENTACION) VALUES(58,'100 MG COMP')
INSERT INTO PRESENTACIONES (ID_PRESENTACION, PRESENTACION) VALUES(59,' 100 MCG COMPRIMIDO X50')
INSERT INTO PRESENTACIONES (ID_PRESENTACION, PRESENTACION) VALUES(60,'SUSP.X 30 ML')
INSERT INTO PRESENTACIONES (ID_PRESENTACION, PRESENTACION) VALUES(61,'200 MG COMP.X 6')
INSERT INTO PRESENTACIONES (ID_PRESENTACION, PRESENTACION) VALUES(62,' 500 MG COMPRIMIDO X 6')
INSERT INTO PRESENTACIONES (ID_PRESENTACION, PRESENTACION) VALUES(63,'2% GOTAS X 20 ML')
INSERT INTO PRESENTACIONES (ID_PRESENTACION, PRESENTACION) VALUES(64,' 875 MG COMPRIMIDO X 14')
INSERT INTO PRESENTACIONES (ID_PRESENTACION, PRESENTACION) VALUES(65,'400 MG COMPRIMIDO X 20')
INSERT INTO PRESENTACIONES (ID_PRESENTACION, PRESENTACION) VALUES(66,' 1 MG COMPRIMIDO X 30')
INSERT INTO PRESENTACIONES (ID_PRESENTACION, PRESENTACION) VALUES(67,'POMADA X 50 GRS X 1')
INSERT INTO PRESENTACIONES (ID_PRESENTACION, PRESENTACION) VALUES(68,'60 MG X 60 COMP')
INSERT INTO PRESENTACIONES (ID_PRESENTACION, PRESENTACION) VALUES(69,'10 MG.COMP.')
INSERT INTO PRESENTACIONES (ID_PRESENTACION, PRESENTACION) VALUES(70,'25 MG X 30COMP')
INSERT INTO PRESENTACIONES (ID_PRESENTACION, PRESENTACION) VALUES(71,'500 MG COMP.REC.X 16')
INSERT INTO PRESENTACIONES (ID_PRESENTACION, PRESENTACION) VALUES(72,'30 MG CAPS.X 30')
INSERT INTO PRESENTACIONES (ID_PRESENTACION, PRESENTACION) VALUES(73,'1 MG X 30 COMP')
INSERT INTO PRESENTACIONES (ID_PRESENTACION, PRESENTACION) VALUES(74,'875 MG COMPRIMIDO X 21')
INSERT INTO PRESENTACIONES (ID_PRESENTACION, PRESENTACION) VALUES(75,' 75 MG COMPRIMIDO X 30')
INSERT INTO PRESENTACIONES (ID_PRESENTACION, PRESENTACION) VALUES(76,'GOTAS X 5 ML')
INSERT INTO PRESENTACIONES (ID_PRESENTACION, PRESENTACION) VALUES(77,'GTS.P/NEBULIZAR X 20 ML')
INSERT INTO PRESENTACIONES (ID_PRESENTACION, PRESENTACION) VALUES(78,'500 MG. COMP.')
INSERT INTO PRESENTACIONES (ID_PRESENTACION, PRESENTACION) VALUES(79,' 250 MG JARABE X 60 ML X 1')
INSERT INTO PRESENTACIONES (ID_PRESENTACION, PRESENTACION) VALUES(80,'LOCION X 60 ML')
INSERT INTO PRESENTACIONES (ID_PRESENTACION, PRESENTACION) VALUES(81,'2,5 MG.COMP')
INSERT INTO PRESENTACIONES (ID_PRESENTACION, PRESENTACION) VALUES(82,'500 MG X 30 COMP')
INSERT INTO PRESENTACIONES (ID_PRESENTACION, PRESENTACION) VALUES(83,'FRASCO JARABE X 120 ML X 1')
INSERT INTO PRESENTACIONES (ID_PRESENTACION, PRESENTACION) VALUES(84,'1 GR COMPRIMIDO X 8')
INSERT INTO PRESENTACIONES (ID_PRESENTACION, PRESENTACION) VALUES(85,'500 MG X 60 COMP')
INSERT INTO PRESENTACIONES (ID_PRESENTACION, PRESENTACION) VALUES(86,'800 MG COMP X 10')
INSERT INTO PRESENTACIONES (ID_PRESENTACION, PRESENTACION) VALUES(87,' 750 MG/5 ML FRASCO X 70 ML X 1')
INSERT INTO PRESENTACIONES (ID_PRESENTACION, PRESENTACION) VALUES(88,'100 MG X 30 COMP')
INSERT INTO PRESENTACIONES (ID_PRESENTACION, PRESENTACION) VALUES(89,'LOC.X 100 ML')
INSERT INTO PRESENTACIONES (ID_PRESENTACION, PRESENTACION) VALUES(90,'75 MG(ANTIDEPRESIVO)')
INSERT INTO PRESENTACIONES (ID_PRESENTACION, PRESENTACION) VALUES(91,'20 MG. COMP.')
INSERT INTO PRESENTACIONES (ID_PRESENTACION, PRESENTACION) VALUES(92,'6 MG X 6 COMP')
INSERT INTO PRESENTACIONES (ID_PRESENTACION, PRESENTACION) VALUES(93,' SOLUCION ORAL 4 MG/ML X 1')
INSERT INTO PRESENTACIONES (ID_PRESENTACION, PRESENTACION) VALUES(94,'200 MG/ML.  AMP.')
INSERT INTO PRESENTACIONES (ID_PRESENTACION, PRESENTACION) VALUES(95,'CREMA X 20 GR X 1')
INSERT INTO PRESENTACIONES (ID_PRESENTACION, PRESENTACION) VALUES(96,'SOL.X 20 ML')
INSERT INTO PRESENTACIONES (ID_PRESENTACION, PRESENTACION) VALUES(97,'GTS.X 5 ML')
INSERT INTO PRESENTACIONES (ID_PRESENTACION, PRESENTACION) VALUES(98,'EMULS.POMO X 100 G')
INSERT INTO PRESENTACIONES (ID_PRESENTACION, PRESENTACION) VALUES(99,'0,25% GTS X 20 ML.')
INSERT INTO PRESENTACIONES (ID_PRESENTACION, PRESENTACION) VALUES(100,'AEROSOL HFA X 250 DS')
INSERT INTO PRESENTACIONES (ID_PRESENTACION, PRESENTACION) VALUES(101,'40 MG X 30 COMP')
INSERT INTO PRESENTACIONES (ID_PRESENTACION, PRESENTACION) VALUES(102,'850 MG X 60')
INSERT INTO PRESENTACIONES (ID_PRESENTACION, PRESENTACION) VALUES(103,'100 MG. COMP')
INSERT INTO PRESENTACIONES (ID_PRESENTACION, PRESENTACION) VALUES(104,' 75 MG COMPRIMIDO  X 15')
INSERT INTO PRESENTACIONES (ID_PRESENTACION, PRESENTACION) VALUES(105,' 500 MG COMPRIMIDO X16')
INSERT INTO PRESENTACIONES (ID_PRESENTACION, PRESENTACION) VALUES(106,'COMPRIMIDO X 20')
INSERT INTO PRESENTACIONES (ID_PRESENTACION, PRESENTACION) VALUES(107,'500 MG COMP.X 8')
INSERT INTO PRESENTACIONES (ID_PRESENTACION, PRESENTACION) VALUES(108,' 20 MG COMPRIMIDOS X 30')
INSERT INTO PRESENTACIONES (ID_PRESENTACION, PRESENTACION) VALUES(109,'25 MG COMP')
INSERT INTO PRESENTACIONES (ID_PRESENTACION, PRESENTACION) VALUES(110,'50 MG COMP.X 28')
INSERT INTO PRESENTACIONES (ID_PRESENTACION, PRESENTACION) VALUES(111,'GOTAS X 10 ML')
INSERT INTO PRESENTACIONES (ID_PRESENTACION, PRESENTACION) VALUES(112,' 200 MGRS COMPRIMIDO X 10')
INSERT INTO PRESENTACIONES (ID_PRESENTACION, PRESENTACION) VALUES(113,'3 ML. INY.')
INSERT INTO PRESENTACIONES (ID_PRESENTACION, PRESENTACION) VALUES(114,' 400 MG COMPRIMIDO X 10')
INSERT INTO PRESENTACIONES (ID_PRESENTACION, PRESENTACION) VALUES(115,'100 MG X 60 COMP')
INSERT INTO PRESENTACIONES (ID_PRESENTACION, PRESENTACION) VALUES(116,'5GR/100MLX 120 ML ')
INSERT INTO PRESENTACIONES (ID_PRESENTACION, PRESENTACION) VALUES(117,'SOL.ORAL X 200 ML')
INSERT INTO PRESENTACIONES (ID_PRESENTACION, PRESENTACION) VALUES(118,'JBE.X 60 ML X  1 MG')
INSERT INTO PRESENTACIONES (ID_PRESENTACION, PRESENTACION) VALUES(119,'COMPRIMIDO X 7')
INSERT INTO PRESENTACIONES (ID_PRESENTACION, PRESENTACION) VALUES(120,'500 MG COMP.X 10')
INSERT INTO PRESENTACIONES (ID_PRESENTACION, PRESENTACION) VALUES(121,'COMPRIMIDO X 8')
INSERT INTO PRESENTACIONES (ID_PRESENTACION, PRESENTACION) VALUES(122,'SUSP.X 120 ML')
INSERT INTO PRESENTACIONES (ID_PRESENTACION, PRESENTACION) VALUES(123,'500 MG JBE.X 90 ML')
INSERT INTO PRESENTACIONES (ID_PRESENTACION, PRESENTACION) VALUES(124,'SOBRE X 1')
INSERT INTO PRESENTACIONES (ID_PRESENTACION, PRESENTACION) VALUES(125,'2% CR.X 15 G')
INSERT INTO PRESENTACIONES (ID_PRESENTACION, PRESENTACION) VALUES(126,'20% SUSPENSION X 200 ML X 1')
INSERT INTO PRESENTACIONES (ID_PRESENTACION, PRESENTACION) VALUES(127,'20 MG COMP.X 30')
INSERT INTO PRESENTACIONES (ID_PRESENTACION, PRESENTACION) VALUES(128,'850 MG X 30')
INSERT INTO PRESENTACIONES (ID_PRESENTACION, PRESENTACION) VALUES(129,'BUTETAMATO CITRATO 0.10GR - CLORURO DE AMONIO 1GR - ETER GLICERIL GUAYACOLICO 1GR X 120 ML')
INSERT INTO PRESENTACIONES (ID_PRESENTACION, PRESENTACION) VALUES(130,'2 MG COMPRIMIDO X 15')
INSERT INTO PRESENTACIONES (ID_PRESENTACION, PRESENTACION) VALUES(131,'10 MG COMP.')
INSERT INTO PRESENTACIONES (ID_PRESENTACION, PRESENTACION) VALUES(132,'100 MG COMPRIMIDOS REC.X 16')
INSERT INTO PRESENTACIONES (ID_PRESENTACION, PRESENTACION) VALUES(133,'AEROSOL X 165ML')
INSERT INTO PRESENTACIONES (ID_PRESENTACION, PRESENTACION) VALUES(134,'25 MG COMP.X 28')
INSERT INTO PRESENTACIONES (ID_PRESENTACION, PRESENTACION) VALUES(135,' CREMA X 15 GR X 1')
INSERT INTO PRESENTACIONES (ID_PRESENTACION, PRESENTACION) VALUES(136,'SOLUCION ORAL X 20 ML')
INSERT INTO PRESENTACIONES (ID_PRESENTACION, PRESENTACION) VALUES(137,'JARABE X 120 ML X 1')
INSERT INTO PRESENTACIONES (ID_PRESENTACION, PRESENTACION) VALUES(138,'12.5 MG COMP.X 28')
INSERT INTO PRESENTACIONES (ID_PRESENTACION, PRESENTACION) VALUES(139,'AEROSOL X 150 ML')
INSERT INTO PRESENTACIONES (ID_PRESENTACION, PRESENTACION) VALUES(140,'1000 MG INY.F.A.X 1')
INSERT INTO PRESENTACIONES (ID_PRESENTACION, PRESENTACION) VALUES(141,' 7.5% SPRAY X 120 ML')
INSERT INTO PRESENTACIONES (ID_PRESENTACION, PRESENTACION) VALUES(142,'SABOR.SOB.X 3 X 27.9 G')
INSERT INTO PRESENTACIONES (ID_PRESENTACION, PRESENTACION) VALUES(143,'SUPENSION X 90 ML X 1')
INSERT INTO PRESENTACIONES (ID_PRESENTACION, PRESENTACION) VALUES(144,'JBE.X 100 ML X 1')
INSERT INTO PRESENTACIONES (ID_PRESENTACION, PRESENTACION) VALUES(145,' 25 MG COMPRIMIDO X 15')
INSERT INTO PRESENTACIONES (ID_PRESENTACION, PRESENTACION) VALUES(146,'300 MG COMPRIMIDO X30')
INSERT INTO PRESENTACIONES (ID_PRESENTACION, PRESENTACION) VALUES(147,'40/0.5 MG COMP.REC.X 20')
INSERT INTO PRESENTACIONES (ID_PRESENTACION, PRESENTACION) VALUES(148,'1 MG COMPRIMIDO X 10')
INSERT INTO PRESENTACIONES (ID_PRESENTACION, PRESENTACION) VALUES(149,' 2 MG COMPRIMIDO X 30')
INSERT INTO PRESENTACIONES (ID_PRESENTACION, PRESENTACION) VALUES(150,'80MG COMP.X 30')
INSERT INTO PRESENTACIONES (ID_PRESENTACION, PRESENTACION) VALUES(151,'GOTAS X 20 ML')
INSERT INTO PRESENTACIONES (ID_PRESENTACION, PRESENTACION) VALUES(152,'25 MG COMP.X 30')
INSERT INTO PRESENTACIONES (ID_PRESENTACION, PRESENTACION) VALUES(153,'6.25 MG COMP.X 28')
INSERT INTO PRESENTACIONES (ID_PRESENTACION, PRESENTACION) VALUES(154,' 12.5 MG COMPRIMIDO X30')
INSERT INTO PRESENTACIONES (ID_PRESENTACION, PRESENTACION) VALUES(155,' 875 MG COMPRIMIDO X 7')
INSERT INTO PRESENTACIONES (ID_PRESENTACION, PRESENTACION) VALUES(156,'COMP X 5')
INSERT INTO PRESENTACIONES (ID_PRESENTACION, PRESENTACION) VALUES(157,'200 MG COMP')
INSERT INTO PRESENTACIONES (ID_PRESENTACION, PRESENTACION) VALUES(158,' 200 MG COMPRIMIDO X30')
INSERT INTO PRESENTACIONES (ID_PRESENTACION, PRESENTACION) VALUES(159,'X 1')
INSERT INTO PRESENTACIONES (ID_PRESENTACION, PRESENTACION) VALUES(160,'50 MG COMP.DISPERS.X 30')
INSERT INTO PRESENTACIONES (ID_PRESENTACION, PRESENTACION) VALUES(161,'300 MG COMP X 16')
INSERT INTO PRESENTACIONES (ID_PRESENTACION, PRESENTACION) VALUES(162,'6 MG COMP.X 6')
INSERT INTO PRESENTACIONES (ID_PRESENTACION, PRESENTACION) VALUES(163,'200 MG COMPRIMIDO X 30')
INSERT INTO PRESENTACIONES (ID_PRESENTACION, PRESENTACION) VALUES(164,'COMP.X 10')
INSERT INTO PRESENTACIONES (ID_PRESENTACION, PRESENTACION) VALUES(165,'25 MG COMP.DISPERS.X 30')
INSERT INTO PRESENTACIONES (ID_PRESENTACION, PRESENTACION) VALUES(166,' 200 MG COMP X 30')
INSERT INTO PRESENTACIONES (ID_PRESENTACION, PRESENTACION) VALUES(167,'1 GR COMP X 30')
INSERT INTO PRESENTACIONES (ID_PRESENTACION, PRESENTACION) VALUES(168,'CR.X 30 G')
INSERT INTO PRESENTACIONES (ID_PRESENTACION, PRESENTACION) VALUES(169,'POLVO SOBRE X 3')
INSERT INTO PRESENTACIONES (ID_PRESENTACION, PRESENTACION) VALUES(170,'25 MG COMPRIMIDO X 10')
INSERT INTO PRESENTACIONES (ID_PRESENTACION, PRESENTACION) VALUES(171,'200/40 MG SUSP.X 100 ML')
INSERT INTO PRESENTACIONES (ID_PRESENTACION, PRESENTACION) VALUES(172,'2400000 UI F.A.X 1')
INSERT INTO PRESENTACIONES (ID_PRESENTACION, PRESENTACION) VALUES(173,'1 ML. INY.')
INSERT INTO PRESENTACIONES (ID_PRESENTACION, PRESENTACION) VALUES(174,'50 MG/ML.  AMP.')


---
---- MEDICAMENTOS
INSERT INTO MEDICAMENTOS (ID_MEDICAMENTO, ID_MONODROGA,NOMBRE_COMERCIAL,ID_LABORATORIO,ID_MARCA,VENTA_LIBRE,ID_PRESENTACION,DESCRIPCION,PRECIO) VALUES(1,1,'ACICLOVIR',18,142,0,49,'Antimicrobiano','499.64');
INSERT INTO MEDICAMENTOS (ID_MEDICAMENTO, ID_MONODROGA,NOMBRE_COMERCIAL,ID_LABORATORIO,ID_MARCA,VENTA_LIBRE,ID_PRESENTACION,DESCRIPCION,PRECIO) VALUES(2,1,'ACICLOVIR',1,2,0,112,'Antimicrobiano','356.97');
INSERT INTO MEDICAMENTOS (ID_MEDICAMENTO, ID_MONODROGA,NOMBRE_COMERCIAL,ID_LABORATORIO,ID_MARCA,VENTA_LIBRE,ID_PRESENTACION,DESCRIPCION,PRECIO) VALUES(3,1,'ACICLOVIR',18,142,0,86,'Antimicrobiano','855.54');
INSERT INTO MEDICAMENTOS (ID_MEDICAMENTO, ID_MONODROGA,NOMBRE_COMERCIAL,ID_LABORATORIO,ID_MARCA,VENTA_LIBRE,ID_PRESENTACION,DESCRIPCION,PRECIO) VALUES(4,2,'ACIDO FOLICO',33,4,0,111,'Suplemento ','10919.52');
INSERT INTO MEDICAMENTOS (ID_MEDICAMENTO, ID_MONODROGA,NOMBRE_COMERCIAL,ID_LABORATORIO,ID_MARCA,VENTA_LIBRE,ID_PRESENTACION,DESCRIPCION,PRECIO) VALUES(5,2,'ACIDO FOLICO',1,3,0,73,'Suplemento ','9948.23');
INSERT INTO MEDICAMENTOS (ID_MEDICAMENTO, ID_MONODROGA,NOMBRE_COMERCIAL,ID_LABORATORIO,ID_MARCA,VENTA_LIBRE,ID_PRESENTACION,DESCRIPCION,PRECIO) VALUES(6,3,'ACIDO FUSIDICO',4,78,0,135,'Antimicrobiano','4887.79');
INSERT INTO MEDICAMENTOS (ID_MEDICAMENTO, ID_MONODROGA,NOMBRE_COMERCIAL,ID_LABORATORIO,ID_MARCA,VENTA_LIBRE,ID_PRESENTACION,DESCRIPCION,PRECIO) VALUES(7,4,'ACIDO FUSIDICO',51,65,0,125,'Antimicrobiano','6834');
INSERT INTO MEDICAMENTOS (ID_MEDICAMENTO, ID_MONODROGA,NOMBRE_COMERCIAL,ID_LABORATORIO,ID_MARCA,VENTA_LIBRE,ID_PRESENTACION,DESCRIPCION,PRECIO) VALUES(8,5,'ACIDO VALPROICO ',34,56,0,116,'Anticonvulsivante','8787.21');
INSERT INTO MEDICAMENTOS (ID_MEDICAMENTO, ID_MONODROGA,NOMBRE_COMERCIAL,ID_LABORATORIO,ID_MARCA,VENTA_LIBRE,ID_PRESENTACION,DESCRIPCION,PRECIO) VALUES(9,8,'ALPRAZOLAM',1,11,0,8,'Psicofarmaco','149.09');
INSERT INTO MEDICAMENTOS (ID_MEDICAMENTO, ID_MONODROGA,NOMBRE_COMERCIAL,ID_LABORATORIO,ID_MARCA,VENTA_LIBRE,ID_PRESENTACION,DESCRIPCION,PRECIO) VALUES(10,8,'ALPRAZOLAM',3,121,0,130,'Psicofarmaco','167.94');
INSERT INTO MEDICAMENTOS (ID_MEDICAMENTO, ID_MONODROGA,NOMBRE_COMERCIAL,ID_LABORATORIO,ID_MARCA,VENTA_LIBRE,ID_PRESENTACION,DESCRIPCION,PRECIO) VALUES(11,8,'ALPRAZOLAM',3,121,0,130,'Psicofarmaco','167.94');
INSERT INTO MEDICAMENTOS (ID_MEDICAMENTO, ID_MONODROGA,NOMBRE_COMERCIAL,ID_LABORATORIO,ID_MARCA,VENTA_LIBRE,ID_PRESENTACION,DESCRIPCION,PRECIO) VALUES(12,9,'AMBROXOL + LORATADINA',21,10,0,83,'Mucolitico','5204.16');
INSERT INTO MEDICAMENTOS (ID_MEDICAMENTO, ID_MONODROGA,NOMBRE_COMERCIAL,ID_LABORATORIO,ID_MARCA,VENTA_LIBRE,ID_PRESENTACION,DESCRIPCION,PRECIO) VALUES(13,10,'AMITRIPTILINA',1,12,0,75,'Psicofarmaco','236.77');
INSERT INTO MEDICAMENTOS (ID_MEDICAMENTO, ID_MONODROGA,NOMBRE_COMERCIAL,ID_LABORATORIO,ID_MARCA,VENTA_LIBRE,ID_PRESENTACION,DESCRIPCION,PRECIO) VALUES(14,10,'AMITRIPTILINA',1,12,0,44,'Psicofarmaco','185.95');
INSERT INTO MEDICAMENTOS (ID_MEDICAMENTO, ID_MONODROGA,NOMBRE_COMERCIAL,ID_LABORATORIO,ID_MARCA,VENTA_LIBRE,ID_PRESENTACION,DESCRIPCION,PRECIO) VALUES(15,10,'AMITRIPTILINA',1,12,0,170,'Psicofarmaco','198.9');
INSERT INTO MEDICAMENTOS (ID_MEDICAMENTO, ID_MONODROGA,NOMBRE_COMERCIAL,ID_LABORATORIO,ID_MARCA,VENTA_LIBRE,ID_PRESENTACION,DESCRIPCION,PRECIO) VALUES(16,11,'AMLODIPINA',11,13,0,31,'Antihipertensivo','218.09');
INSERT INTO MEDICAMENTOS (ID_MEDICAMENTO, ID_MONODROGA,NOMBRE_COMERCIAL,ID_LABORATORIO,ID_MARCA,VENTA_LIBRE,ID_PRESENTACION,DESCRIPCION,PRECIO) VALUES(17,11,'AMLODIPINA',11,13,0,9,'Antihipertensivo','410.41');
INSERT INTO MEDICAMENTOS (ID_MEDICAMENTO, ID_MONODROGA,NOMBRE_COMERCIAL,ID_LABORATORIO,ID_MARCA,VENTA_LIBRE,ID_PRESENTACION,DESCRIPCION,PRECIO) VALUES(18,12,'AMOXICILINA',1,21,0,87,'Antimicrobiano','5431.5');
INSERT INTO MEDICAMENTOS (ID_MEDICAMENTO, ID_MONODROGA,NOMBRE_COMERCIAL,ID_LABORATORIO,ID_MARCA,VENTA_LIBRE,ID_PRESENTACION,DESCRIPCION,PRECIO) VALUES(19,12,'AMOXICILINA',1,14,0,64,'Antimicrobiano','454.37');
INSERT INTO MEDICAMENTOS (ID_MEDICAMENTO, ID_MONODROGA,NOMBRE_COMERCIAL,ID_LABORATORIO,ID_MARCA,VENTA_LIBRE,ID_PRESENTACION,DESCRIPCION,PRECIO) VALUES(20,12,'AMOXICILINA',25,19,0,74,'Antimicrobiano','454.37');
INSERT INTO MEDICAMENTOS (ID_MEDICAMENTO, ID_MONODROGA,NOMBRE_COMERCIAL,ID_LABORATORIO,ID_MARCA,VENTA_LIBRE,ID_PRESENTACION,DESCRIPCION,PRECIO) VALUES(21,13,'AMOXICILINA 250 MG + ACIDO CLAVULANICO 62,5 MG  ',1,15,0,57,'Antimicrobiano','10252.77');
INSERT INTO MEDICAMENTOS (ID_MEDICAMENTO, ID_MONODROGA,NOMBRE_COMERCIAL,ID_LABORATORIO,ID_MARCA,VENTA_LIBRE,ID_PRESENTACION,DESCRIPCION,PRECIO) VALUES(22,14,'AMOXICILINA 500',51,20,0,41,'Antimicrobiano','4921.5')
INSERT INTO MEDICAMENTOS (ID_MEDICAMENTO, ID_MONODROGA,NOMBRE_COMERCIAL,ID_LABORATORIO,ID_MARCA,VENTA_LIBRE,ID_PRESENTACION,DESCRIPCION,PRECIO) VALUES(23,14,'AMOXICILINA 500',51,20,0,26,'Antimicrobiano','6281.5')
INSERT INTO MEDICAMENTOS (ID_MEDICAMENTO, ID_MONODROGA,NOMBRE_COMERCIAL,ID_LABORATORIO,ID_MARCA,VENTA_LIBRE,ID_PRESENTACION,DESCRIPCION,PRECIO) VALUES(24,14,'AMOXICILINA 500',31,16,0,107,'Antimicrobiano','276.21')
INSERT INTO MEDICAMENTOS (ID_MEDICAMENTO, ID_MONODROGA,NOMBRE_COMERCIAL,ID_LABORATORIO,ID_MARCA,VENTA_LIBRE,ID_PRESENTACION,DESCRIPCION,PRECIO) VALUES(25,15,'AMOXICILINA 500 MG + ACIDO CLAVULANICO 125 MG',1,105,0,121,'Antimicrobiano','1050.25')
INSERT INTO MEDICAMENTOS (ID_MEDICAMENTO, ID_MONODROGA,NOMBRE_COMERCIAL,ID_LABORATORIO,ID_MARCA,VENTA_LIBRE,ID_PRESENTACION,DESCRIPCION,PRECIO) VALUES(26,16,'AMOXICILINA 500 MG + ACIDO CLAVULANICO 125 MG ',1,17,0,16,'Antimicrobiano','1145.2')
INSERT INTO MEDICAMENTOS (ID_MEDICAMENTO, ID_MONODROGA,NOMBRE_COMERCIAL,ID_LABORATORIO,ID_MARCA,VENTA_LIBRE,ID_PRESENTACION,DESCRIPCION,PRECIO) VALUES(27,17,'AMOXICILINA 875 MG + ACIDO CLAVULANICO 125 MG',25,105,0,119,'Antimicrobiano','1032.2')
INSERT INTO MEDICAMENTOS (ID_MEDICAMENTO, ID_MONODROGA,NOMBRE_COMERCIAL,ID_LABORATORIO,ID_MARCA,VENTA_LIBRE,ID_PRESENTACION,DESCRIPCION,PRECIO) VALUES(28,18,'AMOXICILINA 875 MG + ACIDO CLAVULANICO 125 MG ',1,18,0,24,'Antimicrobiano','1027.96')
INSERT INTO MEDICAMENTOS (ID_MEDICAMENTO, ID_MONODROGA,NOMBRE_COMERCIAL,ID_LABORATORIO,ID_MARCA,VENTA_LIBRE,ID_PRESENTACION,DESCRIPCION,PRECIO) VALUES(29,19,'ANTIGRIPAL  (PARACET + BROMHE +CAFEIN + CLORFENIR )',1,23,1,28,'Antigripal','202.34')
INSERT INTO MEDICAMENTOS (ID_MEDICAMENTO, ID_MONODROGA,NOMBRE_COMERCIAL,ID_LABORATORIO,ID_MARCA,VENTA_LIBRE,ID_PRESENTACION,DESCRIPCION,PRECIO) VALUES(30,20,'ANTIGRIPAL (PARACETAMOL +BROMHEXINA +PSEUDOEFREDINA +CLOFENIRONA )',31,51,1,106,'Antigripal','202.34')
INSERT INTO MEDICAMENTOS (ID_MEDICAMENTO, ID_MONODROGA,NOMBRE_COMERCIAL,ID_LABORATORIO,ID_MARCA,VENTA_LIBRE,ID_PRESENTACION,DESCRIPCION,PRECIO) VALUES(31,21,'ANTIGRIPAL (PARACETAMOL+PSEUDOEFE+ASOC)',17,116,1,144,'Antigripal','5321.59')
INSERT INTO MEDICAMENTOS (ID_MEDICAMENTO, ID_MONODROGA,NOMBRE_COMERCIAL,ID_LABORATORIO,ID_MARCA,VENTA_LIBRE,ID_PRESENTACION,DESCRIPCION,PRECIO) VALUES(32,22,'ARIPIPRAZOL',40,24,0,131,'Psicofarmaco','554.22')
INSERT INTO MEDICAMENTOS (ID_MEDICAMENTO, ID_MONODROGA,NOMBRE_COMERCIAL,ID_LABORATORIO,ID_MARCA,VENTA_LIBRE,ID_PRESENTACION,DESCRIPCION,PRECIO) VALUES(33,23,'ASPIRINA',27,25,0,88,'Antiagregante','33.74')
INSERT INTO MEDICAMENTOS (ID_MEDICAMENTO, ID_MONODROGA,NOMBRE_COMERCIAL,ID_LABORATORIO,ID_MARCA,VENTA_LIBRE,ID_PRESENTACION,DESCRIPCION,PRECIO) VALUES(34,23,'ASPIRINA',27,25,0,115,'Antiagregante','35.2')
INSERT INTO MEDICAMENTOS (ID_MEDICAMENTO, ID_MONODROGA,NOMBRE_COMERCIAL,ID_LABORATORIO,ID_MARCA,VENTA_LIBRE,ID_PRESENTACION,DESCRIPCION,PRECIO) VALUES(35,24,'ATENOLOL',18,140,0,110,'Antihipertensivo','90.69')
INSERT INTO MEDICAMENTOS (ID_MEDICAMENTO, ID_MONODROGA,NOMBRE_COMERCIAL,ID_LABORATORIO,ID_MARCA,VENTA_LIBRE,ID_PRESENTACION,DESCRIPCION,PRECIO) VALUES(36,25,'ATORVASTATINA',4,84,0,9,'Estatina','162.04')
INSERT INTO MEDICAMENTOS (ID_MEDICAMENTO, ID_MONODROGA,NOMBRE_COMERCIAL,ID_LABORATORIO,ID_MARCA,VENTA_LIBRE,ID_PRESENTACION,DESCRIPCION,PRECIO) VALUES(37,26,'ATORVASTATINA',4,84,0,108,'Estatina','252.82')
INSERT INTO MEDICAMENTOS (ID_MEDICAMENTO, ID_MONODROGA,NOMBRE_COMERCIAL,ID_LABORATORIO,ID_MARCA,VENTA_LIBRE,ID_PRESENTACION,DESCRIPCION,PRECIO) VALUES(38,27,'AZITROMICINA',1,26,0,53,'Antimicrobiano','7046.08')
INSERT INTO MEDICAMENTOS (ID_MEDICAMENTO, ID_MONODROGA,NOMBRE_COMERCIAL,ID_LABORATORIO,ID_MARCA,VENTA_LIBRE,ID_PRESENTACION,DESCRIPCION,PRECIO) VALUES(39,27,'AZITROMICINA',1,26,0,62,'Antimicrobiano','1160')
INSERT INTO MEDICAMENTOS (ID_MEDICAMENTO, ID_MONODROGA,NOMBRE_COMERCIAL,ID_LABORATORIO,ID_MARCA,VENTA_LIBRE,ID_PRESENTACION,DESCRIPCION,PRECIO) VALUES(40,27,'AZITROMICINA',2,27,0,46,'Antimicrobiano','1160')
INSERT INTO MEDICAMENTOS (ID_MEDICAMENTO, ID_MONODROGA,NOMBRE_COMERCIAL,ID_LABORATORIO,ID_MARCA,VENTA_LIBRE,ID_PRESENTACION,DESCRIPCION,PRECIO) VALUES(41,28,'BETAMETASONA',1,30,0,10,'Corticoide','2881.5')
INSERT INTO MEDICAMENTOS (ID_MEDICAMENTO, ID_MONODROGA,NOMBRE_COMERCIAL,ID_LABORATORIO,ID_MARCA,VENTA_LIBRE,ID_PRESENTACION,DESCRIPCION,PRECIO) VALUES(42,28,'BETAMETASONA',1,30,0,34,'Corticoide','2981.51')
INSERT INTO MEDICAMENTOS (ID_MEDICAMENTO, ID_MONODROGA,NOMBRE_COMERCIAL,ID_LABORATORIO,ID_MARCA,VENTA_LIBRE,ID_PRESENTACION,DESCRIPCION,PRECIO) VALUES(43,29,'BETAMETASONA+ MICONAZOL+ GENTAMICINA',30,29,0,95,'Antimicrobiano','4071.5')
INSERT INTO MEDICAMENTOS (ID_MEDICAMENTO, ID_MONODROGA,NOMBRE_COMERCIAL,ID_LABORATORIO,ID_MARCA,VENTA_LIBRE,ID_PRESENTACION,DESCRIPCION,PRECIO) VALUES(44,30,'BIPERIDENO ',1,31,0,47,'Antiparkinsoniano','143.07')
INSERT INTO MEDICAMENTOS (ID_MEDICAMENTO, ID_MONODROGA,NOMBRE_COMERCIAL,ID_LABORATORIO,ID_MARCA,VENTA_LIBRE,ID_PRESENTACION,DESCRIPCION,PRECIO) VALUES(45,31,'BISMUTO + PECTINA',46,44,0,143,'Antidiarreico','7713.79')
INSERT INTO MEDICAMENTOS (ID_MEDICAMENTO, ID_MONODROGA,NOMBRE_COMERCIAL,ID_LABORATORIO,ID_MARCA,VENTA_LIBRE,ID_PRESENTACION,DESCRIPCION,PRECIO) VALUES(46,32,'BISOPROLOL',31,32,0,31,'Betabloqueante','264.29')
INSERT INTO MEDICAMENTOS (ID_MEDICAMENTO, ID_MONODROGA,NOMBRE_COMERCIAL,ID_LABORATORIO,ID_MARCA,VENTA_LIBRE,ID_PRESENTACION,DESCRIPCION,PRECIO) VALUES(47,33,'BUDESONIDE',26,119,0,77,'Broncodilatador','5610.29')
INSERT INTO MEDICAMENTOS (ID_MEDICAMENTO, ID_MONODROGA,NOMBRE_COMERCIAL,ID_LABORATORIO,ID_MARCA,VENTA_LIBRE,ID_PRESENTACION,DESCRIPCION,PRECIO) VALUES(48,33,'BUDESONIDE',1,100,0,5,'Broncodilatador','11900')
INSERT INTO MEDICAMENTOS (ID_MEDICAMENTO, ID_MONODROGA,NOMBRE_COMERCIAL,ID_LABORATORIO,ID_MARCA,VENTA_LIBRE,ID_PRESENTACION,DESCRIPCION,PRECIO) VALUES(49,34,'BUTETAMATO CITRATO  - CLORURO DE AMONIO - ETER GLICERIL GUAYACOLICO ',28,115,0,129,'Mucolitico','11520')
INSERT INTO MEDICAMENTOS (ID_MEDICAMENTO, ID_MONODROGA,NOMBRE_COMERCIAL,ID_LABORATORIO,ID_MARCA,VENTA_LIBRE,ID_PRESENTACION,DESCRIPCION,PRECIO) VALUES(50,35,'CARBAMAZEPINA',20,34,0,51,'Anticonvulsivante','320.55')
INSERT INTO MEDICAMENTOS (ID_MEDICAMENTO, ID_MONODROGA,NOMBRE_COMERCIAL,ID_LABORATORIO,ID_MARCA,VENTA_LIBRE,ID_PRESENTACION,DESCRIPCION,PRECIO) VALUES(51,36,'CARVEDILOL',44,36,0,134,'Betabloqueante','280.03')
INSERT INTO MEDICAMENTOS (ID_MEDICAMENTO, ID_MONODROGA,NOMBRE_COMERCIAL,ID_LABORATORIO,ID_MARCA,VENTA_LIBRE,ID_PRESENTACION,DESCRIPCION,PRECIO) VALUES(52,36,'CARVEDILOL',44,36,0,138,'Betabloqueante','210')
INSERT INTO MEDICAMENTOS (ID_MEDICAMENTO, ID_MONODROGA,NOMBRE_COMERCIAL,ID_LABORATORIO,ID_MARCA,VENTA_LIBRE,ID_PRESENTACION,DESCRIPCION,PRECIO) VALUES(53,36,'CARVEDILOL',44,36,0,153,'Betabloqueante','211.04')
INSERT INTO MEDICAMENTOS (ID_MEDICAMENTO, ID_MONODROGA,NOMBRE_COMERCIAL,ID_LABORATORIO,ID_MARCA,VENTA_LIBRE,ID_PRESENTACION,DESCRIPCION,PRECIO) VALUES(54,37,'CEFALEXINA',24,128,0,71,'Antimicrobiano','450.72')
INSERT INTO MEDICAMENTOS (ID_MEDICAMENTO, ID_MONODROGA,NOMBRE_COMERCIAL,ID_LABORATORIO,ID_MARCA,VENTA_LIBRE,ID_PRESENTACION,DESCRIPCION,PRECIO) VALUES(55,38,'CEFALEXINA',37,37,0,123,'Antimicrobiano','8004.45')
INSERT INTO MEDICAMENTOS (ID_MEDICAMENTO, ID_MONODROGA,NOMBRE_COMERCIAL,ID_LABORATORIO,ID_MARCA,VENTA_LIBRE,ID_PRESENTACION,DESCRIPCION,PRECIO) VALUES(56,39,'CEFTRIAXONA',45,38,0,140,'Antimicrobiano','6890.93')
INSERT INTO MEDICAMENTOS (ID_MEDICAMENTO, ID_MONODROGA,NOMBRE_COMERCIAL,ID_LABORATORIO,ID_MARCA,VENTA_LIBRE,ID_PRESENTACION,DESCRIPCION,PRECIO) VALUES(57,40,'CIPROFLOXACINA',36,39,0,120,'Antimicrobiano','908.51')
INSERT INTO MEDICAMENTOS (ID_MEDICAMENTO, ID_MONODROGA,NOMBRE_COMERCIAL,ID_LABORATORIO,ID_MARCA,VENTA_LIBRE,ID_PRESENTACION,DESCRIPCION,PRECIO) VALUES(58,41,'CLARITROMICINA',1,40,0,79,'Antimicrobiano','16453.16')
INSERT INTO MEDICAMENTOS (ID_MEDICAMENTO, ID_MONODROGA,NOMBRE_COMERCIAL,ID_LABORATORIO,ID_MARCA,VENTA_LIBRE,ID_PRESENTACION,DESCRIPCION,PRECIO) VALUES(59,41,'CLARITROMICINA',1,40,0,105,'Antimicrobiano','1249.52')
INSERT INTO MEDICAMENTOS (ID_MEDICAMENTO, ID_MONODROGA,NOMBRE_COMERCIAL,ID_LABORATORIO,ID_MARCA,VENTA_LIBRE,ID_PRESENTACION,DESCRIPCION,PRECIO) VALUES(60,43,'CLONAZEPAM ',1,42,0,36,'Psicofarmaco','103.74')
INSERT INTO MEDICAMENTOS (ID_MEDICAMENTO, ID_MONODROGA,NOMBRE_COMERCIAL,ID_LABORATORIO,ID_MARCA,VENTA_LIBRE,ID_PRESENTACION,DESCRIPCION,PRECIO) VALUES(61,43,'CLONAZEPAM ',16,42,0,99,'Psicofarmaco','6527.81')
INSERT INTO MEDICAMENTOS (ID_MEDICAMENTO, ID_MONODROGA,NOMBRE_COMERCIAL,ID_LABORATORIO,ID_MARCA,VENTA_LIBRE,ID_PRESENTACION,DESCRIPCION,PRECIO) VALUES(62,43,'CLONAZEPAM ',1,42,0,20,'Psicofarmaco','158.95')
INSERT INTO MEDICAMENTOS (ID_MEDICAMENTO, ID_MONODROGA,NOMBRE_COMERCIAL,ID_LABORATORIO,ID_MARCA,VENTA_LIBRE,ID_PRESENTACION,DESCRIPCION,PRECIO) VALUES(63,43,'CLONAZEPAM ',1,42,0,14,'Psicofarmaco','128.92')
INSERT INTO MEDICAMENTOS (ID_MEDICAMENTO, ID_MONODROGA,NOMBRE_COMERCIAL,ID_LABORATORIO,ID_MARCA,VENTA_LIBRE,ID_PRESENTACION,DESCRIPCION,PRECIO) VALUES(64,44,'CLOTIAPINA ',15,43,0,42,'Psicofarmaco','767.06')
INSERT INTO MEDICAMENTOS (ID_MEDICAMENTO, ID_MONODROGA,NOMBRE_COMERCIAL,ID_LABORATORIO,ID_MARCA,VENTA_LIBRE,ID_PRESENTACION,DESCRIPCION,PRECIO) VALUES(65,45,'CLOTRIMAZOL',5,52,0,13,'Antimicrobiano','3805')
INSERT INTO MEDICAMENTOS (ID_MEDICAMENTO, ID_MONODROGA,NOMBRE_COMERCIAL,ID_LABORATORIO,ID_MARCA,VENTA_LIBRE,ID_PRESENTACION,DESCRIPCION,PRECIO) VALUES(66,46,'DIAZEPAM',1,46,0,22,'Psicofarmaco','107.93')
INSERT INTO MEDICAMENTOS (ID_MEDICAMENTO, ID_MONODROGA,NOMBRE_COMERCIAL,ID_LABORATORIO,ID_MARCA,VENTA_LIBRE,ID_PRESENTACION,DESCRIPCION,PRECIO) VALUES(67,47,'DICLOFENAX',1,47,1,104,'Analgesico','101.5')
INSERT INTO MEDICAMENTOS (ID_MEDICAMENTO, ID_MONODROGA,NOMBRE_COMERCIAL,ID_LABORATORIO,ID_MARCA,VENTA_LIBRE,ID_PRESENTACION,DESCRIPCION,PRECIO) VALUES(68,48,'DIETILTOLUAMIDA',1,118,1,141,'Repelente','100.25')
INSERT INTO MEDICAMENTOS (ID_MEDICAMENTO, ID_MONODROGA,NOMBRE_COMERCIAL,ID_LABORATORIO,ID_MARCA,VENTA_LIBRE,ID_PRESENTACION,DESCRIPCION,PRECIO) VALUES(69,49,'DIFENHIDRAMINA',1,48,0,40,'Antihistaminico','5116.69')
INSERT INTO MEDICAMENTOS (ID_MEDICAMENTO, ID_MONODROGA,NOMBRE_COMERCIAL,ID_LABORATORIO,ID_MARCA,VENTA_LIBRE,ID_PRESENTACION,DESCRIPCION,PRECIO) VALUES(70,50,'DIPIRONA',18,102,1,137,'Analgesico','6232.2')
INSERT INTO MEDICAMENTOS (ID_MEDICAMENTO, ID_MONODROGA,NOMBRE_COMERCIAL,ID_LABORATORIO,ID_MARCA,VENTA_LIBRE,ID_PRESENTACION,DESCRIPCION,PRECIO) VALUES(71,51,'DIVALPROATO DE SODIO',25,75,0,78,'Anticonvulsivante','805.92')
INSERT INTO MEDICAMENTOS (ID_MEDICAMENTO, ID_MONODROGA,NOMBRE_COMERCIAL,ID_LABORATORIO,ID_MARCA,VENTA_LIBRE,ID_PRESENTACION,DESCRIPCION,PRECIO) VALUES(72,52,'DOXICICLINA',42,139,0,132,'Antimicrobiano','422.32')
INSERT INTO MEDICAMENTOS (ID_MEDICAMENTO, ID_MONODROGA,NOMBRE_COMERCIAL,ID_LABORATORIO,ID_MARCA,VENTA_LIBRE,ID_PRESENTACION,DESCRIPCION,PRECIO) VALUES(73,53,'DULOXETINA',17,106,0,72,'Psicofarmaco','1226.86')
INSERT INTO MEDICAMENTOS (ID_MEDICAMENTO, ID_MONODROGA,NOMBRE_COMERCIAL,ID_LABORATORIO,ID_MARCA,VENTA_LIBRE,ID_PRESENTACION,DESCRIPCION,PRECIO) VALUES(74,54,'ENALAPRIL',1,53,0,15,'Antihipertensivo','95.52')
INSERT INTO MEDICAMENTOS (ID_MEDICAMENTO, ID_MONODROGA,NOMBRE_COMERCIAL,ID_LABORATORIO,ID_MARCA,VENTA_LIBRE,ID_PRESENTACION,DESCRIPCION,PRECIO) VALUES(75,54,'ENALAPRIL',1,53,0,6,'Antihipertensivo','95.52')
INSERT INTO MEDICAMENTOS (ID_MEDICAMENTO, ID_MONODROGA,NOMBRE_COMERCIAL,ID_LABORATORIO,ID_MARCA,VENTA_LIBRE,ID_PRESENTACION,DESCRIPCION,PRECIO) VALUES(76,55,'ERITROMICINA',26,54,0,97,'Antimicrobiano','8343.7')
INSERT INTO MEDICAMENTOS (ID_MEDICAMENTO, ID_MONODROGA,NOMBRE_COMERCIAL,ID_LABORATORIO,ID_MARCA,VENTA_LIBRE,ID_PRESENTACION,DESCRIPCION,PRECIO) VALUES(77,56,'ESCITALOPRAM',3,55,0,69,'Psicofarmaco','305.12')
INSERT INTO MEDICAMENTOS (ID_MEDICAMENTO, ID_MONODROGA,NOMBRE_COMERCIAL,ID_LABORATORIO,ID_MARCA,VENTA_LIBRE,ID_PRESENTACION,DESCRIPCION,PRECIO) VALUES(78,58,'FENITOINA SODICA',1,58,0,30,'Anticonvulsivante','272.32')
INSERT INTO MEDICAMENTOS (ID_MEDICAMENTO, ID_MONODROGA,NOMBRE_COMERCIAL,ID_LABORATORIO,ID_MARCA,VENTA_LIBRE,ID_PRESENTACION,DESCRIPCION,PRECIO) VALUES(79,59,'FENOBARBITAL',1,59,0,103,'Antimicrobiano','368')
INSERT INTO MEDICAMENTOS (ID_MEDICAMENTO, ID_MONODROGA,NOMBRE_COMERCIAL,ID_LABORATORIO,ID_MARCA,VENTA_LIBRE,ID_PRESENTACION,DESCRIPCION,PRECIO) VALUES(80,60,'FLUCONAZOL',1,60,0,43,'Antimicrobiano','997.5')
INSERT INTO MEDICAMENTOS (ID_MEDICAMENTO, ID_MONODROGA,NOMBRE_COMERCIAL,ID_LABORATORIO,ID_MARCA,VENTA_LIBRE,ID_PRESENTACION,DESCRIPCION,PRECIO) VALUES(81,61,'FLUOXETINA ',1,61,0,52,'Psicofarmaco','122.92')
INSERT INTO MEDICAMENTOS (ID_MEDICAMENTO, ID_MONODROGA,NOMBRE_COMERCIAL,ID_LABORATORIO,ID_MARCA,VENTA_LIBRE,ID_PRESENTACION,DESCRIPCION,PRECIO) VALUES(82,62,'FOSFOMICINA TROMETAMOL',38,62,0,124,'Antimicrobiano','13839.09')
INSERT INTO MEDICAMENTOS (ID_MEDICAMENTO, ID_MONODROGA,NOMBRE_COMERCIAL,ID_LABORATORIO,ID_MARCA,VENTA_LIBRE,ID_PRESENTACION,DESCRIPCION,PRECIO) VALUES(83,63,'FUROSEMIDA',1,64,0,101,'Diuretico','171.9')
INSERT INTO MEDICAMENTOS (ID_MEDICAMENTO, ID_MONODROGA,NOMBRE_COMERCIAL,ID_LABORATORIO,ID_MARCA,VENTA_LIBRE,ID_PRESENTACION,DESCRIPCION,PRECIO) VALUES(84,64,'GLICLAZIDA',12,9,0,32,'Hipoglucemiante','683.86')
INSERT INTO MEDICAMENTOS (ID_MEDICAMENTO, ID_MONODROGA,NOMBRE_COMERCIAL,ID_LABORATORIO,ID_MARCA,VENTA_LIBRE,ID_PRESENTACION,DESCRIPCION,PRECIO) VALUES(85,64,'GLICLAZIDA',12,8,0,68,'Hipoglucemiante','356.8')
INSERT INTO MEDICAMENTOS (ID_MEDICAMENTO, ID_MONODROGA,NOMBRE_COMERCIAL,ID_LABORATORIO,ID_MARCA,VENTA_LIBRE,ID_PRESENTACION,DESCRIPCION,PRECIO) VALUES(86,65,'HALOPERIDOL',41,68,0,22,'Psicofarmaco','540.55')
INSERT INTO MEDICAMENTOS (ID_MEDICAMENTO, ID_MONODROGA,NOMBRE_COMERCIAL,ID_LABORATORIO,ID_MARCA,VENTA_LIBRE,ID_PRESENTACION,DESCRIPCION,PRECIO) VALUES(87,66,'HALOPERIDOL DECANOATO',1,69,0,173,'Psicofarmaco','956.8')
INSERT INTO MEDICAMENTOS (ID_MEDICAMENTO, ID_MONODROGA,NOMBRE_COMERCIAL,ID_LABORATORIO,ID_MARCA,VENTA_LIBRE,ID_PRESENTACION,DESCRIPCION,PRECIO) VALUES(88,66,'HALOPERIDOL DECANOATO',20,69,0,113,'Psicofarmaco','26917.03')
INSERT INTO MEDICAMENTOS (ID_MEDICAMENTO, ID_MONODROGA,NOMBRE_COMERCIAL,ID_LABORATORIO,ID_MARCA,VENTA_LIBRE,ID_PRESENTACION,DESCRIPCION,PRECIO) VALUES(89,67,'HIDROCLOROTIAZIDA',1,49,0,70,'Diuretico','423.44')
INSERT INTO MEDICAMENTOS (ID_MEDICAMENTO, ID_MONODROGA,NOMBRE_COMERCIAL,ID_LABORATORIO,ID_MARCA,VENTA_LIBRE,ID_PRESENTACION,DESCRIPCION,PRECIO) VALUES(90,67,'HIDROCLOROTIAZIDA',34,49,0,18,'Diuretico','253.07')
INSERT INTO MEDICAMENTOS (ID_MEDICAMENTO, ID_MONODROGA,NOMBRE_COMERCIAL,ID_LABORATORIO,ID_MARCA,VENTA_LIBRE,ID_PRESENTACION,DESCRIPCION,PRECIO) VALUES(91,68,'HIERRO +  AC FOLICO',48,143,0,147,'Suplemento','256.2')
INSERT INTO MEDICAMENTOS (ID_MEDICAMENTO, ID_MONODROGA,NOMBRE_COMERCIAL,ID_LABORATORIO,ID_MARCA,VENTA_LIBRE,ID_PRESENTACION,DESCRIPCION,PRECIO) VALUES(92,69,'HIERRO SULFATO',1,70,0,56,'Suplemento ','3870.7')
INSERT INTO MEDICAMENTOS (ID_MEDICAMENTO, ID_MONODROGA,NOMBRE_COMERCIAL,ID_LABORATORIO,ID_MARCA,VENTA_LIBRE,ID_PRESENTACION,DESCRIPCION,PRECIO) VALUES(93,69,'HIERRO SULFATO',35,57,0,151,'Suplemento ','3870.7')
INSERT INTO MEDICAMENTOS (ID_MEDICAMENTO, ID_MONODROGA,NOMBRE_COMERCIAL,ID_LABORATORIO,ID_MARCA,VENTA_LIBRE,ID_PRESENTACION,DESCRIPCION,PRECIO) VALUES(94,70,'HIOSCINA BUTIL BROMURO + PARACETAMOL',10,33,0,29,'Antiespasmodico','3289.2')
INSERT INTO MEDICAMENTOS (ID_MEDICAMENTO, ID_MONODROGA,NOMBRE_COMERCIAL,ID_LABORATORIO,ID_MARCA,VENTA_LIBRE,ID_PRESENTACION,DESCRIPCION,PRECIO) VALUES(95,71,'IBUPROFENO',1,74,1,12,'Analgesico','4050')
INSERT INTO MEDICAMENTOS (ID_MEDICAMENTO, ID_MONODROGA,NOMBRE_COMERCIAL,ID_LABORATORIO,ID_MARCA,VENTA_LIBRE,ID_PRESENTACION,DESCRIPCION,PRECIO) VALUES(96,71,'IBUPROFENO',1,74,1,114,'Analgesico','152.17')
INSERT INTO MEDICAMENTOS (ID_MEDICAMENTO, ID_MONODROGA,NOMBRE_COMERCIAL,ID_LABORATORIO,ID_MARCA,VENTA_LIBRE,ID_PRESENTACION,DESCRIPCION,PRECIO) VALUES(97,71,'IBUPROFENO',7,73,1,21,'Analgesico','3041.26')
INSERT INTO MEDICAMENTOS (ID_MEDICAMENTO, ID_MONODROGA,NOMBRE_COMERCIAL,ID_LABORATORIO,ID_MARCA,VENTA_LIBRE,ID_PRESENTACION,DESCRIPCION,PRECIO) VALUES(98,71,'IBUPROFENO',7,72,1,65,'Analgesico','152.17')
INSERT INTO MEDICAMENTOS (ID_MEDICAMENTO, ID_MONODROGA,NOMBRE_COMERCIAL,ID_LABORATORIO,ID_MARCA,VENTA_LIBRE,ID_PRESENTACION,DESCRIPCION,PRECIO) VALUES(99,72,'IPRATROPIO',51,7,0,100,'Broncodilatador','11458')
INSERT INTO MEDICAMENTOS (ID_MEDICAMENTO, ID_MONODROGA,NOMBRE_COMERCIAL,ID_LABORATORIO,ID_MARCA,VENTA_LIBRE,ID_PRESENTACION,DESCRIPCION,PRECIO) VALUES(100,73,'IVERMECTINA',1,76,0,92,'Antimicrobiano','2024.84')
INSERT INTO MEDICAMENTOS (ID_MEDICAMENTO, ID_MONODROGA,NOMBRE_COMERCIAL,ID_LABORATORIO,ID_MARCA,VENTA_LIBRE,ID_PRESENTACION,DESCRIPCION,PRECIO) VALUES(101,73,'IVERMECTINA',1,76,0,136,'Antimicrobiano','10965')
INSERT INTO MEDICAMENTOS (ID_MEDICAMENTO, ID_MONODROGA,NOMBRE_COMERCIAL,ID_LABORATORIO,ID_MARCA,VENTA_LIBRE,ID_PRESENTACION,DESCRIPCION,PRECIO) VALUES(102,74,'IVERTAL',52,77,0,162,'Antimicrobiano','2024.84')
INSERT INTO MEDICAMENTOS (ID_MEDICAMENTO, ID_MONODROGA,NOMBRE_COMERCIAL,ID_LABORATORIO,ID_MARCA,VENTA_LIBRE,ID_PRESENTACION,DESCRIPCION,PRECIO) VALUES(103,76,'LAMOTRIGINA',22,80,0,58,'Anticonvulsivante','1131.88')
INSERT INTO MEDICAMENTOS (ID_MEDICAMENTO, ID_MONODROGA,NOMBRE_COMERCIAL,ID_LABORATORIO,ID_MARCA,VENTA_LIBRE,ID_PRESENTACION,DESCRIPCION,PRECIO) VALUES(104,77,'LEVETIRACETAM',35,82,0,117,'Anticonvulsivante','72048.42')
INSERT INTO MEDICAMENTOS (ID_MEDICAMENTO, ID_MONODROGA,NOMBRE_COMERCIAL,ID_LABORATORIO,ID_MARCA,VENTA_LIBRE,ID_PRESENTACION,DESCRIPCION,PRECIO) VALUES(105,77,'LEVETIRACETAM',19,81,0,50,'Anticonvulsivante','3080.42')
INSERT INTO MEDICAMENTOS (ID_MEDICAMENTO, ID_MONODROGA,NOMBRE_COMERCIAL,ID_LABORATORIO,ID_MARCA,VENTA_LIBRE,ID_PRESENTACION,DESCRIPCION,PRECIO) VALUES(106,79,'LEVOMEPROMAZINA',3,83,0,37,'Psicofarmaco','134.69')
INSERT INTO MEDICAMENTOS (ID_MEDICAMENTO, ID_MONODROGA,NOMBRE_COMERCIAL,ID_LABORATORIO,ID_MARCA,VENTA_LIBRE,ID_PRESENTACION,DESCRIPCION,PRECIO) VALUES(107,80,'LEVOTIROXINA',17,129,0,59,'Tiroideo','282.71')
INSERT INTO MEDICAMENTOS (ID_MEDICAMENTO, ID_MONODROGA,NOMBRE_COMERCIAL,ID_LABORATORIO,ID_MARCA,VENTA_LIBRE,ID_PRESENTACION,DESCRIPCION,PRECIO) VALUES(108,80,'LEVOTIROXINA',17,129,0,48,'Tiroideo','135.45')
INSERT INTO MEDICAMENTOS (ID_MEDICAMENTO, ID_MONODROGA,NOMBRE_COMERCIAL,ID_LABORATORIO,ID_MARCA,VENTA_LIBRE,ID_PRESENTACION,DESCRIPCION,PRECIO) VALUES(109,81,'LIVOPEN SPORTS AEROSOL NARANJA',43,85,1,133,'Repelente','6280')
INSERT INTO MEDICAMENTOS (ID_MEDICAMENTO, ID_MONODROGA,NOMBRE_COMERCIAL,ID_LABORATORIO,ID_MARCA,VENTA_LIBRE,ID_PRESENTACION,DESCRIPCION,PRECIO) VALUES(110,82,'LORATADINA',1,86,0,45,'Antihistaminico','219.52')
INSERT INTO MEDICAMENTOS (ID_MEDICAMENTO, ID_MONODROGA,NOMBRE_COMERCIAL,ID_LABORATORIO,ID_MARCA,VENTA_LIBRE,ID_PRESENTACION,DESCRIPCION,PRECIO) VALUES(111,82,'LORATADINA',1,86,0,33,'Antihistaminico','4259.56')
INSERT INTO MEDICAMENTOS (ID_MEDICAMENTO, ID_MONODROGA,NOMBRE_COMERCIAL,ID_LABORATORIO,ID_MARCA,VENTA_LIBRE,ID_PRESENTACION,DESCRIPCION,PRECIO) VALUES(112,82,'LORATADINA',7,103,0,118,'Antihistaminico','4892.87')
INSERT INTO MEDICAMENTOS (ID_MEDICAMENTO, ID_MONODROGA,NOMBRE_COMERCIAL,ID_LABORATORIO,ID_MARCA,VENTA_LIBRE,ID_PRESENTACION,DESCRIPCION,PRECIO) VALUES(113,83,'LORAZEPAM',1,87,0,81,'Psicofarmaco','85.22')
INSERT INTO MEDICAMENTOS (ID_MEDICAMENTO, ID_MONODROGA,NOMBRE_COMERCIAL,ID_LABORATORIO,ID_MARCA,VENTA_LIBRE,ID_PRESENTACION,DESCRIPCION,PRECIO) VALUES(114,84,'LOSARTAN',1,88,0,18,'Antihipertensivo','103')
INSERT INTO MEDICAMENTOS (ID_MEDICAMENTO, ID_MONODROGA,NOMBRE_COMERCIAL,ID_LABORATORIO,ID_MARCA,VENTA_LIBRE,ID_PRESENTACION,DESCRIPCION,PRECIO) VALUES(115,84,'LOSARTAN',1,88,0,3,'Antihipertensivo','103')
INSERT INTO MEDICAMENTOS (ID_MEDICAMENTO, ID_MONODROGA,NOMBRE_COMERCIAL,ID_LABORATORIO,ID_MARCA,VENTA_LIBRE,ID_PRESENTACION,DESCRIPCION,PRECIO) VALUES(116,85,'MEBENDAZOL',6,91,0,60,'Antimicrobiano','3629.94')
INSERT INTO MEDICAMENTOS (ID_MEDICAMENTO, ID_MONODROGA,NOMBRE_COMERCIAL,ID_LABORATORIO,ID_MARCA,VENTA_LIBRE,ID_PRESENTACION,DESCRIPCION,PRECIO) VALUES(117,85,'MEBENDAZOL',23,136,0,61,'Antimicrobiano','1472.29')
INSERT INTO MEDICAMENTOS (ID_MEDICAMENTO, ID_MONODROGA,NOMBRE_COMERCIAL,ID_LABORATORIO,ID_MARCA,VENTA_LIBRE,ID_PRESENTACION,DESCRIPCION,PRECIO) VALUES(118,86,'MEPREDNISONA',8,93,0,93,'Corticoide','5367.34')
INSERT INTO MEDICAMENTOS (ID_MEDICAMENTO, ID_MONODROGA,NOMBRE_COMERCIAL,ID_LABORATORIO,ID_MARCA,VENTA_LIBRE,ID_PRESENTACION,DESCRIPCION,PRECIO) VALUES(119,86,'MEPREDNISONA',1,92,0,25,'Corticoide','395.55')
INSERT INTO MEDICAMENTOS (ID_MEDICAMENTO, ID_MONODROGA,NOMBRE_COMERCIAL,ID_LABORATORIO,ID_MARCA,VENTA_LIBRE,ID_PRESENTACION,DESCRIPCION,PRECIO) VALUES(120,87,'METFORMINA',1,95,0,2,'Hipoglucemiante','170')
INSERT INTO MEDICAMENTOS (ID_MEDICAMENTO, ID_MONODROGA,NOMBRE_COMERCIAL,ID_LABORATORIO,ID_MARCA,VENTA_LIBRE,ID_PRESENTACION,DESCRIPCION,PRECIO) VALUES(121,87,'METFORMINA',1,94,0,128,'Hipoglucemiante','170')
INSERT INTO MEDICAMENTOS (ID_MEDICAMENTO, ID_MONODROGA,NOMBRE_COMERCIAL,ID_LABORATORIO,ID_MARCA,VENTA_LIBRE,ID_PRESENTACION,DESCRIPCION,PRECIO) VALUES(122,87,'METFORMINA',17,45,0,82,'Hipoglucemiante','145.45')
INSERT INTO MEDICAMENTOS (ID_MEDICAMENTO, ID_MONODROGA,NOMBRE_COMERCIAL,ID_LABORATORIO,ID_MARCA,VENTA_LIBRE,ID_PRESENTACION,DESCRIPCION,PRECIO) VALUES(123,87,'METFORMINA',17,94,0,102,'Hipoglucemiante','170')
INSERT INTO MEDICAMENTOS (ID_MEDICAMENTO, ID_MONODROGA,NOMBRE_COMERCIAL,ID_LABORATORIO,ID_MARCA,VENTA_LIBRE,ID_PRESENTACION,DESCRIPCION,PRECIO) VALUES(124,87,'METFORMINA',17,45,0,85,'Hipoglucemiante','145.27')
INSERT INTO MEDICAMENTOS (ID_MEDICAMENTO, ID_MONODROGA,NOMBRE_COMERCIAL,ID_LABORATORIO,ID_MARCA,VENTA_LIBRE,ID_PRESENTACION,DESCRIPCION,PRECIO) VALUES(125,88,'METOCLOPRAMIDA ADULTO',8,135,0,23,'Prokinetico','2369.11')
INSERT INTO MEDICAMENTOS (ID_MEDICAMENTO, ID_MONODROGA,NOMBRE_COMERCIAL,ID_LABORATORIO,ID_MARCA,VENTA_LIBRE,ID_PRESENTACION,DESCRIPCION,PRECIO) VALUES(126,89,'METOCLOPRAMIDA NIÑOS',1,96,0,63,'Prokinetico','2379.07')
INSERT INTO MEDICAMENTOS (ID_MEDICAMENTO, ID_MONODROGA,NOMBRE_COMERCIAL,ID_LABORATORIO,ID_MARCA,VENTA_LIBRE,ID_PRESENTACION,DESCRIPCION,PRECIO) VALUES(127,90,'METRONIDAZOL',16,98,0,122,'Antimicrobiano','8626.74')
INSERT INTO MEDICAMENTOS (ID_MEDICAMENTO, ID_MONODROGA,NOMBRE_COMERCIAL,ID_LABORATORIO,ID_MARCA,VENTA_LIBRE,ID_PRESENTACION,DESCRIPCION,PRECIO) VALUES(128,90,'METRONIDAZOL',1,97,0,35,'Antimicrobiano','327.91')
INSERT INTO MEDICAMENTOS (ID_MEDICAMENTO, ID_MONODROGA,NOMBRE_COMERCIAL,ID_LABORATORIO,ID_MARCA,VENTA_LIBRE,ID_PRESENTACION,DESCRIPCION,PRECIO) VALUES(129,91,'MICONAZOL',2,99,0,4,'Antimicrobiano','4658')
INSERT INTO MEDICAMENTOS (ID_MEDICAMENTO, ID_MONODROGA,NOMBRE_COMERCIAL,ID_LABORATORIO,ID_MARCA,VENTA_LIBRE,ID_PRESENTACION,DESCRIPCION,PRECIO) VALUES(130,92,'MICONAZOL+ METRONIDAZOL',6,90,0,17,'Antimicrobiano','1542.03')
INSERT INTO MEDICAMENTOS (ID_MEDICAMENTO, ID_MONODROGA,NOMBRE_COMERCIAL,ID_LABORATORIO,ID_MARCA,VENTA_LIBRE,ID_PRESENTACION,DESCRIPCION,PRECIO) VALUES(131,93,'MICOTRAL',2,99,0,168,'Antimicrobiano','7954.28')
INSERT INTO MEDICAMENTOS (ID_MEDICAMENTO, ID_MONODROGA,NOMBRE_COMERCIAL,ID_LABORATORIO,ID_MARCA,VENTA_LIBRE,ID_PRESENTACION,DESCRIPCION,PRECIO) VALUES(132,94,'NISTATINA',21,101,0,55,'Antimicrobiano','14763.46')
INSERT INTO MEDICAMENTOS (ID_MEDICAMENTO, ID_MONODROGA,NOMBRE_COMERCIAL,ID_LABORATORIO,ID_MARCA,VENTA_LIBRE,ID_PRESENTACION,DESCRIPCION,PRECIO) VALUES(133,95,'OLANZAPINA ',3,104,0,54,'Psicofarmaco','427.93')
INSERT INTO MEDICAMENTOS (ID_MEDICAMENTO, ID_MONODROGA,NOMBRE_COMERCIAL,ID_LABORATORIO,ID_MARCA,VENTA_LIBRE,ID_PRESENTACION,DESCRIPCION,PRECIO) VALUES(134,96,'OMEPRAZOL',13,67,0,38,'Antiulceroso','121.32')
INSERT INTO MEDICAMENTOS (ID_MEDICAMENTO, ID_MONODROGA,NOMBRE_COMERCIAL,ID_LABORATORIO,ID_MARCA,VENTA_LIBRE,ID_PRESENTACION,DESCRIPCION,PRECIO) VALUES(135,97,'OXCARBAMAZEPINA',47,134,0,146,'Anticonvulsivante','462.2')
INSERT INTO MEDICAMENTOS (ID_MEDICAMENTO, ID_MONODROGA,NOMBRE_COMERCIAL,ID_LABORATORIO,ID_MARCA,VENTA_LIBRE,ID_PRESENTACION,DESCRIPCION,PRECIO) VALUES(136,98,'PARACETAMOL',1,107,1,1,'Analgesico','169.43')
INSERT INTO MEDICAMENTOS (ID_MEDICAMENTO, ID_MONODROGA,NOMBRE_COMERCIAL,ID_LABORATORIO,ID_MARCA,VENTA_LIBRE,ID_PRESENTACION,DESCRIPCION,PRECIO) VALUES(137,98,'PARACETAMOL',1,107,1,19,'Analgesico','3484.48')
INSERT INTO MEDICAMENTOS (ID_MEDICAMENTO, ID_MONODROGA,NOMBRE_COMERCIAL,ID_LABORATORIO,ID_MARCA,VENTA_LIBRE,ID_PRESENTACION,DESCRIPCION,PRECIO) VALUES(138,98,'PARACETAMOL',18,107,1,84,'Analgesico','36.82')
INSERT INTO MEDICAMENTOS (ID_MEDICAMENTO, ID_MONODROGA,NOMBRE_COMERCIAL,ID_LABORATORIO,ID_MARCA,VENTA_LIBRE,ID_PRESENTACION,DESCRIPCION,PRECIO) VALUES(139,99,'PARACETAMOL',18,108,1,167,'Analgesico','38.5')
INSERT INTO MEDICAMENTOS (ID_MEDICAMENTO, ID_MONODROGA,NOMBRE_COMERCIAL,ID_LABORATORIO,ID_MARCA,VENTA_LIBRE,ID_PRESENTACION,DESCRIPCION,PRECIO) VALUES(140,100,'PAROXETINA ',3,109,0,91,'Psicofarmaco','367.37')
INSERT INTO MEDICAMENTOS (ID_MEDICAMENTO, ID_MONODROGA,NOMBRE_COMERCIAL,ID_LABORATORIO,ID_MARCA,VENTA_LIBRE,ID_PRESENTACION,DESCRIPCION,PRECIO) VALUES(141,101,'PENICILINA G',44,110,0,172,'Antimicrobiano','3564')
INSERT INTO MEDICAMENTOS (ID_MEDICAMENTO, ID_MONODROGA,NOMBRE_COMERCIAL,ID_LABORATORIO,ID_MARCA,VENTA_LIBRE,ID_PRESENTACION,DESCRIPCION,PRECIO) VALUES(142,102,'PERMETRINA',28,111,0,89,'Antimicrobiano','7607.5')
INSERT INTO MEDICAMENTOS (ID_MEDICAMENTO, ID_MONODROGA,NOMBRE_COMERCIAL,ID_LABORATORIO,ID_MARCA,VENTA_LIBRE,ID_PRESENTACION,DESCRIPCION,PRECIO) VALUES(143,103,'PERMETRINA + BENZOATO DE BENCILO + BENZOCAÍNA',28,63,0,98,'Antimicrobiano','10072.5')
INSERT INTO MEDICAMENTOS (ID_MEDICAMENTO, ID_MONODROGA,NOMBRE_COMERCIAL,ID_LABORATORIO,ID_MARCA,VENTA_LIBRE,ID_PRESENTACION,DESCRIPCION,PRECIO) VALUES(144,104,'PERMETRINA+ASOC.',51,89,0,80,'Antimicrobiano','4071.5')
INSERT INTO MEDICAMENTOS (ID_MEDICAMENTO, ID_MONODROGA,NOMBRE_COMERCIAL,ID_LABORATORIO,ID_MARCA,VENTA_LIBRE,ID_PRESENTACION,DESCRIPCION,PRECIO) VALUES(145,105,'POLIVITAMINICO',4,141,0,96,'Suplemento ','6186.7')
INSERT INTO MEDICAMENTOS (ID_MEDICAMENTO, ID_MONODROGA,NOMBRE_COMERCIAL,ID_LABORATORIO,ID_MARCA,VENTA_LIBRE,ID_PRESENTACION,DESCRIPCION,PRECIO) VALUES(146,106,'PREGABALINA',3,112,1,39,'Analgesico','705.92')
INSERT INTO MEDICAMENTOS (ID_MEDICAMENTO, ID_MONODROGA,NOMBRE_COMERCIAL,ID_LABORATORIO,ID_MARCA,VENTA_LIBRE,ID_PRESENTACION,DESCRIPCION,PRECIO) VALUES(147,107,'QUETIAPINA',3,113,0,163,'Psicofarmaco','606.22')
INSERT INTO MEDICAMENTOS (ID_MEDICAMENTO, ID_MONODROGA,NOMBRE_COMERCIAL,ID_LABORATORIO,ID_MARCA,VENTA_LIBRE,ID_PRESENTACION,DESCRIPCION,PRECIO) VALUES(148,108,'QUETIAPINA ',3,114,0,30,'Psicofarmaco','459.96')
INSERT INTO MEDICAMENTOS (ID_MEDICAMENTO, ID_MONODROGA,NOMBRE_COMERCIAL,ID_LABORATORIO,ID_MARCA,VENTA_LIBRE,ID_PRESENTACION,DESCRIPCION,PRECIO) VALUES(149,109,'REPELENTE DE INSECTOS',1,1,1,139,'Repelente','3860')
INSERT INTO MEDICAMENTOS (ID_MEDICAMENTO, ID_MONODROGA,NOMBRE_COMERCIAL,ID_LABORATORIO,ID_MARCA,VENTA_LIBRE,ID_PRESENTACION,DESCRIPCION,PRECIO) VALUES(150,110,'RISPERIDONA',1,120,0,66,'Psicofarmaco','163.39')
INSERT INTO MEDICAMENTOS (ID_MEDICAMENTO, ID_MONODROGA,NOMBRE_COMERCIAL,ID_LABORATORIO,ID_MARCA,VENTA_LIBRE,ID_PRESENTACION,DESCRIPCION,PRECIO) VALUES(151,110,'RISPERIDONA',16,120,0,47,'Psicofarmaco','249.24')
INSERT INTO MEDICAMENTOS (ID_MEDICAMENTO, ID_MONODROGA,NOMBRE_COMERCIAL,ID_LABORATORIO,ID_MARCA,VENTA_LIBRE,ID_PRESENTACION,DESCRIPCION,PRECIO) VALUES(152,110,'RISPERIDONA',16,120,0,148,'Psicofarmaco','3215')
INSERT INTO MEDICAMENTOS (ID_MEDICAMENTO, ID_MONODROGA,NOMBRE_COMERCIAL,ID_LABORATORIO,ID_MARCA,VENTA_LIBRE,ID_PRESENTACION,DESCRIPCION,PRECIO) VALUES(153,111,'ROSUVASTATINA',31,122,0,127,'Estatina','696.08')
INSERT INTO MEDICAMENTOS (ID_MEDICAMENTO, ID_MONODROGA,NOMBRE_COMERCIAL,ID_LABORATORIO,ID_MARCA,VENTA_LIBRE,ID_PRESENTACION,DESCRIPCION,PRECIO) VALUES(154,112,'SALBUTAMOL',1,123,0,11,'Broncodilatador','7837')
INSERT INTO MEDICAMENTOS (ID_MEDICAMENTO, ID_MONODROGA,NOMBRE_COMERCIAL,ID_LABORATORIO,ID_MARCA,VENTA_LIBRE,ID_PRESENTACION,DESCRIPCION,PRECIO) VALUES(155,113,'SERTRALINA ',3,126,0,7,'Psicofarmaco','236.32')
INSERT INTO MEDICAMENTOS (ID_MEDICAMENTO, ID_MONODROGA,NOMBRE_COMERCIAL,ID_LABORATORIO,ID_MARCA,VENTA_LIBRE,ID_PRESENTACION,DESCRIPCION,PRECIO) VALUES(156,114,'SODIO, CLORURO + ASOC.',27,124,0,169,'Suplemento ','1235')
INSERT INTO MEDICAMENTOS (ID_MEDICAMENTO, ID_MONODROGA,NOMBRE_COMERCIAL,ID_LABORATORIO,ID_MARCA,VENTA_LIBRE,ID_PRESENTACION,DESCRIPCION,PRECIO) VALUES(157,115,'SODIO,CLORURO+ASOC.',27,125,0,142,'Suplemento ','4560.17')
INSERT INTO MEDICAMENTOS (ID_MEDICAMENTO, ID_MONODROGA,NOMBRE_COMERCIAL,ID_LABORATORIO,ID_MARCA,VENTA_LIBRE,ID_PRESENTACION,DESCRIPCION,PRECIO) VALUES(158,116,'SUCRALFATO ',39,66,0,126,'Antiulceroso','7521')
INSERT INTO MEDICAMENTOS (ID_MEDICAMENTO, ID_MONODROGA,NOMBRE_COMERCIAL,ID_LABORATORIO,ID_MARCA,VENTA_LIBRE,ID_PRESENTACION,DESCRIPCION,PRECIO) VALUES(159,117,'SULFAMETOXAZOL+TRIMETOPRIMA',25,50,0,171,'Antimicrobiano','3256')
INSERT INTO MEDICAMENTOS (ID_MEDICAMENTO, ID_MONODROGA,NOMBRE_COMERCIAL,ID_LABORATORIO,ID_MARCA,VENTA_LIBRE,ID_PRESENTACION,DESCRIPCION,PRECIO) VALUES(160,119,'SULFATO FERROSO ',35,127,0,150,'Suplemento ','630')
INSERT INTO MEDICAMENTOS (ID_MEDICAMENTO, ID_MONODROGA,NOMBRE_COMERCIAL,ID_LABORATORIO,ID_MARCA,VENTA_LIBRE,ID_PRESENTACION,DESCRIPCION,PRECIO) VALUES(161,120,'TOBRAMICINA',9,132,0,27,'Antimicrobiano','4754.14')
INSERT INTO MEDICAMENTOS (ID_MEDICAMENTO, ID_MONODROGA,NOMBRE_COMERCIAL,ID_LABORATORIO,ID_MARCA,VENTA_LIBRE,ID_PRESENTACION,DESCRIPCION,PRECIO) VALUES(162,121,'TOBRAMICINA + DEXAMETASONA',21,131,0,76,'Antimicrobiano','6055.71')
INSERT INTO MEDICAMENTOS (ID_MEDICAMENTO, ID_MONODROGA,NOMBRE_COMERCIAL,ID_LABORATORIO,ID_MARCA,VENTA_LIBRE,ID_PRESENTACION,DESCRIPCION,PRECIO) VALUES(163,121,'TOBRAMICINA + DEXAMETASONA',21,131,0,76,'Antimicrobiano','6055.71')
INSERT INTO MEDICAMENTOS (ID_MEDICAMENTO, ID_MONODROGA,NOMBRE_COMERCIAL,ID_LABORATORIO,ID_MARCA,VENTA_LIBRE,ID_PRESENTACION,DESCRIPCION,PRECIO) VALUES(164,122,'TOPIRAMATO ',32,133,0,30,'Anticonvulsivante','1485.07')
INSERT INTO MEDICAMENTOS (ID_MEDICAMENTO, ID_MONODROGA,NOMBRE_COMERCIAL,ID_LABORATORIO,ID_MARCA,VENTA_LIBRE,ID_PRESENTACION,DESCRIPCION,PRECIO) VALUES(165,122,'TOPIRAMATO ',32,133,0,109,'Anticonvulsivante','478.12')
INSERT INTO MEDICAMENTOS (ID_MEDICAMENTO, ID_MONODROGA,NOMBRE_COMERCIAL,ID_LABORATORIO,ID_MARCA,VENTA_LIBRE,ID_PRESENTACION,DESCRIPCION,PRECIO) VALUES(166,123,'TRIMEBUTINA',24,117,0,166,'Antiespasmodico','288.59')
INSERT INTO MEDICAMENTOS (ID_MEDICAMENTO, ID_MONODROGA,NOMBRE_COMERCIAL,ID_LABORATORIO,ID_MARCA,VENTA_LIBRE,ID_PRESENTACION,DESCRIPCION,PRECIO) VALUES(167,125,'VENLAFAXINA',3,138,0,90,'Psicofarmaco','341.53')
INSERT INTO MEDICAMENTOS (ID_MEDICAMENTO, ID_MONODROGA,NOMBRE_COMERCIAL,ID_LABORATORIO,ID_MARCA,VENTA_LIBRE,ID_PRESENTACION,DESCRIPCION,PRECIO) VALUES(168,126,'VIT A+ VIT C+ VIT D',14,130,0,29,'Suplemento ','5698')
INSERT INTO MEDICAMENTOS (ID_MEDICAMENTO, ID_MONODROGA,NOMBRE_COMERCIAL,ID_LABORATORIO,ID_MARCA,VENTA_LIBRE,ID_PRESENTACION,DESCRIPCION,PRECIO) VALUES(169,127,'VITAMINA A 600000UI + OXIDO DE ZINC +ASOC  ',1,71,1,67,'Cicatrizante','8193.62')
INSERT INTO MEDICAMENTOS (ID_MEDICAMENTO, ID_MONODROGA,NOMBRE_COMERCIAL,ID_LABORATORIO,ID_MARCA,VENTA_LIBRE,ID_PRESENTACION,DESCRIPCION,PRECIO) VALUES(170,128,'ZOLPIDEM',3,144,0,22,'Psicofarmaco','285.96')
INSERT INTO MEDICAMENTOS (ID_MEDICAMENTO, ID_MONODROGA,NOMBRE_COMERCIAL,ID_LABORATORIO,ID_MARCA,VENTA_LIBRE,ID_PRESENTACION,DESCRIPCION,PRECIO) VALUES(171,129,'ZUCLOPENTIX DECANOATO',29,145,0,94,'Psicofarmaco','28128.04')
INSERT INTO MEDICAMENTOS (ID_MEDICAMENTO, ID_MONODROGA,NOMBRE_COMERCIAL,ID_LABORATORIO,ID_MARCA,VENTA_LIBRE,ID_PRESENTACION,DESCRIPCION,PRECIO) VALUES(172,130,'ZUCLOPENTIXOL ACETATO',1,146,0,174,'Psicofarmaco','2587')
INSERT INTO MEDICAMENTOS (ID_MEDICAMENTO, ID_MONODROGA,NOMBRE_COMERCIAL,ID_LABORATORIO,ID_MARCA,VENTA_LIBRE,ID_PRESENTACION,DESCRIPCION,PRECIO) VALUES(173,36,'CARVEDILOL',1,35,0,154,'Psicofarmaco','210')
INSERT INTO MEDICAMENTOS (ID_MEDICAMENTO, ID_MONODROGA,NOMBRE_COMERCIAL,ID_LABORATORIO,ID_MARCA,VENTA_LIBRE,ID_PRESENTACION,DESCRIPCION,PRECIO) VALUES(174,36,'OXCARBAMAZEPINA',1,35,0,154,'Betabloqueante','1219.75')
INSERT INTO MEDICAMENTOS (ID_MEDICAMENTO, ID_MONODROGA,NOMBRE_COMERCIAL,ID_LABORATORIO,ID_MARCA,VENTA_LIBRE,ID_PRESENTACION,DESCRIPCION,PRECIO) VALUES(175,8,'ALPRAZOLAM',1,11,0,149,'Psicofarmaco','167.94')
INSERT INTO MEDICAMENTOS (ID_MEDICAMENTO, ID_MONODROGA,NOMBRE_COMERCIAL,ID_LABORATORIO,ID_MARCA,VENTA_LIBRE,ID_PRESENTACION,DESCRIPCION,PRECIO) VALUES(176,76,'LAMOTRIGINA',22,80,0,157,'Psicofarmaco','1810.06')
INSERT INTO MEDICAMENTOS (ID_MEDICAMENTO, ID_MONODROGA,NOMBRE_COMERCIAL,ID_LABORATORIO,ID_MARCA,VENTA_LIBRE,ID_PRESENTACION,DESCRIPCION,PRECIO) VALUES(177,89,'METOCLOPRAMIDA NINOS',1,96,0,63,'Antiemetico','2379.07')
INSERT INTO MEDICAMENTOS (ID_MEDICAMENTO, ID_MONODROGA,NOMBRE_COMERCIAL,ID_LABORATORIO,ID_MARCA,VENTA_LIBRE,ID_PRESENTACION,DESCRIPCION,PRECIO) VALUES(178,58,'FENITOINA',1,58,0,30,'Anticonvulsivante','286.09')
INSERT INTO MEDICAMENTOS (ID_MEDICAMENTO, ID_MONODROGA,NOMBRE_COMERCIAL,ID_LABORATORIO,ID_MARCA,VENTA_LIBRE,ID_PRESENTACION,DESCRIPCION,PRECIO) VALUES(179,112,'SALBUTAMOL',1,123,0,11,'Broncodilatador','6987')
INSERT INTO MEDICAMENTOS (ID_MEDICAMENTO, ID_MONODROGA,NOMBRE_COMERCIAL,ID_LABORATORIO,ID_MARCA,VENTA_LIBRE,ID_PRESENTACION,DESCRIPCION,PRECIO) VALUES(180,57,'ESPIRONOLACTONA',1,147,0,152,'Diuretico','244.41')
INSERT INTO MEDICAMENTOS (ID_MEDICAMENTO, ID_MONODROGA,NOMBRE_COMERCIAL,ID_LABORATORIO,ID_MARCA,VENTA_LIBRE,ID_PRESENTACION,DESCRIPCION,PRECIO) VALUES(181,7,'AEROCAMARA PEDIATRICA',50,6,1,159,'Insumo','3500')
INSERT INTO MEDICAMENTOS (ID_MEDICAMENTO, ID_MONODROGA,NOMBRE_COMERCIAL,ID_LABORATORIO,ID_MARCA,VENTA_LIBRE,ID_PRESENTACION,DESCRIPCION,PRECIO) VALUES(182,118,'SULFAMETOXAZOL+TRIMETOPRIMA 800/160 MG',1,148,0,164,'Antimicrobiano','637.5')
INSERT INTO MEDICAMENTOS (ID_MEDICAMENTO, ID_MONODROGA,NOMBRE_COMERCIAL,ID_LABORATORIO,ID_MARCA,VENTA_LIBRE,ID_PRESENTACION,DESCRIPCION,PRECIO) VALUES(183,124,'VALPROATO DE MAGNESIO',49,137,0,157,'Anticonvulsivante','440.22')
INSERT INTO MEDICAMENTOS (ID_MEDICAMENTO, ID_MONODROGA,NOMBRE_COMERCIAL,ID_LABORATORIO,ID_MARCA,VENTA_LIBRE,ID_PRESENTACION,DESCRIPCION,PRECIO) VALUES(184,107,'QUETIAPINA',1,113,0,158,'Psicofarmaco','606.22')
INSERT INTO MEDICAMENTOS (ID_MEDICAMENTO, ID_MONODROGA,NOMBRE_COMERCIAL,ID_LABORATORIO,ID_MARCA,VENTA_LIBRE,ID_PRESENTACION,DESCRIPCION,PRECIO) VALUES(185,2,'ACIDO FOLICO',1,3,0,73,'Suplemento','132')
INSERT INTO MEDICAMENTOS (ID_MEDICAMENTO, ID_MONODROGA,NOMBRE_COMERCIAL,ID_LABORATORIO,ID_MARCA,VENTA_LIBRE,ID_PRESENTACION,DESCRIPCION,PRECIO) VALUES(186,6,'AEROCAMARA ADULTO',50,5,1,159,'Insumo','3500')
INSERT INTO MEDICAMENTOS (ID_MEDICAMENTO, ID_MONODROGA,NOMBRE_COMERCIAL,ID_LABORATORIO,ID_MARCA,VENTA_LIBRE,ID_PRESENTACION,DESCRIPCION,PRECIO) VALUES(187,118,'SULFAMETOXAZOL+TRIMETOPRIMA800/160 MG',1,148,0,164,'Antimicrobiano','325')
INSERT INTO MEDICAMENTOS (ID_MEDICAMENTO, ID_MONODROGA,NOMBRE_COMERCIAL,ID_LABORATORIO,ID_MARCA,VENTA_LIBRE,ID_PRESENTACION,DESCRIPCION,PRECIO) VALUES(188,10,'AMITRIPTILINA',1,12,0,145,'Psicofarmaco','289')
INSERT INTO MEDICAMENTOS (ID_MEDICAMENTO, ID_MONODROGA,NOMBRE_COMERCIAL,ID_LABORATORIO,ID_MARCA,VENTA_LIBRE,ID_PRESENTACION,DESCRIPCION,PRECIO) VALUES(189,12,'AMOXICILINA',1,14,0,155,'Antimicrobiano','321')
INSERT INTO MEDICAMENTOS (ID_MEDICAMENTO, ID_MONODROGA,NOMBRE_COMERCIAL,ID_LABORATORIO,ID_MARCA,VENTA_LIBRE,ID_PRESENTACION,DESCRIPCION,PRECIO) VALUES(190,75,'LAMOTRIGINA',12,80,0,160,'Insumo','637.36')
INSERT INTO MEDICAMENTOS (ID_MEDICAMENTO, ID_MONODROGA,NOMBRE_COMERCIAL,ID_LABORATORIO,ID_MARCA,VENTA_LIBRE,ID_PRESENTACION,DESCRIPCION,PRECIO) VALUES(191,78,'LEVOFLOXACINA 750 MG',17,28,0,156,'Antimicrobiano','265')
INSERT INTO MEDICAMENTOS (ID_MEDICAMENTO, ID_MONODROGA,NOMBRE_COMERCIAL,ID_LABORATORIO,ID_MARCA,VENTA_LIBRE,ID_PRESENTACION,DESCRIPCION,PRECIO) VALUES(192,76,'LAMOTRIGINA',12,79,0,165,'Psicofarmaco','419.94')
INSERT INTO MEDICAMENTOS (ID_MEDICAMENTO, ID_MONODROGA,NOMBRE_COMERCIAL,ID_LABORATORIO,ID_MARCA,VENTA_LIBRE,ID_PRESENTACION,DESCRIPCION,PRECIO) VALUES(193,42,'CLINDAMICINA 300MG',51,41,0,161,'Antimicrobiano','465')
INSERT INTO MEDICAMENTOS (ID_MEDICAMENTO, ID_MONODROGA,NOMBRE_COMERCIAL,ID_LABORATORIO,ID_MARCA,VENTA_LIBRE,ID_PRESENTACION,DESCRIPCION,PRECIO) VALUES(194,2,'ACIDO FOLICO',42,22,0,31,'Insumo','175')
INSERT INTO MEDICAMENTOS (ID_MEDICAMENTO, ID_MONODROGA,NOMBRE_COMERCIAL,ID_LABORATORIO,ID_MARCA,VENTA_LIBRE,ID_PRESENTACION,DESCRIPCION,PRECIO) VALUES(195,2,'ACIDO FOLICO',33,3,0,73,'Antimicrobiano','287.24')

UPDATE MEDICAMENTOS
SET ACTIVO = 1
WHERE ACTIVO IS NULL



---
---- LOTES MEDICAMENTOS

INSERT INTO MEDICAMENTOS_LOTES (ID_MEDICAMENTO_LOTE, ID_MEDICAMENTO,LOTE,FECHA_VENCIMIENTO) VALUES(1,1,'Lot 46036','01-01-2026')
INSERT INTO MEDICAMENTOS_LOTES (ID_MEDICAMENTO_LOTE, ID_MEDICAMENTO,LOTE,FECHA_VENCIMIENTO) VALUES(2,2,'Lot 45893','01-08-2025')
INSERT INTO MEDICAMENTOS_LOTES (ID_MEDICAMENTO_LOTE, ID_MEDICAMENTO,LOTE,FECHA_VENCIMIENTO) VALUES(3,3,'Lot 46392','01-01-2027')
INSERT INTO MEDICAMENTOS_LOTES (ID_MEDICAMENTO_LOTE, ID_MEDICAMENTO,LOTE,FECHA_VENCIMIENTO) VALUES(4,4,'Lot 56456','01-07-2028')
INSERT INTO MEDICAMENTOS_LOTES (ID_MEDICAMENTO_LOTE, ID_MEDICAMENTO,LOTE,FECHA_VENCIMIENTO) VALUES(5,5,'Lot 55485','01-11-2029')
INSERT INTO MEDICAMENTOS_LOTES (ID_MEDICAMENTO_LOTE, ID_MEDICAMENTO,LOTE,FECHA_VENCIMIENTO) VALUES(6,6,'Lot 50424','01-01-2026')
INSERT INTO MEDICAMENTOS_LOTES (ID_MEDICAMENTO_LOTE, ID_MEDICAMENTO,LOTE,FECHA_VENCIMIENTO) VALUES(7,7,'Lot 52371','01-05-2027')
INSERT INTO MEDICAMENTOS_LOTES (ID_MEDICAMENTO_LOTE, ID_MEDICAMENTO,LOTE,FECHA_VENCIMIENTO) VALUES(8,8,'Lot 54324','01-09-2028')
INSERT INTO MEDICAMENTOS_LOTES (ID_MEDICAMENTO_LOTE, ID_MEDICAMENTO,LOTE,FECHA_VENCIMIENTO) VALUES(9,9,'Lot 45686','01-01-2025')
INSERT INTO MEDICAMENTOS_LOTES (ID_MEDICAMENTO_LOTE, ID_MEDICAMENTO,LOTE,FECHA_VENCIMIENTO) VALUES(10,10,'Lot 45704','01-02-2025')
INSERT INTO MEDICAMENTOS_LOTES (ID_MEDICAMENTO_LOTE, ID_MEDICAMENTO,LOTE,FECHA_VENCIMIENTO) VALUES(11,11,'Lot 45704','01-02-2025')
INSERT INTO MEDICAMENTOS_LOTES (ID_MEDICAMENTO_LOTE, ID_MEDICAMENTO,LOTE,FECHA_VENCIMIENTO) VALUES(12,12,'Lot 50741','01-12-2028')
INSERT INTO MEDICAMENTOS_LOTES (ID_MEDICAMENTO_LOTE, ID_MEDICAMENTO,LOTE,FECHA_VENCIMIENTO) VALUES(13,13,'Lot 45773','01-04-2025')
INSERT INTO MEDICAMENTOS_LOTES (ID_MEDICAMENTO_LOTE, ID_MEDICAMENTO,LOTE,FECHA_VENCIMIENTO) VALUES(14,14,'Lot 45722','01-03-2025')
INSERT INTO MEDICAMENTOS_LOTES (ID_MEDICAMENTO_LOTE, ID_MEDICAMENTO,LOTE,FECHA_VENCIMIENTO) VALUES(15,15,'Lot 45735','01-03-2025')
INSERT INTO MEDICAMENTOS_LOTES (ID_MEDICAMENTO_LOTE, ID_MEDICAMENTO,LOTE,FECHA_VENCIMIENTO) VALUES(16,16,'Lot 45755','01-04-2025')
INSERT INTO MEDICAMENTOS_LOTES (ID_MEDICAMENTO_LOTE, ID_MEDICAMENTO,LOTE,FECHA_VENCIMIENTO) VALUES(17,17,'Lot 45947','01-10-2025')
INSERT INTO MEDICAMENTOS_LOTES (ID_MEDICAMENTO_LOTE, ID_MEDICAMENTO,LOTE,FECHA_VENCIMIENTO) VALUES(18,18,'Lot 50968','01-07-2029')
INSERT INTO MEDICAMENTOS_LOTES (ID_MEDICAMENTO_LOTE, ID_MEDICAMENTO,LOTE,FECHA_VENCIMIENTO) VALUES(19,19,'Lot 45991','01-11-2025')
INSERT INTO MEDICAMENTOS_LOTES (ID_MEDICAMENTO_LOTE, ID_MEDICAMENTO,LOTE,FECHA_VENCIMIENTO) VALUES(20,20,'Lot 45991','01-11-2025')
INSERT INTO MEDICAMENTOS_LOTES (ID_MEDICAMENTO_LOTE, ID_MEDICAMENTO,LOTE,FECHA_VENCIMIENTO) VALUES(21,21,'Lot 55789','01-09-2029')
INSERT INTO MEDICAMENTOS_LOTES (ID_MEDICAMENTO_LOTE, ID_MEDICAMENTO,LOTE,FECHA_VENCIMIENTO) VALUES(22,22,'Lot 50458','01-02-2028')
INSERT INTO MEDICAMENTOS_LOTES (ID_MEDICAMENTO_LOTE, ID_MEDICAMENTO,LOTE,FECHA_VENCIMIENTO) VALUES(23,23,'Lot 51818','01-11-2031')
INSERT INTO MEDICAMENTOS_LOTES (ID_MEDICAMENTO_LOTE, ID_MEDICAMENTO,LOTE,FECHA_VENCIMIENTO) VALUES(24,24,'Lot 45813','01-06-2025')
INSERT INTO MEDICAMENTOS_LOTES (ID_MEDICAMENTO_LOTE, ID_MEDICAMENTO,LOTE,FECHA_VENCIMIENTO) VALUES(25,25,'Lot 46587','01-07-2027')
INSERT INTO MEDICAMENTOS_LOTES (ID_MEDICAMENTO_LOTE, ID_MEDICAMENTO,LOTE,FECHA_VENCIMIENTO) VALUES(26,26,'Lot 46682','01-10-2027')
INSERT INTO MEDICAMENTOS_LOTES (ID_MEDICAMENTO_LOTE, ID_MEDICAMENTO,LOTE,FECHA_VENCIMIENTO) VALUES(27,27,'Lot 46569','01-07-2027')
INSERT INTO MEDICAMENTOS_LOTES (ID_MEDICAMENTO_LOTE, ID_MEDICAMENTO,LOTE,FECHA_VENCIMIENTO) VALUES(28,28,'Lot 46564','01-06-2027')
INSERT INTO MEDICAMENTOS_LOTES (ID_MEDICAMENTO_LOTE, ID_MEDICAMENTO,LOTE,FECHA_VENCIMIENTO) VALUES(29,29,'Lot 45739','01-03-2025')
INSERT INTO MEDICAMENTOS_LOTES (ID_MEDICAMENTO_LOTE, ID_MEDICAMENTO,LOTE,FECHA_VENCIMIENTO) VALUES(30,30,'Lot 45739','01-03-2025')
INSERT INTO MEDICAMENTOS_LOTES (ID_MEDICAMENTO_LOTE, ID_MEDICAMENTO,LOTE,FECHA_VENCIMIENTO) VALUES(31,31,'Lot 50858','01-03-2029')
INSERT INTO MEDICAMENTOS_LOTES (ID_MEDICAMENTO_LOTE, ID_MEDICAMENTO,LOTE,FECHA_VENCIMIENTO) VALUES(32,32,'Lot 46091','01-03-2026')
INSERT INTO MEDICAMENTOS_LOTES (ID_MEDICAMENTO_LOTE, ID_MEDICAMENTO,LOTE,FECHA_VENCIMIENTO) VALUES(33,33,'Lot 45570','01-10-2024')
INSERT INTO MEDICAMENTOS_LOTES (ID_MEDICAMENTO_LOTE, ID_MEDICAMENTO,LOTE,FECHA_VENCIMIENTO) VALUES(34,34,'Lot 45572','01-10-2024')
INSERT INTO MEDICAMENTOS_LOTES (ID_MEDICAMENTO_LOTE, ID_MEDICAMENTO,LOTE,FECHA_VENCIMIENTO) VALUES(35,35,'Lot 45627','01-12-2024')
INSERT INTO MEDICAMENTOS_LOTES (ID_MEDICAMENTO_LOTE, ID_MEDICAMENTO,LOTE,FECHA_VENCIMIENTO) VALUES(36,36,'Lot 45699','01-02-2025')
INSERT INTO MEDICAMENTOS_LOTES (ID_MEDICAMENTO_LOTE, ID_MEDICAMENTO,LOTE,FECHA_VENCIMIENTO) VALUES(37,37,'Lot 45789','01-05-2025')
INSERT INTO MEDICAMENTOS_LOTES (ID_MEDICAMENTO_LOTE, ID_MEDICAMENTO,LOTE,FECHA_VENCIMIENTO) VALUES(38,38,'Lot 52583','01-12-2030')
INSERT INTO MEDICAMENTOS_LOTES (ID_MEDICAMENTO_LOTE, ID_MEDICAMENTO,LOTE,FECHA_VENCIMIENTO) VALUES(39,39,'Lot 46697','01-11-2027')
INSERT INTO MEDICAMENTOS_LOTES (ID_MEDICAMENTO_LOTE, ID_MEDICAMENTO,LOTE,FECHA_VENCIMIENTO) VALUES(40,40,'Lot 46697','01-11-2027')
INSERT INTO MEDICAMENTOS_LOTES (ID_MEDICAMENTO_LOTE, ID_MEDICAMENTO,LOTE,FECHA_VENCIMIENTO) VALUES(41,41,'Lot 48418','01-07-2032')
INSERT INTO MEDICAMENTOS_LOTES (ID_MEDICAMENTO_LOTE, ID_MEDICAMENTO,LOTE,FECHA_VENCIMIENTO) VALUES(42,42,'Lot 48518','01-10-2032')
INSERT INTO MEDICAMENTOS_LOTES (ID_MEDICAMENTO_LOTE, ID_MEDICAMENTO,LOTE,FECHA_VENCIMIENTO) VALUES(43,43,'Lot 49608','01-10-2031')
INSERT INTO MEDICAMENTOS_LOTES (ID_MEDICAMENTO_LOTE, ID_MEDICAMENTO,LOTE,FECHA_VENCIMIENTO) VALUES(44,44,'Lot 45680','01-01-2025')
INSERT INTO MEDICAMENTOS_LOTES (ID_MEDICAMENTO_LOTE, ID_MEDICAMENTO,LOTE,FECHA_VENCIMIENTO) VALUES(45,45,'Lot 53250','01-10-2025')
INSERT INTO MEDICAMENTOS_LOTES (ID_MEDICAMENTO_LOTE, ID_MEDICAMENTO,LOTE,FECHA_VENCIMIENTO) VALUES(46,46,'Lot 45801','01-05-2025')
INSERT INTO MEDICAMENTOS_LOTES (ID_MEDICAMENTO_LOTE, ID_MEDICAMENTO,LOTE,FECHA_VENCIMIENTO) VALUES(47,47,'Lot 51147','01-01-2030')
INSERT INTO MEDICAMENTOS_LOTES (ID_MEDICAMENTO_LOTE, ID_MEDICAMENTO,LOTE,FECHA_VENCIMIENTO) VALUES(48,48,'Lot 57437','01-04-2027')
INSERT INTO MEDICAMENTOS_LOTES (ID_MEDICAMENTO_LOTE, ID_MEDICAMENTO,LOTE,FECHA_VENCIMIENTO) VALUES(49,49,'Lot 57057','01-03-2026')
INSERT INTO MEDICAMENTOS_LOTES (ID_MEDICAMENTO_LOTE, ID_MEDICAMENTO,LOTE,FECHA_VENCIMIENTO) VALUES(50,50,'Lot 45857','01-07-2025')
INSERT INTO MEDICAMENTOS_LOTES (ID_MEDICAMENTO_LOTE, ID_MEDICAMENTO,LOTE,FECHA_VENCIMIENTO) VALUES(51,51,'Lot 45817','01-06-2025')
INSERT INTO MEDICAMENTOS_LOTES (ID_MEDICAMENTO_LOTE, ID_MEDICAMENTO,LOTE,FECHA_VENCIMIENTO) VALUES(52,52,'Lot 45747','01-03-2025')
INSERT INTO MEDICAMENTOS_LOTES (ID_MEDICAMENTO_LOTE, ID_MEDICAMENTO,LOTE,FECHA_VENCIMIENTO) VALUES(53,53,'Lot 45748','01-04-2025')
INSERT INTO MEDICAMENTOS_LOTES (ID_MEDICAMENTO_LOTE, ID_MEDICAMENTO,LOTE,FECHA_VENCIMIENTO) VALUES(54,54,'Lot 45987','01-11-2025')
INSERT INTO MEDICAMENTOS_LOTES (ID_MEDICAMENTO_LOTE, ID_MEDICAMENTO,LOTE,FECHA_VENCIMIENTO) VALUES(55,55,'Lot 53541','01-08-2046')
INSERT INTO MEDICAMENTOS_LOTES (ID_MEDICAMENTO_LOTE, ID_MEDICAMENTO,LOTE,FECHA_VENCIMIENTO) VALUES(56,56,'Lot 52427','01-07-2030')
INSERT INTO MEDICAMENTOS_LOTES (ID_MEDICAMENTO_LOTE, ID_MEDICAMENTO,LOTE,FECHA_VENCIMIENTO) VALUES(57,57,'Lot 46445','01-02-2027')
INSERT INTO MEDICAMENTOS_LOTES (ID_MEDICAMENTO_LOTE, ID_MEDICAMENTO,LOTE,FECHA_VENCIMIENTO) VALUES(58,58,'Lot 61990','01-09-2029')
INSERT INTO MEDICAMENTOS_LOTES (ID_MEDICAMENTO_LOTE, ID_MEDICAMENTO,LOTE,FECHA_VENCIMIENTO) VALUES(59,59,'Lot 46786','01-02-2028')
INSERT INTO MEDICAMENTOS_LOTES (ID_MEDICAMENTO_LOTE, ID_MEDICAMENTO,LOTE,FECHA_VENCIMIENTO) VALUES(60,60,'Lot 45640','01-12-2024')
INSERT INTO MEDICAMENTOS_LOTES (ID_MEDICAMENTO_LOTE, ID_MEDICAMENTO,LOTE,FECHA_VENCIMIENTO) VALUES(61,61,'Lot 52064','01-07-2029')
INSERT INTO MEDICAMENTOS_LOTES (ID_MEDICAMENTO_LOTE, ID_MEDICAMENTO,LOTE,FECHA_VENCIMIENTO) VALUES(62,62,'Lot 45695','01-02-2025')
INSERT INTO MEDICAMENTOS_LOTES (ID_MEDICAMENTO_LOTE, ID_MEDICAMENTO,LOTE,FECHA_VENCIMIENTO) VALUES(63,63,'Lot 45665','01-01-2025')
INSERT INTO MEDICAMENTOS_LOTES (ID_MEDICAMENTO_LOTE, ID_MEDICAMENTO,LOTE,FECHA_VENCIMIENTO) VALUES(64,64,'Lot 46304','01-10-2026')
INSERT INTO MEDICAMENTOS_LOTES (ID_MEDICAMENTO_LOTE, ID_MEDICAMENTO,LOTE,FECHA_VENCIMIENTO) VALUES(65,65,'Lot 49342','01-02-2025')
INSERT INTO MEDICAMENTOS_LOTES (ID_MEDICAMENTO_LOTE, ID_MEDICAMENTO,LOTE,FECHA_VENCIMIENTO) VALUES(66,66,'Lot 45644','01-12-2024')
INSERT INTO MEDICAMENTOS_LOTES (ID_MEDICAMENTO_LOTE, ID_MEDICAMENTO,LOTE,FECHA_VENCIMIENTO) VALUES(67,67,'Lot 45638','01-12-2024')
INSERT INTO MEDICAMENTOS_LOTES (ID_MEDICAMENTO_LOTE, ID_MEDICAMENTO,LOTE,FECHA_VENCIMIENTO) VALUES(68,68,'Lot 45637','01-12-2024')
INSERT INTO MEDICAMENTOS_LOTES (ID_MEDICAMENTO_LOTE, ID_MEDICAMENTO,LOTE,FECHA_VENCIMIENTO) VALUES(69,69,'Lot 50653','01-09-2028')
INSERT INTO MEDICAMENTOS_LOTES (ID_MEDICAMENTO_LOTE, ID_MEDICAMENTO,LOTE,FECHA_VENCIMIENTO) VALUES(70,70,'Lot 51769','01-09-2024')
INSERT INTO MEDICAMENTOS_LOTES (ID_MEDICAMENTO_LOTE, ID_MEDICAMENTO,LOTE,FECHA_VENCIMIENTO) VALUES(71,71,'Lot 46342','01-11-2026')
INSERT INTO MEDICAMENTOS_LOTES (ID_MEDICAMENTO_LOTE, ID_MEDICAMENTO,LOTE,FECHA_VENCIMIENTO) VALUES(72,72,'Lot 45959','01-10-2025')
INSERT INTO MEDICAMENTOS_LOTES (ID_MEDICAMENTO_LOTE, ID_MEDICAMENTO,LOTE,FECHA_VENCIMIENTO) VALUES(73,73,'Lot 46763','01-01-2028')
INSERT INTO MEDICAMENTOS_LOTES (ID_MEDICAMENTO_LOTE, ID_MEDICAMENTO,LOTE,FECHA_VENCIMIENTO) VALUES(74,74,'Lot 45632','01-12-2024')
INSERT INTO MEDICAMENTOS_LOTES (ID_MEDICAMENTO_LOTE, ID_MEDICAMENTO,LOTE,FECHA_VENCIMIENTO) VALUES(75,75,'Lot 45632','01-12-2024')
INSERT INTO MEDICAMENTOS_LOTES (ID_MEDICAMENTO_LOTE, ID_MEDICAMENTO,LOTE,FECHA_VENCIMIENTO) VALUES(76,76,'Lot 53880','01-07-2027')
INSERT INTO MEDICAMENTOS_LOTES (ID_MEDICAMENTO_LOTE, ID_MEDICAMENTO,LOTE,FECHA_VENCIMIENTO) VALUES(77,77,'Lot 45842','01-07-2025')
INSERT INTO MEDICAMENTOS_LOTES (ID_MEDICAMENTO_LOTE, ID_MEDICAMENTO,LOTE,FECHA_VENCIMIENTO) VALUES(78,78,'Lot 45809','01-06-2025')
INSERT INTO MEDICAMENTOS_LOTES (ID_MEDICAMENTO_LOTE, ID_MEDICAMENTO,LOTE,FECHA_VENCIMIENTO) VALUES(79,79,'Lot 45905','01-09-2025')
INSERT INTO MEDICAMENTOS_LOTES (ID_MEDICAMENTO_LOTE, ID_MEDICAMENTO,LOTE,FECHA_VENCIMIENTO) VALUES(80,80,'Lot 46534','01-05-2027')
INSERT INTO MEDICAMENTOS_LOTES (ID_MEDICAMENTO_LOTE, ID_MEDICAMENTO,LOTE,FECHA_VENCIMIENTO) VALUES(81,81,'Lot 45659','01-01-2025')
INSERT INTO MEDICAMENTOS_LOTES (ID_MEDICAMENTO_LOTE, ID_MEDICAMENTO,LOTE,FECHA_VENCIMIENTO) VALUES(82,82,'Lot 59376','01-07-2026')
INSERT INTO MEDICAMENTOS_LOTES (ID_MEDICAMENTO_LOTE, ID_MEDICAMENTO,LOTE,FECHA_VENCIMIENTO) VALUES(83,83,'Lot 45708','01-02-2025')
INSERT INTO MEDICAMENTOS_LOTES (ID_MEDICAMENTO_LOTE, ID_MEDICAMENTO,LOTE,FECHA_VENCIMIENTO) VALUES(84,84,'Lot 46220','01-07-2026')
INSERT INTO MEDICAMENTOS_LOTES (ID_MEDICAMENTO_LOTE, ID_MEDICAMENTO,LOTE,FECHA_VENCIMIENTO) VALUES(85,85,'Lot 45893','01-08-2025')
INSERT INTO MEDICAMENTOS_LOTES (ID_MEDICAMENTO_LOTE, ID_MEDICAMENTO,LOTE,FECHA_VENCIMIENTO) VALUES(86,86,'Lot 46077','01-02-2026')
INSERT INTO MEDICAMENTOS_LOTES (ID_MEDICAMENTO_LOTE, ID_MEDICAMENTO,LOTE,FECHA_VENCIMIENTO) VALUES(87,87,'Lot 46493','01-04-2027')
INSERT INTO MEDICAMENTOS_LOTES (ID_MEDICAMENTO_LOTE, ID_MEDICAMENTO,LOTE,FECHA_VENCIMIENTO) VALUES(88,88,'Lot 72454','01-05-2028')
INSERT INTO MEDICAMENTOS_LOTES (ID_MEDICAMENTO_LOTE, ID_MEDICAMENTO,LOTE,FECHA_VENCIMIENTO) VALUES(89,89,'Lot 45960','01-10-2025')
INSERT INTO MEDICAMENTOS_LOTES (ID_MEDICAMENTO_LOTE, ID_MEDICAMENTO,LOTE,FECHA_VENCIMIENTO) VALUES(90,90,'Lot 45790','01-05-2025')
INSERT INTO MEDICAMENTOS_LOTES (ID_MEDICAMENTO_LOTE, ID_MEDICAMENTO,LOTE,FECHA_VENCIMIENTO) VALUES(91,91,'Lot 45793','01-05-2025')
INSERT INTO MEDICAMENTOS_LOTES (ID_MEDICAMENTO_LOTE, ID_MEDICAMENTO,LOTE,FECHA_VENCIMIENTO) VALUES(92,92,'Lot 49407','01-04-2025')
INSERT INTO MEDICAMENTOS_LOTES (ID_MEDICAMENTO_LOTE, ID_MEDICAMENTO,LOTE,FECHA_VENCIMIENTO) VALUES(93,93,'Lot 49407','01-04-2025')
INSERT INTO MEDICAMENTOS_LOTES (ID_MEDICAMENTO_LOTE, ID_MEDICAMENTO,LOTE,FECHA_VENCIMIENTO) VALUES(94,94,'Lot 48826','01-09-2033')
INSERT INTO MEDICAMENTOS_LOTES (ID_MEDICAMENTO_LOTE, ID_MEDICAMENTO,LOTE,FECHA_VENCIMIENTO) VALUES(95,95,'Lot 49587','01-10-2035')
INSERT INTO MEDICAMENTOS_LOTES (ID_MEDICAMENTO_LOTE, ID_MEDICAMENTO,LOTE,FECHA_VENCIMIENTO) VALUES(96,96,'Lot 45689','01-02-2025')
INSERT INTO MEDICAMENTOS_LOTES (ID_MEDICAMENTO_LOTE, ID_MEDICAMENTO,LOTE,FECHA_VENCIMIENTO) VALUES(97,97,'Lot 48578','01-12-2032')
INSERT INTO MEDICAMENTOS_LOTES (ID_MEDICAMENTO_LOTE, ID_MEDICAMENTO,LOTE,FECHA_VENCIMIENTO) VALUES(98,98,'Lot 45689','01-02-2025')
INSERT INTO MEDICAMENTOS_LOTES (ID_MEDICAMENTO_LOTE, ID_MEDICAMENTO,LOTE,FECHA_VENCIMIENTO) VALUES(99,99,'Lot 56995','01-01-2026')
INSERT INTO MEDICAMENTOS_LOTES (ID_MEDICAMENTO_LOTE, ID_MEDICAMENTO,LOTE,FECHA_VENCIMIENTO) VALUES(100,100,'Lot 47561','01-03-2030')
INSERT INTO MEDICAMENTOS_LOTES (ID_MEDICAMENTO_LOTE, ID_MEDICAMENTO,LOTE,FECHA_VENCIMIENTO) VALUES(101,101,'Lot 56502','01-09-2034')
INSERT INTO MEDICAMENTOS_LOTES (ID_MEDICAMENTO_LOTE, ID_MEDICAMENTO,LOTE,FECHA_VENCIMIENTO) VALUES(102,102,'Lot 47561','01-03-2030')
INSERT INTO MEDICAMENTOS_LOTES (ID_MEDICAMENTO_LOTE, ID_MEDICAMENTO,LOTE,FECHA_VENCIMIENTO) VALUES(103,103,'Lot 46668','01-10-2027')
INSERT INTO MEDICAMENTOS_LOTES (ID_MEDICAMENTO_LOTE, ID_MEDICAMENTO,LOTE,FECHA_VENCIMIENTO) VALUES(104,104,'Lot 117585','01-12-2031')
INSERT INTO MEDICAMENTOS_LOTES (ID_MEDICAMENTO_LOTE, ID_MEDICAMENTO,LOTE,FECHA_VENCIMIENTO) VALUES(105,105,'Lot 48617','01-02-2033')
INSERT INTO MEDICAMENTOS_LOTES (ID_MEDICAMENTO_LOTE, ID_MEDICAMENTO,LOTE,FECHA_VENCIMIENTO) VALUES(106,106,'Lot 45671','01-01-2025')
INSERT INTO MEDICAMENTOS_LOTES (ID_MEDICAMENTO_LOTE, ID_MEDICAMENTO,LOTE,FECHA_VENCIMIENTO) VALUES(107,107,'Lot 45819','01-06-2025')
INSERT INTO MEDICAMENTOS_LOTES (ID_MEDICAMENTO_LOTE, ID_MEDICAMENTO,LOTE,FECHA_VENCIMIENTO) VALUES(108,108,'Lot 45672','01-01-2025')
INSERT INTO MEDICAMENTOS_LOTES (ID_MEDICAMENTO_LOTE, ID_MEDICAMENTO,LOTE,FECHA_VENCIMIENTO) VALUES(109,109,'Lot 51817','01-11-2031')
INSERT INTO MEDICAMENTOS_LOTES (ID_MEDICAMENTO_LOTE, ID_MEDICAMENTO,LOTE,FECHA_VENCIMIENTO) VALUES(110,110,'Lot 45756','01-04-2025')
INSERT INTO MEDICAMENTOS_LOTES (ID_MEDICAMENTO_LOTE, ID_MEDICAMENTO,LOTE,FECHA_VENCIMIENTO) VALUES(111,111,'Lot 49796','01-05-2026')
INSERT INTO MEDICAMENTOS_LOTES (ID_MEDICAMENTO_LOTE, ID_MEDICAMENTO,LOTE,FECHA_VENCIMIENTO) VALUES(112,112,'Lot 50429','01-01-2028')
INSERT INTO MEDICAMENTOS_LOTES (ID_MEDICAMENTO_LOTE, ID_MEDICAMENTO,LOTE,FECHA_VENCIMIENTO) VALUES(113,113,'Lot 45622','01-11-2024')
INSERT INTO MEDICAMENTOS_LOTES (ID_MEDICAMENTO_LOTE, ID_MEDICAMENTO,LOTE,FECHA_VENCIMIENTO) VALUES(114,114,'Lot 45640','01-12-2024')
INSERT INTO MEDICAMENTOS_LOTES (ID_MEDICAMENTO_LOTE, ID_MEDICAMENTO,LOTE,FECHA_VENCIMIENTO) VALUES(115,115,'Lot 45640','01-12-2024')
INSERT INTO MEDICAMENTOS_LOTES (ID_MEDICAMENTO_LOTE, ID_MEDICAMENTO,LOTE,FECHA_VENCIMIENTO) VALUES(116,116,'Lot 49166','01-08-2034')
INSERT INTO MEDICAMENTOS_LOTES (ID_MEDICAMENTO_LOTE, ID_MEDICAMENTO,LOTE,FECHA_VENCIMIENTO) VALUES(117,117,'Lot 47009','01-09-2028')
INSERT INTO MEDICAMENTOS_LOTES (ID_MEDICAMENTO_LOTE, ID_MEDICAMENTO,LOTE,FECHA_VENCIMIENTO) VALUES(118,118,'Lot 50904','01-05-2029')
INSERT INTO MEDICAMENTOS_LOTES (ID_MEDICAMENTO_LOTE, ID_MEDICAMENTO,LOTE,FECHA_VENCIMIENTO) VALUES(119,119,'Lot 45932','01-10-2025')
INSERT INTO MEDICAMENTOS_LOTES (ID_MEDICAMENTO_LOTE, ID_MEDICAMENTO,LOTE,FECHA_VENCIMIENTO) VALUES(120,120,'Lot 45707','01-02-2025')
INSERT INTO MEDICAMENTOS_LOTES (ID_MEDICAMENTO_LOTE, ID_MEDICAMENTO,LOTE,FECHA_VENCIMIENTO) VALUES(121,121,'Lot 45707','01-02-2025')
INSERT INTO MEDICAMENTOS_LOTES (ID_MEDICAMENTO_LOTE, ID_MEDICAMENTO,LOTE,FECHA_VENCIMIENTO) VALUES(122,122,'Lot 45682','01-01-2025')
INSERT INTO MEDICAMENTOS_LOTES (ID_MEDICAMENTO_LOTE, ID_MEDICAMENTO,LOTE,FECHA_VENCIMIENTO) VALUES(123,123,'Lot 45707','01-02-2025')
INSERT INTO MEDICAMENTOS_LOTES (ID_MEDICAMENTO_LOTE, ID_MEDICAMENTO,LOTE,FECHA_VENCIMIENTO) VALUES(124,124,'Lot 45682','01-01-2025')
INSERT INTO MEDICAMENTOS_LOTES (ID_MEDICAMENTO_LOTE, ID_MEDICAMENTO,LOTE,FECHA_VENCIMIENTO) VALUES(125,125,'Lot 47906','01-02-2031')
INSERT INTO MEDICAMENTOS_LOTES (ID_MEDICAMENTO_LOTE, ID_MEDICAMENTO,LOTE,FECHA_VENCIMIENTO) VALUES(126,126,'Lot 47916','01-03-2031')
INSERT INTO MEDICAMENTOS_LOTES (ID_MEDICAMENTO_LOTE, ID_MEDICAMENTO,LOTE,FECHA_VENCIMIENTO) VALUES(127,127,'Lot 54163','01-04-2028')
INSERT INTO MEDICAMENTOS_LOTES (ID_MEDICAMENTO_LOTE, ID_MEDICAMENTO,LOTE,FECHA_VENCIMIENTO) VALUES(128,128,'Lot 45864','01-07-2025')
INSERT INTO MEDICAMENTOS_LOTES (ID_MEDICAMENTO_LOTE, ID_MEDICAMENTO,LOTE,FECHA_VENCIMIENTO) VALUES(129,129,'Lot 50195','01-06-2027')
INSERT INTO MEDICAMENTOS_LOTES (ID_MEDICAMENTO_LOTE, ID_MEDICAMENTO,LOTE,FECHA_VENCIMIENTO) VALUES(130,130,'Lot 47079','01-11-2028')
INSERT INTO MEDICAMENTOS_LOTES (ID_MEDICAMENTO_LOTE, ID_MEDICAMENTO,LOTE,FECHA_VENCIMIENTO) VALUES(131,131,'Lot 53491','01-06-2026')
INSERT INTO MEDICAMENTOS_LOTES (ID_MEDICAMENTO_LOTE, ID_MEDICAMENTO,LOTE,FECHA_VENCIMIENTO) VALUES(132,132,'Lot 60300','01-02-2025')
INSERT INTO MEDICAMENTOS_LOTES (ID_MEDICAMENTO_LOTE, ID_MEDICAMENTO,LOTE,FECHA_VENCIMIENTO) VALUES(133,133,'Lot 45964','01-11-2025')
INSERT INTO MEDICAMENTOS_LOTES (ID_MEDICAMENTO_LOTE, ID_MEDICAMENTO,LOTE,FECHA_VENCIMIENTO) VALUES(134,134,'Lot 45658','01-01-2025')
INSERT INTO MEDICAMENTOS_LOTES (ID_MEDICAMENTO_LOTE, ID_MEDICAMENTO,LOTE,FECHA_VENCIMIENTO) VALUES(135,135,'Lot 45999','01-12-2025')
INSERT INTO MEDICAMENTOS_LOTES (ID_MEDICAMENTO_LOTE, ID_MEDICAMENTO,LOTE,FECHA_VENCIMIENTO) VALUES(136,136,'Lot 45706','01-02-2025')
INSERT INTO MEDICAMENTOS_LOTES (ID_MEDICAMENTO_LOTE, ID_MEDICAMENTO,LOTE,FECHA_VENCIMIENTO) VALUES(137,137,'Lot 49021','01-03-2034')
INSERT INTO MEDICAMENTOS_LOTES (ID_MEDICAMENTO_LOTE, ID_MEDICAMENTO,LOTE,FECHA_VENCIMIENTO) VALUES(138,138,'Lot 45573','01-10-2024')
INSERT INTO MEDICAMENTOS_LOTES (ID_MEDICAMENTO_LOTE, ID_MEDICAMENTO,LOTE,FECHA_VENCIMIENTO) VALUES(139,139,'Lot 45575','01-10-2024')
INSERT INTO MEDICAMENTOS_LOTES (ID_MEDICAMENTO_LOTE, ID_MEDICAMENTO,LOTE,FECHA_VENCIMIENTO) VALUES(140,140,'Lot 45904','01-09-2025')
INSERT INTO MEDICAMENTOS_LOTES (ID_MEDICAMENTO_LOTE, ID_MEDICAMENTO,LOTE,FECHA_VENCIMIENTO) VALUES(141,141,'Lot 49101','01-06-2034')
INSERT INTO MEDICAMENTOS_LOTES (ID_MEDICAMENTO_LOTE, ID_MEDICAMENTO,LOTE,FECHA_VENCIMIENTO) VALUES(142,142,'Lot 53144','01-07-2025')
INSERT INTO MEDICAMENTOS_LOTES (ID_MEDICAMENTO_LOTE, ID_MEDICAMENTO,LOTE,FECHA_VENCIMIENTO) VALUES(143,143,'Lot 55609','01-03-2025')
INSERT INTO MEDICAMENTOS_LOTES (ID_MEDICAMENTO_LOTE, ID_MEDICAMENTO,LOTE,FECHA_VENCIMIENTO) VALUES(144,144,'Lot 49608','01-10-2025')
INSERT INTO MEDICAMENTOS_LOTES (ID_MEDICAMENTO_LOTE, ID_MEDICAMENTO,LOTE,FECHA_VENCIMIENTO) VALUES(145,145,'Lot 51723','01-08-2031')
INSERT INTO MEDICAMENTOS_LOTES (ID_MEDICAMENTO_LOTE, ID_MEDICAMENTO,LOTE,FECHA_VENCIMIENTO) VALUES(146,146,'Lot 46242','01-08-2026')
INSERT INTO MEDICAMENTOS_LOTES (ID_MEDICAMENTO_LOTE, ID_MEDICAMENTO,LOTE,FECHA_VENCIMIENTO) VALUES(147,147,'Lot 46143','01-05-2026')
INSERT INTO MEDICAMENTOS_LOTES (ID_MEDICAMENTO_LOTE, ID_MEDICAMENTO,LOTE,FECHA_VENCIMIENTO) VALUES(148,148,'Lot 45996','01-12-2025')
INSERT INTO MEDICAMENTOS_LOTES (ID_MEDICAMENTO_LOTE, ID_MEDICAMENTO,LOTE,FECHA_VENCIMIENTO) VALUES(149,149,'Lot 49397','01-03-2035')
INSERT INTO MEDICAMENTOS_LOTES (ID_MEDICAMENTO_LOTE, ID_MEDICAMENTO,LOTE,FECHA_VENCIMIENTO) VALUES(150,150,'Lot 45700','01-02-2025')
INSERT INTO MEDICAMENTOS_LOTES (ID_MEDICAMENTO_LOTE, ID_MEDICAMENTO,LOTE,FECHA_VENCIMIENTO) VALUES(151,151,'Lot 45786','01-05-2025')
INSERT INTO MEDICAMENTOS_LOTES (ID_MEDICAMENTO_LOTE, ID_MEDICAMENTO,LOTE,FECHA_VENCIMIENTO) VALUES(152,152,'Lot 48752','01-06-2033')
INSERT INTO MEDICAMENTOS_LOTES (ID_MEDICAMENTO_LOTE, ID_MEDICAMENTO,LOTE,FECHA_VENCIMIENTO) VALUES(153,153,'Lot 46233','01-07-2026')
INSERT INTO MEDICAMENTOS_LOTES (ID_MEDICAMENTO_LOTE, ID_MEDICAMENTO,LOTE,FECHA_VENCIMIENTO) VALUES(154,154,'Lot 53374','01-02-2026')
INSERT INTO MEDICAMENTOS_LOTES (ID_MEDICAMENTO_LOTE, ID_MEDICAMENTO,LOTE,FECHA_VENCIMIENTO) VALUES(155,155,'Lot 45773','01-04-2025')
INSERT INTO MEDICAMENTOS_LOTES (ID_MEDICAMENTO_LOTE, ID_MEDICAMENTO,LOTE,FECHA_VENCIMIENTO) VALUES(156,156,'Lot 46772','01-01-2028')
INSERT INTO MEDICAMENTOS_LOTES (ID_MEDICAMENTO_LOTE, ID_MEDICAMENTO,LOTE,FECHA_VENCIMIENTO) VALUES(157,157,'Lot 50097','01-02-2027')
INSERT INTO MEDICAMENTOS_LOTES (ID_MEDICAMENTO_LOTE, ID_MEDICAMENTO,LOTE,FECHA_VENCIMIENTO) VALUES(158,158,'Lot 53058','01-04-2025')
INSERT INTO MEDICAMENTOS_LOTES (ID_MEDICAMENTO_LOTE, ID_MEDICAMENTO,LOTE,FECHA_VENCIMIENTO) VALUES(159,159,'Lot 48793','01-08-2033')
INSERT INTO MEDICAMENTOS_LOTES (ID_MEDICAMENTO_LOTE, ID_MEDICAMENTO,LOTE,FECHA_VENCIMIENTO) VALUES(160,160,'Lot 46167','01-05-2026')
INSERT INTO MEDICAMENTOS_LOTES (ID_MEDICAMENTO_LOTE, ID_MEDICAMENTO,LOTE,FECHA_VENCIMIENTO) VALUES(161,161,'Lot 50291','01-09-2027')
INSERT INTO MEDICAMENTOS_LOTES (ID_MEDICAMENTO_LOTE, ID_MEDICAMENTO,LOTE,FECHA_VENCIMIENTO) VALUES(162,162,'Lot 51592','01-04-2031')
INSERT INTO MEDICAMENTOS_LOTES (ID_MEDICAMENTO_LOTE, ID_MEDICAMENTO,LOTE,FECHA_VENCIMIENTO) VALUES(163,163,'Lot 51592','01-04-2031')
INSERT INTO MEDICAMENTOS_LOTES (ID_MEDICAMENTO_LOTE, ID_MEDICAMENTO,LOTE,FECHA_VENCIMIENTO) VALUES(164,164,'Lot 47022','01-09-2028')
INSERT INTO MEDICAMENTOS_LOTES (ID_MEDICAMENTO_LOTE, ID_MEDICAMENTO,LOTE,FECHA_VENCIMIENTO) VALUES(165,165,'Lot 46015','01-12-2025')
INSERT INTO MEDICAMENTOS_LOTES (ID_MEDICAMENTO_LOTE, ID_MEDICAMENTO,LOTE,FECHA_VENCIMIENTO) VALUES(166,166,'Lot 45825','01-06-2025')
INSERT INTO MEDICAMENTOS_LOTES (ID_MEDICAMENTO_LOTE, ID_MEDICAMENTO,LOTE,FECHA_VENCIMIENTO) VALUES(167,167,'Lot 45878','01-08-2025')
INSERT INTO MEDICAMENTOS_LOTES (ID_MEDICAMENTO_LOTE, ID_MEDICAMENTO,LOTE,FECHA_VENCIMIENTO) VALUES(168,168,'Lot 51235','01-04-2030')
INSERT INTO MEDICAMENTOS_LOTES (ID_MEDICAMENTO_LOTE, ID_MEDICAMENTO,LOTE,FECHA_VENCIMIENTO) VALUES(169,169,'Lot 53730','01-02-2027')
INSERT INTO MEDICAMENTOS_LOTES (ID_MEDICAMENTO_LOTE, ID_MEDICAMENTO,LOTE,FECHA_VENCIMIENTO) VALUES(170,170,'Lot 45822','01-06-2025')
INSERT INTO MEDICAMENTOS_LOTES (ID_MEDICAMENTO_LOTE, ID_MEDICAMENTO,LOTE,FECHA_VENCIMIENTO) VALUES(171,171,'Lot 73665','01-09-2031')
INSERT INTO MEDICAMENTOS_LOTES (ID_MEDICAMENTO_LOTE, ID_MEDICAMENTO,LOTE,FECHA_VENCIMIENTO) VALUES(172,172,'Lot 48124','01-10-2031')
INSERT INTO MEDICAMENTOS_LOTES (ID_MEDICAMENTO_LOTE, ID_MEDICAMENTO,LOTE,FECHA_VENCIMIENTO) VALUES(173,173,'Lot 45747','01-03-2025')
INSERT INTO MEDICAMENTOS_LOTES (ID_MEDICAMENTO_LOTE, ID_MEDICAMENTO,LOTE,FECHA_VENCIMIENTO) VALUES(174,174,'Lot 46756','01-01-2028')
INSERT INTO MEDICAMENTOS_LOTES (ID_MEDICAMENTO_LOTE, ID_MEDICAMENTO,LOTE,FECHA_VENCIMIENTO) VALUES(175,175,'Lot 45704','01-02-2025')
INSERT INTO MEDICAMENTOS_LOTES (ID_MEDICAMENTO_LOTE, ID_MEDICAMENTO,LOTE,FECHA_VENCIMIENTO) VALUES(176,176,'Lot 47347','01-08-2029')
INSERT INTO MEDICAMENTOS_LOTES (ID_MEDICAMENTO_LOTE, ID_MEDICAMENTO,LOTE,FECHA_VENCIMIENTO) VALUES(177,177,'Lot 47916','01-03-2031')
INSERT INTO MEDICAMENTOS_LOTES (ID_MEDICAMENTO_LOTE, ID_MEDICAMENTO,LOTE,FECHA_VENCIMIENTO) VALUES(178,178,'Lot 45823','01-06-2025')
INSERT INTO MEDICAMENTOS_LOTES (ID_MEDICAMENTO_LOTE, ID_MEDICAMENTO,LOTE,FECHA_VENCIMIENTO) VALUES(179,179,'Lot 52524','01-10-2034')
INSERT INTO MEDICAMENTOS_LOTES (ID_MEDICAMENTO_LOTE, ID_MEDICAMENTO,LOTE,FECHA_VENCIMIENTO) VALUES(180,180,'Lot 45781','01-05-2025')
INSERT INTO MEDICAMENTOS_LOTES (ID_MEDICAMENTO_LOTE, ID_MEDICAMENTO,LOTE,FECHA_VENCIMIENTO) VALUES(181,181,'Lot 49037','01-04-2034')
INSERT INTO MEDICAMENTOS_LOTES (ID_MEDICAMENTO_LOTE, ID_MEDICAMENTO,LOTE,FECHA_VENCIMIENTO) VALUES(182,182,'Lot 46174','01-06-2026')
INSERT INTO MEDICAMENTOS_LOTES (ID_MEDICAMENTO_LOTE, ID_MEDICAMENTO,LOTE,FECHA_VENCIMIENTO) VALUES(183,183,'Lot 45977','01-11-2025')
INSERT INTO MEDICAMENTOS_LOTES (ID_MEDICAMENTO_LOTE, ID_MEDICAMENTO,LOTE,FECHA_VENCIMIENTO) VALUES(184,184,'Lot 46143','01-05-2026')
INSERT INTO MEDICAMENTOS_LOTES (ID_MEDICAMENTO_LOTE, ID_MEDICAMENTO,LOTE,FECHA_VENCIMIENTO) VALUES(185,185,'Lot 45669','01-01-2025')
INSERT INTO MEDICAMENTOS_LOTES (ID_MEDICAMENTO_LOTE, ID_MEDICAMENTO,LOTE,FECHA_VENCIMIENTO) VALUES(186,186,'Lot 49037','01-04-2034')
INSERT INTO MEDICAMENTOS_LOTES (ID_MEDICAMENTO_LOTE, ID_MEDICAMENTO,LOTE,FECHA_VENCIMIENTO) VALUES(187,187,'Lot 45862','01-07-2025')
INSERT INTO MEDICAMENTOS_LOTES (ID_MEDICAMENTO_LOTE, ID_MEDICAMENTO,LOTE,FECHA_VENCIMIENTO) VALUES(188,188,'Lot 45826','01-06-2025')
INSERT INTO MEDICAMENTOS_LOTES (ID_MEDICAMENTO_LOTE, ID_MEDICAMENTO,LOTE,FECHA_VENCIMIENTO) VALUES(189,189,'Lot 45858','01-07-2025')
INSERT INTO MEDICAMENTOS_LOTES (ID_MEDICAMENTO_LOTE, ID_MEDICAMENTO,LOTE,FECHA_VENCIMIENTO) VALUES(190,190,'Lot 46174','01-06-2026')
INSERT INTO MEDICAMENTOS_LOTES (ID_MEDICAMENTO_LOTE, ID_MEDICAMENTO,LOTE,FECHA_VENCIMIENTO) VALUES(191,191,'Lot 45802','01-05-2025')
INSERT INTO MEDICAMENTOS_LOTES (ID_MEDICAMENTO_LOTE, ID_MEDICAMENTO,LOTE,FECHA_VENCIMIENTO) VALUES(192,192,'Lot 45956','01-10-2025')
INSERT INTO MEDICAMENTOS_LOTES (ID_MEDICAMENTO_LOTE, ID_MEDICAMENTO,LOTE,FECHA_VENCIMIENTO) VALUES(193,193,'Lot 46002','01-12-2025')
INSERT INTO MEDICAMENTOS_LOTES (ID_MEDICAMENTO_LOTE, ID_MEDICAMENTO,LOTE,FECHA_VENCIMIENTO) VALUES(194,194,'Lot 45712','01-02-2025')
INSERT INTO MEDICAMENTOS_LOTES (ID_MEDICAMENTO_LOTE, ID_MEDICAMENTO,LOTE,FECHA_VENCIMIENTO) VALUES(195,195,'Lot 45824','01-06-2025')



--STOCK


INSERT INTO STOCKS(ID_STOCK,FECHA,CANTIDAD,CANTIDAD_MINIMA,ID_MEDICAMENTO_LOTE,ID_ESTABLECIMIENTO)
	   VALUES(1,'22-08-2024',1500,1250,1,1);
INSERT INTO STOCKS(ID_STOCK,FECHA,CANTIDAD,CANTIDAD_MINIMA,ID_PRODUCTO,ID_ESTABLECIMIENTO)
	   VALUES(2,'20-08-2024',1000,1500,1,2);
INSERT INTO STOCKS(ID_STOCK,FECHA,CANTIDAD,CANTIDAD_MINIMA,ID_MEDICAMENTO_LOTE,ID_ESTABLECIMIENTO)
	   VALUES(3,'21-08-2024',800,1000,1,3);
INSERT INTO STOCKS(ID_STOCK,FECHA,CANTIDAD,CANTIDAD_MINIMA,ID_PRODUCTO,ID_ESTABLECIMIENTO)
	   VALUES(4,'15-08-2024',2530,1100,1,4);
INSERT INTO STOCKS(ID_STOCK,FECHA,CANTIDAD,CANTIDAD_MINIMA,ID_MEDICAMENTO_LOTE,ID_ESTABLECIMIENTO)
	   VALUES(5,'29-08-2024',2530,1520,1,5);
INSERT INTO STOCKS(ID_STOCK,FECHA,CANTIDAD,CANTIDAD_MINIMA,ID_PRODUCTO,ID_ESTABLECIMIENTO)
	   VALUES(6,'02-08-2024',120,2150,1,6);
INSERT INTO STOCKS(ID_STOCK,FECHA,CANTIDAD,CANTIDAD_MINIMA,ID_MEDICAMENTO_LOTE,ID_ESTABLECIMIENTO)
	   VALUES(7,'23-08-2024',7000,1950,1,7);


INSERT INTO STOCKS(ID_STOCK,FECHA,CANTIDAD,CANTIDAD_MINIMA,ID_MEDICAMENTO_LOTE,ID_ESTABLECIMIENTO)
	   VALUES(8	,'21-08-2024',1200,800,2,1);
INSERT INTO STOCKS(ID_STOCK,FECHA,CANTIDAD,CANTIDAD_MINIMA,ID_PRODUCTO,ID_ESTABLECIMIENTO)
	   VALUES(9	,'29-08-2024',900,850,2,2);
INSERT INTO STOCKS(ID_STOCK,FECHA,CANTIDAD,CANTIDAD_MINIMA,ID_MEDICAMENTO_LOTE,ID_ESTABLECIMIENTO)
	   VALUES(10 ,'22-08-2024',300,900,2,3);
INSERT INTO STOCKS(ID_STOCK,FECHA,CANTIDAD,CANTIDAD_MINIMA,ID_PRODUCTO,ID_ESTABLECIMIENTO)
	   VALUES(11 ,'26-08-2024',550,850,2,4);
INSERT INTO STOCKS(ID_STOCK,FECHA,CANTIDAD,CANTIDAD_MINIMA,ID_MEDICAMENTO_LOTE,ID_ESTABLECIMIENTO)
	   VALUES(12,'17-08-2024',500,770,2,5);
INSERT INTO STOCKS(ID_STOCK,FECHA,CANTIDAD,CANTIDAD_MINIMA,ID_PRODUCTO,ID_ESTABLECIMIENTO)
	   VALUES(13,'29-08-2024',810,850,2,6);
INSERT INTO STOCKS(ID_STOCK,FECHA,CANTIDAD,CANTIDAD_MINIMA,ID_MEDICAMENTO_LOTE,ID_ESTABLECIMIENTO)
	   VALUES(14,'19-08-2024',50,1000,2,7);


INSERT INTO STOCKS(ID_STOCK,FECHA,CANTIDAD,CANTIDAD_MINIMA,ID_PRODUCTO,ID_ESTABLECIMIENTO)
	   VALUES(15,'10-08-2024',3000,2000,3,1);
INSERT INTO STOCKS(ID_STOCK,FECHA,CANTIDAD,CANTIDAD_MINIMA,ID_MEDICAMENTO_LOTE,ID_ESTABLECIMIENTO)
	   VALUES(16,'22-08-2024',2250,2150,3,2);
INSERT INTO STOCKS(ID_STOCK,FECHA,CANTIDAD,CANTIDAD_MINIMA,ID_PRODUCTO,ID_ESTABLECIMIENTO)
	   VALUES(17,'29-08-2024',5000,1500,3,3);
INSERT INTO STOCKS(ID_STOCK,FECHA,CANTIDAD,CANTIDAD_MINIMA,ID_MEDICAMENTO_LOTE,ID_ESTABLECIMIENTO)
	   VALUES(18,'20-08-2024',5420,2500,3,4);
INSERT INTO STOCKS(ID_STOCK,FECHA,CANTIDAD,CANTIDAD_MINIMA,ID_PRODUCTO,ID_ESTABLECIMIENTO)
	   VALUES(19,'15-08-2024',250,3000,3,5);
INSERT INTO STOCKS(ID_STOCK,FECHA,CANTIDAD,CANTIDAD_MINIMA,ID_MEDICAMENTO_LOTE,ID_ESTABLECIMIENTO)
	   VALUES(20,'11-08-2024',3000,1800,3,6);
INSERT INTO STOCKS(ID_STOCK,FECHA,CANTIDAD,CANTIDAD_MINIMA,ID_PRODUCTO,ID_ESTABLECIMIENTO)
	   VALUES(21,'10-08-2024',2222,1900,3,7);


INSERT INTO STOCKS(ID_STOCK,FECHA,CANTIDAD,CANTIDAD_MINIMA,ID_MEDICAMENTO_LOTE,ID_ESTABLECIMIENTO)
	   VALUES(22,'08-08-2024',500,300,4,1);
INSERT INTO STOCKS(ID_STOCK,FECHA,CANTIDAD,CANTIDAD_MINIMA,ID_PRODUCTO,ID_ESTABLECIMIENTO)
	   VALUES(23,'01-08-2024',252,250,4,2);
INSERT INTO STOCKS(ID_STOCK,FECHA,CANTIDAD,CANTIDAD_MINIMA,ID_MEDICAMENTO_LOTE,ID_ESTABLECIMIENTO)
	   VALUES(24,'10-08-2024',322,350,4,3);
INSERT INTO STOCKS(ID_STOCK,FECHA,CANTIDAD,CANTIDAD_MINIMA,ID_PRODUCTO,ID_ESTABLECIMIENTO)
	   VALUES(25,'12-08-2024',500,400,4,4);
INSERT INTO STOCKS(ID_STOCK,FECHA,CANTIDAD,CANTIDAD_MINIMA,ID_MEDICAMENTO_LOTE,ID_ESTABLECIMIENTO)
	   VALUES(26,'17-08-2024',200,300,4,5);
INSERT INTO STOCKS(ID_STOCK,FECHA,CANTIDAD,CANTIDAD_MINIMA,ID_PRODUCTO,ID_ESTABLECIMIENTO)
	   VALUES(27,'19-08-2024',380,150,4,6);
INSERT INTO STOCKS(ID_STOCK,FECHA,CANTIDAD,CANTIDAD_MINIMA,ID_MEDICAMENTO_LOTE,ID_ESTABLECIMIENTO)
	   VALUES(28,'20-08-2024',250,320,4,7);

	   
INSERT INTO STOCKS(ID_STOCK,FECHA,CANTIDAD,CANTIDAD_MINIMA,ID_PRODUCTO,ID_ESTABLECIMIENTO)
	   VALUES(29,'25-08-2024',2500,3200,5,1);
INSERT INTO STOCKS(ID_STOCK, FECHA, CANTIDAD, CANTIDAD_MINIMA, ID_MEDICAMENTO_LOTE, ID_ESTABLECIMIENTO)
    VALUES(30, '01-08-2024', 2290, 2500, 5, 1);
INSERT INTO STOCKS(ID_STOCK, FECHA, CANTIDAD, CANTIDAD_MINIMA, ID_PRODUCTO, ID_ESTABLECIMIENTO)
    VALUES(31, '05-08-2024', 2510, 2520, 5, 2);
INSERT INTO STOCKS(ID_STOCK, FECHA, CANTIDAD, CANTIDAD_MINIMA, ID_MEDICAMENTO_LOTE, ID_ESTABLECIMIENTO)
    VALUES(32, '10-08-2024', 2530, 2540, 5, 3);
INSERT INTO STOCKS(ID_STOCK, FECHA, CANTIDAD, CANTIDAD_MINIMA, ID_PRODUCTO, ID_ESTABLECIMIENTO)
    VALUES(33, '15-08-2024', 2550, 2560, 5, 4);
INSERT INTO STOCKS(ID_STOCK, FECHA, CANTIDAD, CANTIDAD_MINIMA, ID_MEDICAMENTO_LOTE, ID_ESTABLECIMIENTO)
    VALUES(34, '20-08-2024', 2570, 2580, 5, 5);
INSERT INTO STOCKS(ID_STOCK, FECHA, CANTIDAD, CANTIDAD_MINIMA, ID_PRODUCTO, ID_ESTABLECIMIENTO)
    VALUES(35, '25-08-2024', 2590, 2600, 5, 6);

INSERT INTO STOCKS(ID_STOCK, FECHA, CANTIDAD, CANTIDAD_MINIMA, ID_MEDICAMENTO_LOTE, ID_ESTABLECIMIENTO)
    VALUES(36, '01-08-2024', 4950, 5400, 6, 1);
INSERT INTO STOCKS(ID_STOCK, FECHA, CANTIDAD, CANTIDAD_MINIMA, ID_PRODUCTO, ID_ESTABLECIMIENTO)
    VALUES(37, '05-08-2024', 4970, 5420, 6, 2);
INSERT INTO STOCKS(ID_STOCK, FECHA, CANTIDAD, CANTIDAD_MINIMA, ID_MEDICAMENTO_LOTE, ID_ESTABLECIMIENTO)
    VALUES(38, '10-08-2024', 4990, 5440, 6, 3);
INSERT INTO STOCKS(ID_STOCK, FECHA, CANTIDAD, CANTIDAD_MINIMA, ID_PRODUCTO, ID_ESTABLECIMIENTO)
    VALUES(39, '15-08-2024', 5010, 5460, 6, 4);
INSERT INTO STOCKS(ID_STOCK, FECHA, CANTIDAD, CANTIDAD_MINIMA, ID_MEDICAMENTO_LOTE, ID_ESTABLECIMIENTO)
    VALUES(40, '20-08-2024', 5030, 5480, 6, 5);
INSERT INTO STOCKS(ID_STOCK, FECHA, CANTIDAD, CANTIDAD_MINIMA, ID_PRODUCTO, ID_ESTABLECIMIENTO)
    VALUES(41, '25-08-2024', 5050, 5500, 6, 6);
INSERT INTO STOCKS(ID_STOCK, FECHA, CANTIDAD, CANTIDAD_MINIMA, ID_MEDICAMENTO_LOTE, ID_ESTABLECIMIENTO)
    VALUES(42, '30-08-2024', 5070, 5520, 6, 7);

INSERT INTO STOCKS(ID_STOCK, FECHA, CANTIDAD, CANTIDAD_MINIMA, ID_MEDICAMENTO_LOTE, ID_ESTABLECIMIENTO)
    VALUES(43, '01-08-2024', 950, 1400, 7, 1);
INSERT INTO STOCKS(ID_STOCK, FECHA, CANTIDAD, CANTIDAD_MINIMA, ID_PRODUCTO, ID_ESTABLECIMIENTO)
    VALUES(44, '05-08-2024', 960, 1450, 7, 2);
INSERT INTO STOCKS(ID_STOCK, FECHA, CANTIDAD, CANTIDAD_MINIMA, ID_MEDICAMENTO_LOTE, ID_ESTABLECIMIENTO)
    VALUES(45, '10-08-2024', 970, 1500, 7, 3);
INSERT INTO STOCKS(ID_STOCK, FECHA, CANTIDAD, CANTIDAD_MINIMA, ID_PRODUCTO, ID_ESTABLECIMIENTO)
    VALUES(46, '15-08-2024', 980, 1550, 7, 4);
INSERT INTO STOCKS(ID_STOCK, FECHA, CANTIDAD, CANTIDAD_MINIMA, ID_MEDICAMENTO_LOTE, ID_ESTABLECIMIENTO)
    VALUES(47, '20-08-2024', 990, 1600, 7, 5);
INSERT INTO STOCKS(ID_STOCK, FECHA, CANTIDAD, CANTIDAD_MINIMA, ID_PRODUCTO, ID_ESTABLECIMIENTO)
    VALUES(48, '25-08-2024', 1000, 1650, 7, 6);
INSERT INTO STOCKS(ID_STOCK, FECHA, CANTIDAD, CANTIDAD_MINIMA, ID_MEDICAMENTO_LOTE, ID_ESTABLECIMIENTO)
    VALUES(49, '30-08-2024', 1010, 1700, 7, 7);

INSERT INTO STOCKS(ID_STOCK, FECHA, CANTIDAD, CANTIDAD_MINIMA, ID_MEDICAMENTO_LOTE, ID_ESTABLECIMIENTO)
    VALUES(50, '01-08-2024', 280, 320, 8, 1);
INSERT INTO STOCKS(ID_STOCK, FECHA, CANTIDAD, CANTIDAD_MINIMA, ID_PRODUCTO, ID_ESTABLECIMIENTO)
    VALUES(51, '05-08-2024', 290, 330, 8, 2);
INSERT INTO STOCKS(ID_STOCK, FECHA, CANTIDAD, CANTIDAD_MINIMA, ID_MEDICAMENTO_LOTE, ID_ESTABLECIMIENTO)
    VALUES(52, '10-08-2024', 295, 340, 8, 3);
INSERT INTO STOCKS(ID_STOCK, FECHA, CANTIDAD, CANTIDAD_MINIMA, ID_PRODUCTO, ID_ESTABLECIMIENTO)
    VALUES(53, '15-08-2024', 300, 350, 8, 4);
INSERT INTO STOCKS(ID_STOCK, FECHA, CANTIDAD, CANTIDAD_MINIMA, ID_MEDICAMENTO_LOTE, ID_ESTABLECIMIENTO)
    VALUES(54, '20-08-2024', 305, 360, 8, 5);
INSERT INTO STOCKS(ID_STOCK, FECHA, CANTIDAD, CANTIDAD_MINIMA, ID_PRODUCTO, ID_ESTABLECIMIENTO)
    VALUES(55, '25-08-2024', 310, 370, 8, 6);
INSERT INTO STOCKS(ID_STOCK, FECHA, CANTIDAD, CANTIDAD_MINIMA, ID_MEDICAMENTO_LOTE, ID_ESTABLECIMIENTO)
    VALUES(56, '30-08-2024', 315, 380, 8, 7);

INSERT INTO STOCKS(ID_STOCK, FECHA, CANTIDAD, CANTIDAD_MINIMA, ID_MEDICAMENTO_LOTE, ID_ESTABLECIMIENTO)
    VALUES(57, '01-08-2024', 220, 200, 9, 1);
INSERT INTO STOCKS(ID_STOCK, FECHA, CANTIDAD, CANTIDAD_MINIMA, ID_PRODUCTO, ID_ESTABLECIMIENTO)
    VALUES(58, '05-08-2024', 225, 205, 9, 2);
INSERT INTO STOCKS(ID_STOCK, FECHA, CANTIDAD, CANTIDAD_MINIMA, ID_MEDICAMENTO_LOTE, ID_ESTABLECIMIENTO)
    VALUES(59, '10-08-2024', 230, 210, 9, 3);

INSERT INTO STOCKS(ID_STOCK, FECHA, CANTIDAD, CANTIDAD_MINIMA, ID_PRODUCTO, ID_ESTABLECIMIENTO)
    VALUES(60, '15-08-2024', 235, 215, 9, 4);
INSERT INTO STOCKS(ID_STOCK, FECHA, CANTIDAD, CANTIDAD_MINIMA, ID_MEDICAMENTO_LOTE, ID_ESTABLECIMIENTO)
    VALUES(61, '20-08-2024', 240, 220, 9, 5);
INSERT INTO STOCKS(ID_STOCK, FECHA, CANTIDAD, CANTIDAD_MINIMA, ID_PRODUCTO, ID_ESTABLECIMIENTO)
    VALUES(62, '25-08-2024', 245, 225, 9, 6);
INSERT INTO STOCKS(ID_STOCK, FECHA, CANTIDAD, CANTIDAD_MINIMA, ID_MEDICAMENTO_LOTE, ID_ESTABLECIMIENTO)
    VALUES(63, '30-08-2024', 250, 230, 9, 7);

INSERT INTO STOCKS(ID_STOCK, FECHA, CANTIDAD, CANTIDAD_MINIMA, ID_MEDICAMENTO_LOTE, ID_ESTABLECIMIENTO)
    VALUES(64, '01-08-2024', 2550, 2400, 10, 1);
INSERT INTO STOCKS(ID_STOCK, FECHA, CANTIDAD, CANTIDAD_MINIMA, ID_PRODUCTO, ID_ESTABLECIMIENTO)
    VALUES(65, '05-08-2024', 2600, 2450, 10, 2);
INSERT INTO STOCKS(ID_STOCK, FECHA, CANTIDAD, CANTIDAD_MINIMA, ID_MEDICAMENTO_LOTE, ID_ESTABLECIMIENTO)
    VALUES(66, '10-08-2024', 2500, 2500, 10, 3);
INSERT INTO STOCKS(ID_STOCK, FECHA, CANTIDAD, CANTIDAD_MINIMA, ID_PRODUCTO, ID_ESTABLECIMIENTO)
    VALUES(67, '15-08-2024', 2450, 2550, 10, 4);
INSERT INTO STOCKS(ID_STOCK, FECHA, CANTIDAD, CANTIDAD_MINIMA, ID_MEDICAMENTO_LOTE, ID_ESTABLECIMIENTO)
    VALUES(68, '20-08-2024', 2520, 2480, 10, 5);
INSERT INTO STOCKS(ID_STOCK, FECHA, CANTIDAD, CANTIDAD_MINIMA, ID_PRODUCTO, ID_ESTABLECIMIENTO)
    VALUES(69, '25-08-2024', 2570, 2500, 10, 6);
INSERT INTO STOCKS(ID_STOCK, FECHA, CANTIDAD, CANTIDAD_MINIMA, ID_MEDICAMENTO_LOTE, ID_ESTABLECIMIENTO)
    VALUES(70, '30-08-2024', 2620, 2550, 10, 7);

INSERT INTO STOCKS(ID_STOCK, FECHA, CANTIDAD, CANTIDAD_MINIMA, ID_PRODUCTO, ID_ESTABLECIMIENTO)
    VALUES(71, '01-08-2024', 7100, 6900, 11, 1);
INSERT INTO STOCKS(ID_STOCK, FECHA, CANTIDAD, CANTIDAD_MINIMA, ID_MEDICAMENTO_LOTE, ID_ESTABLECIMIENTO)
    VALUES(72, '05-08-2024', 7200, 6800, 11, 2);
INSERT INTO STOCKS(ID_STOCK, FECHA, CANTIDAD, CANTIDAD_MINIMA, ID_PRODUCTO, ID_ESTABLECIMIENTO)
    VALUES(73, '10-08-2024', 7300, 7000, 11, 3);
INSERT INTO STOCKS(ID_STOCK, FECHA, CANTIDAD, CANTIDAD_MINIMA, ID_MEDICAMENTO_LOTE, ID_ESTABLECIMIENTO)
    VALUES(74, '15-08-2024', 7400, 7100, 11, 4);
INSERT INTO STOCKS(ID_STOCK, FECHA, CANTIDAD, CANTIDAD_MINIMA, ID_PRODUCTO, ID_ESTABLECIMIENTO)
    VALUES(75, '20-08-2024', 7500, 7200, 11, 5);
INSERT INTO STOCKS(ID_STOCK, FECHA, CANTIDAD, CANTIDAD_MINIMA, ID_MEDICAMENTO_LOTE, ID_ESTABLECIMIENTO)
    VALUES(76, '25-08-2024', 7600, 7300, 11, 6);
INSERT INTO STOCKS(ID_STOCK, FECHA, CANTIDAD, CANTIDAD_MINIMA, ID_PRODUCTO, ID_ESTABLECIMIENTO)
    VALUES(77, '30-08-2024', 7700, 7400, 11, 7);

INSERT INTO STOCKS(ID_STOCK, FECHA, CANTIDAD, CANTIDAD_MINIMA, ID_MEDICAMENTO_LOTE, ID_ESTABLECIMIENTO)
    VALUES(78, '01-08-2024', 210, 190, 12, 1);
INSERT INTO STOCKS(ID_STOCK, FECHA, CANTIDAD, CANTIDAD_MINIMA, ID_PRODUCTO, ID_ESTABLECIMIENTO)
    VALUES(79, '05-08-2024', 220, 180, 12, 2);
INSERT INTO STOCKS(ID_STOCK, FECHA, CANTIDAD, CANTIDAD_MINIMA, ID_MEDICAMENTO_LOTE, ID_ESTABLECIMIENTO)
    VALUES(80, '10-08-2024', 230, 190, 12, 3);
INSERT INTO STOCKS(ID_STOCK, FECHA, CANTIDAD, CANTIDAD_MINIMA, ID_PRODUCTO, ID_ESTABLECIMIENTO)
    VALUES(81, '15-08-2024', 240, 200, 12, 4);
INSERT INTO STOCKS(ID_STOCK, FECHA, CANTIDAD, CANTIDAD_MINIMA, ID_MEDICAMENTO_LOTE, ID_ESTABLECIMIENTO)
    VALUES(82, '20-08-2024', 250, 210, 12, 5);
INSERT INTO STOCKS(ID_STOCK, FECHA, CANTIDAD, CANTIDAD_MINIMA, ID_PRODUCTO, ID_ESTABLECIMIENTO)
    VALUES(83, '25-08-2024', 260, 220, 12, 6);
INSERT INTO STOCKS(ID_STOCK, FECHA, CANTIDAD, CANTIDAD_MINIMA, ID_MEDICAMENTO_LOTE, ID_ESTABLECIMIENTO)
    VALUES(84, '30-08-2024', 270, 230, 12, 7);

INSERT INTO STOCKS(ID_STOCK, FECHA, CANTIDAD, CANTIDAD_MINIMA, ID_PRODUCTO, ID_ESTABLECIMIENTO)
    VALUES(85, '01-08-2024', 5100, 4900, 13, 1);
INSERT INTO STOCKS(ID_STOCK, FECHA, CANTIDAD, CANTIDAD_MINIMA, ID_MEDICAMENTO_LOTE, ID_ESTABLECIMIENTO)
    VALUES(86, '05-08-2024', 5050, 4950, 13, 2);
INSERT INTO STOCKS(ID_STOCK, FECHA, CANTIDAD, CANTIDAD_MINIMA, ID_PRODUCTO, ID_ESTABLECIMIENTO)
    VALUES(87, '10-08-2024', 4900, 5000, 13, 3);
INSERT INTO STOCKS(ID_STOCK, FECHA, CANTIDAD, CANTIDAD_MINIMA, ID_MEDICAMENTO_LOTE, ID_ESTABLECIMIENTO)
    VALUES(88, '15-08-2024', 5200, 5150, 13, 4);
INSERT INTO STOCKS(ID_STOCK, FECHA, CANTIDAD, CANTIDAD_MINIMA, ID_PRODUCTO, ID_ESTABLECIMIENTO)
    VALUES(89, '20-08-2024', 5300, 5250, 13, 5);
INSERT INTO STOCKS(ID_STOCK, FECHA, CANTIDAD, CANTIDAD_MINIMA, ID_MEDICAMENTO_LOTE, ID_ESTABLECIMIENTO)
    VALUES(90, '25-08-2024', 5450, 5350, 13, 6);
INSERT INTO STOCKS(ID_STOCK, FECHA, CANTIDAD, CANTIDAD_MINIMA, ID_PRODUCTO, ID_ESTABLECIMIENTO)
    VALUES(91, '30-08-2024', 5500, 5600, 13, 7);
INSERT INTO STOCKS(ID_STOCK, FECHA, CANTIDAD, CANTIDAD_MINIMA, ID_MEDICAMENTO_LOTE, ID_ESTABLECIMIENTO)
    VALUES(92, '01-08-2024', 110, 90, 14, 1);

INSERT INTO STOCKS(ID_STOCK, FECHA, CANTIDAD, CANTIDAD_MINIMA, ID_PRODUCTO, ID_ESTABLECIMIENTO)
    VALUES(93, '05-08-2024', 95, 105, 14, 2);
INSERT INTO STOCKS(ID_STOCK, FECHA, CANTIDAD, CANTIDAD_MINIMA, ID_MEDICAMENTO_LOTE, ID_ESTABLECIMIENTO)
    VALUES(94, '10-08-2024', 120, 110, 14, 3);
INSERT INTO STOCKS(ID_STOCK, FECHA, CANTIDAD, CANTIDAD_MINIMA, ID_PRODUCTO, ID_ESTABLECIMIENTO)
    VALUES(95, '15-08-2024', 110, 130, 14, 4);
INSERT INTO STOCKS(ID_STOCK, FECHA, CANTIDAD, CANTIDAD_MINIMA, ID_MEDICAMENTO_LOTE, ID_ESTABLECIMIENTO)
    VALUES(96, '20-08-2024', 140, 120, 14, 5);
INSERT INTO STOCKS(ID_STOCK, FECHA, CANTIDAD, CANTIDAD_MINIMA, ID_PRODUCTO, ID_ESTABLECIMIENTO)
    VALUES(97, '25-08-2024', 130, 140, 14, 6);
INSERT INTO STOCKS(ID_STOCK, FECHA, CANTIDAD, CANTIDAD_MINIMA, ID_MEDICAMENTO_LOTE, ID_ESTABLECIMIENTO)
    VALUES(98, '30-08-2024', 150, 160, 14, 7);

INSERT INTO STOCKS(ID_STOCK, FECHA, CANTIDAD, CANTIDAD_MINIMA, ID_PRODUCTO, ID_ESTABLECIMIENTO)
    VALUES(99, '01-08-2024', 360, 340, 15, 1);
INSERT INTO STOCKS(ID_STOCK, FECHA, CANTIDAD, CANTIDAD_MINIMA, ID_MEDICAMENTO_LOTE, ID_ESTABLECIMIENTO)
    VALUES(100, '05-08-2024', 340, 355, 15, 2);
INSERT INTO STOCKS(ID_STOCK, FECHA, CANTIDAD, CANTIDAD_MINIMA, ID_PRODUCTO, ID_ESTABLECIMIENTO)
    VALUES(101, '10-08-2024', 350, 345, 15, 3);
INSERT INTO STOCKS(ID_STOCK, FECHA, CANTIDAD, CANTIDAD_MINIMA, ID_MEDICAMENTO_LOTE, ID_ESTABLECIMIENTO)
    VALUES(102, '15-08-2024', 345, 350, 15, 4);
INSERT INTO STOCKS(ID_STOCK, FECHA, CANTIDAD, CANTIDAD_MINIMA, ID_PRODUCTO, ID_ESTABLECIMIENTO)
    VALUES(103, '20-08-2024', 355, 340, 15, 5);
INSERT INTO STOCKS(ID_STOCK, FECHA, CANTIDAD, CANTIDAD_MINIMA, ID_MEDICAMENTO_LOTE, ID_ESTABLECIMIENTO)
    VALUES(104, '25-08-2024', 370, 330, 15, 6);
INSERT INTO STOCKS(ID_STOCK, FECHA, CANTIDAD, CANTIDAD_MINIMA, ID_MEDICAMENTO_LOTE, ID_ESTABLECIMIENTO)
    VALUES(105, '30-08-2024', 330, 360, 15, 7);

INSERT INTO STOCKS(ID_STOCK, FECHA, CANTIDAD, CANTIDAD_MINIMA, ID_MEDICAMENTO_LOTE, ID_ESTABLECIMIENTO)
    VALUES(106, '01-08-2024', 10200, 9800, 16, 1);
INSERT INTO STOCKS(ID_STOCK, FECHA, CANTIDAD, CANTIDAD_MINIMA, ID_PRODUCTO, ID_ESTABLECIMIENTO)
    VALUES(107, '05-08-2024', 9800, 10000, 16, 2);
INSERT INTO STOCKS(ID_STOCK, FECHA, CANTIDAD, CANTIDAD_MINIMA, ID_MEDICAMENTO_LOTE, ID_ESTABLECIMIENTO)
    VALUES(108, '10-08-2024', 10100, 9900, 16, 3);
INSERT INTO STOCKS(ID_STOCK, FECHA, CANTIDAD, CANTIDAD_MINIMA, ID_PRODUCTO, ID_ESTABLECIMIENTO)
    VALUES(109, '15-08-2024', 9900, 10200, 16, 4);
INSERT INTO STOCKS(ID_STOCK, FECHA, CANTIDAD, CANTIDAD_MINIMA, ID_MEDICAMENTO_LOTE, ID_ESTABLECIMIENTO)
    VALUES(110, '20-08-2024', 10000, 9800, 16, 5);
INSERT INTO STOCKS(ID_STOCK, FECHA, CANTIDAD, CANTIDAD_MINIMA, ID_PRODUCTO, ID_ESTABLECIMIENTO)
    VALUES(111, '25-08-2024', 10300, 9700, 16, 6);
INSERT INTO STOCKS(ID_STOCK, FECHA, CANTIDAD, CANTIDAD_MINIMA, ID_MEDICAMENTO_LOTE, ID_ESTABLECIMIENTO)
    VALUES(112, '30-08-2024', 9700, 10400, 16, 7);


INSERT INTO STOCKS(ID_STOCK, FECHA, CANTIDAD, CANTIDAD_MINIMA, ID_PRODUCTO, ID_ESTABLECIMIENTO)
    VALUES(113, '30-08-2024', 1000, 500, 10, 3);
INSERT INTO STOCKS(ID_STOCK, FECHA, CANTIDAD, CANTIDAD_MINIMA, ID_PRODUCTO, ID_ESTABLECIMIENTO)
    VALUES(114, '10-08-2024', 800, 100, 12, 3);


--
-- FACTURAS


INSERT INTO FACTURAS(ID_FACTURA, ID_CLIENTE, ID_PERSONAL_CARGOS_ESTABLECIMIENTOS,FECHA)
	VALUES(1, 3, 2, '03-08-2024');

INSERT INTO FACTURAS(ID_FACTURA,ID_CLIENTE,ID_PERSONAL_CARGOS_ESTABLECIMIENTOS,FECHA)
	VALUES(2,8,11,'19/08/2024');

INSERT INTO FACTURAS(ID_FACTURA,ID_CLIENTE,ID_PERSONAL_CARGOS_ESTABLECIMIENTOS,FECHA)
	VALUES(3,2,11,'17/08/2024');

INSERT INTO FACTURAS(ID_FACTURA,ID_CLIENTE,ID_PERSONAL_CARGOS_ESTABLECIMIENTOS,FECHA)
	VALUES(4,1,11,'22/08/2024');

INSERT INTO FACTURAS(ID_FACTURA,ID_CLIENTE,ID_PERSONAL_CARGOS_ESTABLECIMIENTOS,FECHA)
	VALUES(5,10,11,'26/08/2024');

INSERT INTO FACTURAS(ID_FACTURA, ID_CLIENTE, ID_PERSONAL_CARGOS_ESTABLECIMIENTOS,FECHA)
	VALUES(6, 7, 10, '06-09-2024');

INSERT INTO FACTURAS(ID_FACTURA,ID_CLIENTE,ID_PERSONAL_CARGOS_ESTABLECIMIENTOS,FECHA)
	VALUES (7,5,3,'11-08-2024');

INSERT INTO FACTURAS(ID_FACTURA, ID_CLIENTE, ID_PERSONAL_CARGOS_ESTABLECIMIENTOS,FECHA)
			VALUES(8, 10, 19, '13-08-2024');
INSERT INTO FACTURAS(ID_FACTURA, ID_CLIENTE, ID_PERSONAL_CARGOS_ESTABLECIMIENTOS,FECHA)
			VALUES(9, 9, 19, '01-08-2024');


----
----- FACTURA TIPO PAGO

INSERT INTO FACTURAS_TIPOS_PAGOS(ID_FACTURA_TIPO_PAGO, ID_FACTURA, ID_TIPO_PAGO, PORCENTAJE_PAGO, ES_CUOTAS, CANTIDAD_CUOTAS)
	VALUES(1, 1, 2, 100, 0, NULL)
INSERT INTO FACTURAS_TIPOS_PAGOS(ID_FACTURA_TIPO_PAGO,ID_FACTURA,ID_TIPO_PAGO,PORCENTAJE_PAGO,ES_CUOTAS,CANTIDAD_CUOTAS)
	VALUES(2,2,4,0,1,6)
INSERT INTO FACTURAS_TIPOS_PAGOS(ID_FACTURA_TIPO_PAGO,ID_FACTURA,ID_TIPO_PAGO,PORCENTAJE_PAGO)
	VALUES(3,3,2,100)
INSERT INTO FACTURAS_TIPOS_PAGOS(ID_FACTURA_TIPO_PAGO,ID_FACTURA,ID_TIPO_PAGO,PORCENTAJE_PAGO,ES_CUOTAS,CANTIDAD_CUOTAS)
	VALUES(4,4,4,0,1,3)
INSERT INTO FACTURAS_TIPOS_PAGOS(ID_FACTURA_TIPO_PAGO,ID_FACTURA,ID_TIPO_PAGO,PORCENTAJE_PAGO)
	VALUES(5,5,3,100)
INSERT INTO FACTURAS_TIPOS_PAGOS(ID_FACTURA_TIPO_PAGO, ID_FACTURA, ID_TIPO_PAGO, PORCENTAJE_PAGO, ES_CUOTAS, CANTIDAD_CUOTAS)
	VALUES(6, 6, 5, 100, 0, NULL);
INSERT INTO FACTURAS_TIPOS_PAGOS (ID_FACTURA_TIPO_PAGO,ID_FACTURA,ID_TIPO_PAGO,PORCENTAJE_PAGO,ES_CUOTAS,CANTIDAD_CUOTAS)
	VALUES(7,7,4,60,1,3);
INSERT INTO FACTURAS_TIPOS_PAGOS (ID_FACTURA_TIPO_PAGO,ID_FACTURA,ID_TIPO_PAGO,PORCENTAJE_PAGO,ES_CUOTAS,CANTIDAD_CUOTAS)
	VALUES(8,7,6,40,0,0);
INSERT INTO FACTURAS_TIPOS_PAGOS(ID_FACTURA_TIPO_PAGO, ID_FACTURA, ID_TIPO_PAGO, PORCENTAJE_PAGO, ES_CUOTAS, CANTIDAD_CUOTAS)
			VALUES(9, 8, 3, 100, 0, NULL)
INSERT INTO FACTURAS_TIPOS_PAGOS(ID_FACTURA_TIPO_PAGO, ID_FACTURA, ID_TIPO_PAGO, PORCENTAJE_PAGO, ES_CUOTAS, CANTIDAD_CUOTAS)
			VALUES(10, 9, 4, 100, 1, 3)

----
----- DISPENSACIONES

INSERT INTO DISPENSACIONES(ID_DISPENSACION, ID_FACTURA, ID_MEDICAMENTO_LOTE, ID_PRODUCTO, DESCUENTO, PRECIO_UNITARIO, CANTIDAD, MATRICULA, CODIGO_VALIDACION)
		VALUES(1, 1, NULL, 5, 0, 2220, 2, NULL, NULL)

INSERT INTO DISPENSACIONES(ID_DISPENSACION, ID_FACTURA, ID_MEDICAMENTO_LOTE, ID_PRODUCTO, DESCUENTO, PRECIO_UNITARIO, CANTIDAD, MATRICULA, CODIGO_VALIDACION)
		VALUES(2, 1, NULL, 6, 0, 7050, 4, NULL, NULL)
INSERT INTO DISPENSACIONES(ID_DISPENSACION, ID_FACTURA, ID_MEDICAMENTO_LOTE, ID_PRODUCTO, DESCUENTO, PRECIO_UNITARIO, CANTIDAD, MATRICULA, CODIGO_VALIDACION)
		VALUES(3, 1, NULL, 16, 0, 4200, 1, NULL, NULL)

INSERT INTO DISPENSACIONES(ID_DISPENSACION,ID_FACTURA,ID_PRODUCTO,DESCUENTO,PRECIO_UNITARIO,CANTIDAD)
	VALUES (1,2,7,0.1,10200.00,5)
INSERT INTO DISPENSACIONES(ID_DISPENSACION,ID_FACTURA,ID_MEDICAMENTO_LOTE, ID_COBERTURA, DESCUENTO,PRECIO_UNITARIO,CANTIDAD,MATRICULA,CODIGO_VALIDACION)
	VALUES(2,2,3,1,0.20,855.54,6,'AB123CD','JCKI4902')

INSERT INTO DISPENSACIONES(ID_DISPENSACION,ID_FACTURA,ID_PRODUCTO,PRECIO_UNITARIO,CANTIDAD, DESCUENTO)
	VALUES (1,3,12,1299.99,2, 0)
INSERT INTO DISPENSACIONES(ID_DISPENSACION,ID_FACTURA,ID_MEDICAMENTO_LOTE, ID_COBERTURA, DESCUENTO,PRECIO_UNITARIO,CANTIDAD,MATRICULA,CODIGO_VALIDACION)
	VALUES(2,3,11,1,0.20,167.94,3,'9876AJU','AMDU6538' )

INSERT INTO DISPENSACIONES(ID_DISPENSACION,ID_FACTURA,ID_PRODUCTO,DESCUENTO,PRECIO_UNITARIO,CANTIDAD)
	VALUES (1,4,12,0.1,1299.99,5)
INSERT INTO DISPENSACIONES(ID_DISPENSACION,ID_FACTURA,ID_MEDICAMENTO_LOTE, ID_COBERTURA, DESCUENTO,PRECIO_UNITARIO,CANTIDAD,MATRICULA,CODIGO_VALIDACION)
	VALUES(2,4,15,1,0.20,198.90,5,'ZX987CV','KEJC8392' )

INSERT INTO DISPENSACIONES(ID_DISPENSACION,ID_FACTURA,ID_PRODUCTO,PRECIO_UNITARIO,CANTIDAD, DESCUENTO)
	VALUES (1,5,14,18000.00,5, 0)



INSERT INTO DISPENSACIONES(ID_DISPENSACION, ID_FACTURA, ID_MEDICAMENTO_LOTE, ID_PRODUCTO, DESCUENTO, PRECIO_UNITARIO, CANTIDAD, MATRICULA, CODIGO_VALIDACION)
		VALUES(1, 6, NULL, 12, 0, 1299.99, 2, NULL, NULL );

INSERT INTO DISPENSACIONES(ID_DISPENSACION, ID_FACTURA, ID_MEDICAMENTO_LOTE, ID_PRODUCTO, DESCUENTO, PRECIO_UNITARIO, CANTIDAD, MATRICULA, CODIGO_VALIDACION)
		VALUES(2, 6, NULL, 10, 0, 800, 1, NULL, NULL);



INSERT INTO DISPENSACIONES(ID_DISPENSACION,ID_FACTURA,ID_MEDICAMENTO_LOTE, ID_COBERTURA, DESCUENTO,PRECIO_UNITARIO,CANTIDAD,MATRICULA,CODIGO_VALIDACION)
	VALUES (1,7,7,NULL,0,6834,2,'WE234MN','KEA83112');
INSERT INTO DISPENSACIONES(ID_DISPENSACION,ID_FACTURA,ID_MEDICAMENTO_LOTE,ID_PRODUCTO,DESCUENTO,PRECIO_UNITARIO,CANTIDAD,MATRICULA,CODIGO_VALIDACION)
	VALUES (2,7,NULL,11,0,10500,3,NULL,NULL);
INSERT INTO DISPENSACIONES(ID_DISPENSACION,ID_FACTURA,ID_MEDICAMENTO_LOTE,ID_PRODUCTO,DESCUENTO,PRECIO_UNITARIO,CANTIDAD,MATRICULA,CODIGO_VALIDACION)
	VALUES (3,7,NULL,13,0,9000,5,NULL,NULL);




INSERT INTO DISPENSACIONES(ID_DISPENSACION, ID_FACTURA, ID_MEDICAMENTO_LOTE, ID_PRODUCTO, DESCUENTO, PRECIO_UNITARIO, CANTIDAD, MATRICULA, CODIGO_VALIDACION)
		VALUES(1, 8, NULL, 3, 0, 6150, 2, NULL, NULL)

INSERT INTO DISPENSACIONES(ID_DISPENSACION, ID_FACTURA, ID_MEDICAMENTO_LOTE, ID_PRODUCTO, DESCUENTO, PRECIO_UNITARIO, CANTIDAD, MATRICULA, CODIGO_VALIDACION)
		VALUES(1, 9, NULL, 3, 0, 6150, 4, NULL, NULL)
INSERT INTO DISPENSACIONES(ID_DISPENSACION, ID_FACTURA, ID_MEDICAMENTO_LOTE, ID_PRODUCTO, DESCUENTO, PRECIO_UNITARIO, CANTIDAD, MATRICULA, CODIGO_VALIDACION)
		VALUES(2, 9, NULL, 11, 0, 10500, 1, NULL, NULL)
INSERT INTO DISPENSACIONES(ID_DISPENSACION, ID_FACTURA, ID_MEDICAMENTO_LOTE, ID_PRODUCTO, DESCUENTO, PRECIO_UNITARIO, CANTIDAD, MATRICULA, CODIGO_VALIDACION)
		VALUES(3, 9, NULL, 13, 0, 9100, 1, NULL, NULL)

---
---- INVENTARIOS
SET IDENTITY_INSERT INVENTARIOS ON;

INSERT INTO INVENTARIOS(ID_INVENTARIO, ID_FACTURA, ID_DISPENSACION, ID_TIPO_MOV, ID_STOCK)
			VALUES(1, 1, 1, 2 ,31)
INSERT INTO INVENTARIOS(ID_INVENTARIO, ID_FACTURA, ID_DISPENSACION, ID_TIPO_MOV, ID_STOCK)
			VALUES(2, 1, 2, 2, 37)
INSERT INTO INVENTARIOS(ID_INVENTARIO, ID_FACTURA, ID_DISPENSACION , ID_TIPO_MOV, ID_STOCK)
			VALUES(3, 1, 3, 2,  107)



INSERT INTO INVENTARIOS(ID_INVENTARIO, ID_FACTURA, ID_DISPENSACION, ID_TIPO_MOV, ID_STOCK)
VALUES ( 4, 2, 1,2 , 46)
INSERT INTO INVENTARIOS(ID_INVENTARIO, ID_FACTURA, ID_DISPENSACION, ID_TIPO_MOV, ID_STOCK)
VALUES ( 5,2,2 ,2 , 18 )

INSERT INTO INVENTARIOS(ID_INVENTARIO, ID_FACTURA, ID_DISPENSACION, ID_TIPO_MOV, ID_STOCK)
VALUES ( 6, 3,1 ,2 , 81)
INSERT INTO INVENTARIOS(ID_INVENTARIO, ID_FACTURA, ID_DISPENSACION, ID_TIPO_MOV, ID_STOCK)
VALUES ( 7, 3, 2, 2, 74)

INSERT INTO INVENTARIOS(ID_INVENTARIO, ID_FACTURA, ID_DISPENSACION, ID_TIPO_MOV, ID_STOCK)
VALUES ( 8, 4,1 ,2 ,81 )
INSERT INTO INVENTARIOS(ID_INVENTARIO, ID_FACTURA, ID_DISPENSACION, ID_TIPO_MOV, ID_STOCK)
VALUES ( 9, 4,2 , 2, 102)

INSERT INTO INVENTARIOS(ID_INVENTARIO, ID_FACTURA, ID_DISPENSACION, ID_TIPO_MOV, ID_STOCK)
VALUES ( 10, 5,1 ,2 ,95 )



INSERT INTO INVENTARIOS(ID_INVENTARIO, ID_FACTURA, ID_DISPENSACION, ID_TIPO_MOV, ID_STOCK)
			VALUES(11, 6, 1,2, 114)
INSERT INTO INVENTARIOS(ID_INVENTARIO, ID_FACTURA, ID_DISPENSACION, ID_TIPO_MOV, ID_STOCK)
			VALUES(12, 6, 2, 2, 113)



INSERT INTO INVENTARIOS(ID_INVENTARIO, ID_FACTURA, ID_DISPENSACION, ID_TIPO_MOV, ID_STOCK)
	VALUES (13,7,1,2,45);
INSERT INTO INVENTARIOS(ID_INVENTARIO, ID_FACTURA, ID_DISPENSACION, ID_TIPO_MOV, ID_STOCK)
	VALUES (14,7,2,2,73);
INSERT INTO INVENTARIOS(ID_INVENTARIO, ID_FACTURA, ID_DISPENSACION, ID_TIPO_MOV, ID_STOCK)
	VALUES (15,7,3,2,87);




INSERT INTO INVENTARIOS(ID_INVENTARIO, ID_FACTURA, ID_DISPENSACION, ID_TIPO_MOV, ID_STOCK)
	VALUES (16,8,1,2,19);
INSERT INTO INVENTARIOS(ID_INVENTARIO, ID_FACTURA, ID_DISPENSACION, ID_TIPO_MOV, ID_STOCK)
	VALUES (17,9,1,2,19);
INSERT INTO INVENTARIOS(ID_INVENTARIO, ID_FACTURA, ID_DISPENSACION, ID_TIPO_MOV, ID_STOCK)
	VALUES (18,9,2,2,75);
INSERT INTO INVENTARIOS(ID_INVENTARIO, ID_FACTURA, ID_DISPENSACION, ID_TIPO_MOV, ID_STOCK)
	VALUES (19,9,3,2,89);



---
---- PEDIDOS


INSERT INTO PEDIDOS(ID_PEDIDO, ID_PERSONAL_CARGOS_ESTABLECIMIENTOS, ID_LOGISTICA, FECHA)
		VALUES(1, 17, '25982761252', '07-08-2024')



INSERT INTO PEDIDOS(ID_PEDIDO,ID_PERSONAL_CARGOS_ESTABLECIMIENTOS,ID_LOGISTICA,FECHA)
		VALUES (2, 3, '22198273651','20/08/2024')


INSERT INTO PEDIDOS(ID_PEDIDO, ID_PERSONAL_CARGOS_ESTABLECIMIENTOS, ID_LOGISTICA, FECHA)
		VALUES(3, 20, '22198273651', '07-08-2024')


INSERT INTO PEDIDOS(ID_PEDIDO,ID_PERSONAL_CARGOS_ESTABLECIMIENTOS,ID_LOGISTICA,FECHA)
		VALUES (4,17,'25982761252','12-08-2024');


---   DETALLES_PEDIDOS



INSERT INTO DETALLES_PEDIDOS(ID_DETALLE_PEDIDO, ID_PEDIDO, ID_MEDICAMENTO_LOTE, ID_PROVEEDOR, ID_PRODUCTO, CANTIDAD, PRECIO_UNITARIO)
			VALUES(1,1,2, 1, NULL, 12, 855.54)

INSERT INTO DETALLES_PEDIDOS(ID_DETALLE_PEDIDO, ID_PEDIDO, ID_MEDICAMENTO_LOTE, ID_PROVEEDOR, ID_PRODUCTO, CANTIDAD, PRECIO_UNITARIO)
			VALUES(2,1,4, 1, NULL, 10,499.64)

INSERT INTO DETALLES_PEDIDOS(ID_DETALLE_PEDIDO, ID_PEDIDO, ID_MEDICAMENTO_LOTE, ID_PROVEEDOR, ID_PRODUCTO, CANTIDAD, PRECIO_UNITARIO)
			VALUES(3,1, 9, 1, NULL, 15,149.09)

INSERT INTO DETALLES_PEDIDOS(ID_DETALLE_PEDIDO, ID_PEDIDO, ID_MEDICAMENTO_LOTE, ID_PROVEEDOR, ID_PRODUCTO, CANTIDAD, PRECIO_UNITARIO)
			VALUES(4,1, 16, 1, NULL, 12,218.09)



INSERT INTO DETALLES_PEDIDOS(ID_DETALLE_PEDIDO, ID_PEDIDO, ID_MEDICAMENTO_LOTE, ID_PROVEEDOR, ID_PRODUCTO, CANTIDAD, PRECIO_UNITARIO)
			VALUES(1,2,4, 2, NULL,5,10919.52)

INSERT INTO DETALLES_PEDIDOS(ID_DETALLE_PEDIDO, ID_PEDIDO, ID_MEDICAMENTO_LOTE, ID_PROVEEDOR, ID_PRODUCTO, CANTIDAD, PRECIO_UNITARIO)
			VALUES(2,2, 7, 1, NULL,13,6834.00)

INSERT INTO DETALLES_PEDIDOS(ID_DETALLE_PEDIDO, ID_PEDIDO, ID_MEDICAMENTO_LOTE, ID_PROVEEDOR, ID_PRODUCTO, CANTIDAD, PRECIO_UNITARIO)
			VALUES(3,2, 9, 1, NULL,18,149.09)


INSERT INTO DETALLES_PEDIDOS(ID_DETALLE_PEDIDO, ID_PEDIDO, ID_MEDICAMENTO_LOTE, ID_PROVEEDOR, ID_PRODUCTO, CANTIDAD, PRECIO_UNITARIO)
			VALUES(1, 3, NULL, 11, 5, 100, 2220) -- 31

INSERT INTO DETALLES_PEDIDOS(ID_DETALLE_PEDIDO, ID_PEDIDO, ID_MEDICAMENTO_LOTE, ID_PROVEEDOR, ID_PRODUCTO, CANTIDAD, PRECIO_UNITARIO)
			VALUES(2, 3, NULL, 11, 6, 20, 7050) -- 41


INSERT INTO DETALLES_PEDIDOS(ID_DETALLE_PEDIDO,ID_PEDIDO,ID_MEDICAMENTO_LOTE,ID_PROVEEDOR,ID_PRODUCTO,CANTIDAD, PRECIO_UNITARIO)
	VALUES (1,4,NULL,11,15,1000,12230.00);

INSERT INTO DETALLES_PEDIDOS(ID_DETALLE_PEDIDO,ID_PEDIDO,ID_MEDICAMENTO_LOTE,ID_PROVEEDOR,ID_PRODUCTO,CANTIDAD, PRECIO_UNITARIO)
	VALUES (2,4,NULL,11,10,500,800);

INSERT INTO DETALLES_PEDIDOS(ID_DETALLE_PEDIDO,ID_PEDIDO,ID_MEDICAMENTO_LOTE,ID_PROVEEDOR,ID_PRODUCTO,CANTIDAD, PRECIO_UNITARIO)
	VALUES (3,4,NULL,11,12,1000,1299.99);



-- INVENTARIOS DE PEDIDOS



INSERT INTO INVENTARIOS(ID_INVENTARIO,ID_PEDIDO,ID_DETALLE_PEDIDO, ID_TIPO_MOV, ID_STOCK)
			VALUES(20, 1,1, 1,  3)
INSERT INTO INVENTARIOS(ID_INVENTARIO,ID_PEDIDO,ID_DETALLE_PEDIDO, ID_TIPO_MOV, ID_STOCK)
			VALUES(21, 1,2, 1,  24)
INSERT INTO INVENTARIOS(ID_INVENTARIO,ID_PEDIDO,ID_DETALLE_PEDIDO, ID_TIPO_MOV, ID_STOCK)
			VALUES(22, 1,3, 1,  59)
INSERT INTO INVENTARIOS(ID_INVENTARIO,ID_PEDIDO,ID_DETALLE_PEDIDO, ID_TIPO_MOV, ID_STOCK)
			VALUES(23, 1,4, 1,  108)



INSERT INTO INVENTARIOS(ID_INVENTARIO,ID_PEDIDO,ID_DETALLE_PEDIDO, ID_TIPO_MOV, ID_STOCK)
	VALUES (24, 2,1,1 , 24)

INSERT INTO INVENTARIOS(ID_INVENTARIO,ID_PEDIDO,ID_DETALLE_PEDIDO, ID_TIPO_MOV, ID_STOCK)
	VALUES (25, 2,2,1 ,45 )

INSERT INTO INVENTARIOS(ID_INVENTARIO,ID_PEDIDO,ID_DETALLE_PEDIDO, ID_TIPO_MOV, ID_STOCK)
	VALUES (26, 2,3,1 , 59)




INSERT INTO INVENTARIOS(ID_INVENTARIO, ID_PEDIDO, ID_DETALLE_PEDIDO , ID_TIPO_MOV, ID_STOCK)
			VALUES(27, 3, 1, 1,  35)

INSERT INTO INVENTARIOS(ID_INVENTARIO, ID_PEDIDO, ID_DETALLE_PEDIDO , ID_TIPO_MOV, ID_STOCK)
			VALUES(28, 3, 2, 1,  41)



INSERT INTO INVENTARIOS(ID_INVENTARIO, ID_PEDIDO, ID_DETALLE_PEDIDO , ID_TIPO_MOV, ID_STOCK)
	VALUES (29,4,1,1,101);

INSERT INTO INVENTARIOS(ID_INVENTARIO, ID_PEDIDO, ID_DETALLE_PEDIDO , ID_TIPO_MOV, ID_STOCK)
	VALUES (30,4,2,1,113);

INSERT INTO INVENTARIOS(ID_INVENTARIO, ID_PEDIDO, ID_DETALLE_PEDIDO , ID_TIPO_MOV, ID_STOCK)
	VALUES (31,4,3,1,114);

SET IDENTITY_INSERT INVENTARIOS OFF;
----- FACTURAS

INSERT INTO FACTURAS(ID_FACTURA, ID_CLIENTE, ID_PERSONAL_CARGOS_ESTABLECIMIENTOS, FECHA)
VALUES(130762,1,2,'1/9/2019');								

INSERT INTO FACTURAS(ID_FACTURA, ID_CLIENTE, ID_PERSONAL_CARGOS_ESTABLECIMIENTOS, FECHA)
VALUES(130796,3,2,'1/9/2019');								

INSERT INTO FACTURAS(ID_FACTURA, ID_CLIENTE, ID_PERSONAL_CARGOS_ESTABLECIMIENTOS, FECHA)
VALUES(130793,1,3,'7/9/2019');								

INSERT INTO FACTURAS(ID_FACTURA, ID_CLIENTE, ID_PERSONAL_CARGOS_ESTABLECIMIENTOS, FECHA)
VALUES(130584,4,3,'4/10/2019');								

INSERT INTO FACTURAS(ID_FACTURA, ID_CLIENTE, ID_PERSONAL_CARGOS_ESTABLECIMIENTOS, FECHA)
VALUES(130810,6,3,'1/11/2019');								

INSERT INTO FACTURAS(ID_FACTURA, ID_CLIENTE, ID_PERSONAL_CARGOS_ESTABLECIMIENTOS, FECHA)
VALUES(130807,9,11,'3/11/2019');								

INSERT INTO FACTURAS(ID_FACTURA, ID_CLIENTE, ID_PERSONAL_CARGOS_ESTABLECIMIENTOS, FECHA)
VALUES(131070,8,11,'10/11/2019');								

INSERT INTO FACTURAS(ID_FACTURA, ID_CLIENTE, ID_PERSONAL_CARGOS_ESTABLECIMIENTOS, FECHA)
VALUES(130785,1,12,'24/11/2019');								

INSERT INTO FACTURAS(ID_FACTURA, ID_CLIENTE, ID_PERSONAL_CARGOS_ESTABLECIMIENTOS, FECHA)
VALUES(32138,1,12,'25/11/2019');								

INSERT INTO FACTURAS(ID_FACTURA, ID_CLIENTE, ID_PERSONAL_CARGOS_ESTABLECIMIENTOS, FECHA)
VALUES(130186,1,12,'30/11/2019');								

INSERT INTO FACTURAS(ID_FACTURA, ID_CLIENTE, ID_PERSONAL_CARGOS_ESTABLECIMIENTOS, FECHA)
VALUES(176992,3,2,'10/1/2020');								

INSERT INTO FACTURAS(ID_FACTURA, ID_CLIENTE, ID_PERSONAL_CARGOS_ESTABLECIMIENTOS, FECHA)
VALUES(53919,5,3,'13/1/2020');								

INSERT INTO FACTURAS(ID_FACTURA, ID_CLIENTE, ID_PERSONAL_CARGOS_ESTABLECIMIENTOS, FECHA)
VALUES(176585,5,11,'13/1/2020');								

INSERT INTO FACTURAS(ID_FACTURA, ID_CLIENTE, ID_PERSONAL_CARGOS_ESTABLECIMIENTOS, FECHA)
VALUES(176320,7,2,'23/1/2020');								

INSERT INTO FACTURAS(ID_FACTURA, ID_CLIENTE, ID_PERSONAL_CARGOS_ESTABLECIMIENTOS, FECHA)
VALUES(176531,7,2,'30/1/2020');								

INSERT INTO FACTURAS(ID_FACTURA, ID_CLIENTE, ID_PERSONAL_CARGOS_ESTABLECIMIENTOS, FECHA)
VALUES(176487,3,3,'31/1/2020');								

INSERT INTO FACTURAS(ID_FACTURA, ID_CLIENTE, ID_PERSONAL_CARGOS_ESTABLECIMIENTOS, FECHA)
VALUES(176519,9,2,'3/2/2020');								

INSERT INTO FACTURAS(ID_FACTURA, ID_CLIENTE, ID_PERSONAL_CARGOS_ESTABLECIMIENTOS, FECHA)
VALUES(176980,9,3,'14/2/2020');								

INSERT INTO FACTURAS(ID_FACTURA, ID_CLIENTE, ID_PERSONAL_CARGOS_ESTABLECIMIENTOS, FECHA)
VALUES(176542,9,2,'24/2/2020');								

INSERT INTO FACTURAS(ID_FACTURA, ID_CLIENTE, ID_PERSONAL_CARGOS_ESTABLECIMIENTOS, FECHA)
VALUES(176626,4,11,'3/3/2020');								

INSERT INTO FACTURAS(ID_FACTURA, ID_CLIENTE, ID_PERSONAL_CARGOS_ESTABLECIMIENTOS, FECHA)
VALUES(132435,3,12,'10/5/2021');								

INSERT INTO FACTURAS(ID_FACTURA, ID_CLIENTE, ID_PERSONAL_CARGOS_ESTABLECIMIENTOS, FECHA)
VALUES(176146,3,2,'12/5/2021');								

INSERT INTO FACTURAS(ID_FACTURA, ID_CLIENTE, ID_PERSONAL_CARGOS_ESTABLECIMIENTOS, FECHA)
VALUES(176935,1,3,'13/5/2021');								

INSERT INTO FACTURAS(ID_FACTURA, ID_CLIENTE, ID_PERSONAL_CARGOS_ESTABLECIMIENTOS, FECHA)
VALUES(177039,1,3,'20/5/2021');								

INSERT INTO FACTURAS(ID_FACTURA, ID_CLIENTE, ID_PERSONAL_CARGOS_ESTABLECIMIENTOS, FECHA)
VALUES(176809,7,3,'2/6/2021');								

INSERT INTO FACTURAS(ID_FACTURA, ID_CLIENTE, ID_PERSONAL_CARGOS_ESTABLECIMIENTOS, FECHA)
VALUES(176394,6,2,'13/6/2021');								

INSERT INTO FACTURAS(ID_FACTURA, ID_CLIENTE, ID_PERSONAL_CARGOS_ESTABLECIMIENTOS, FECHA)
VALUES(176362,9,11,'21/6/2021');								

INSERT INTO FACTURAS(ID_FACTURA, ID_CLIENTE, ID_PERSONAL_CARGOS_ESTABLECIMIENTOS, FECHA)
VALUES(177219,9,12,'2/7/2021');								

INSERT INTO FACTURAS(ID_FACTURA, ID_CLIENTE, ID_PERSONAL_CARGOS_ESTABLECIMIENTOS, FECHA)
VALUES(176215,8,12,'29/7/2021');								

INSERT INTO FACTURAS(ID_FACTURA, ID_CLIENTE, ID_PERSONAL_CARGOS_ESTABLECIMIENTOS, FECHA)
VALUES(176995,4,2,'31/7/2021');								

INSERT INTO FACTURAS(ID_FACTURA, ID_CLIENTE, ID_PERSONAL_CARGOS_ESTABLECIMIENTOS, FECHA)
VALUES(176147,5,3,'10/1/2022');								

INSERT INTO FACTURAS(ID_FACTURA, ID_CLIENTE, ID_PERSONAL_CARGOS_ESTABLECIMIENTOS, FECHA)
VALUES(196150,7,2,'12/1/2022');								

INSERT INTO FACTURAS(ID_FACTURA, ID_CLIENTE, ID_PERSONAL_CARGOS_ESTABLECIMIENTOS, FECHA)
VALUES(186156,6,3,'14/3/2022');								

INSERT INTO FACTURAS(ID_FACTURA, ID_CLIENTE, ID_PERSONAL_CARGOS_ESTABLECIMIENTOS, FECHA)
VALUES(116159,8,2,'15/7/2022');								

INSERT INTO FACTURAS(ID_FACTURA, ID_CLIENTE, ID_PERSONAL_CARGOS_ESTABLECIMIENTOS, FECHA)
VALUES(58175,1,11,'2/8/2022');								

INSERT INTO FACTURAS(ID_FACTURA, ID_CLIENTE, ID_PERSONAL_CARGOS_ESTABLECIMIENTOS, FECHA)
VALUES(176141,3,2,'4/8/2022');								

INSERT INTO FACTURAS(ID_FACTURA, ID_CLIENTE, ID_PERSONAL_CARGOS_ESTABLECIMIENTOS, FECHA)
VALUES(176450,3,3,'2/9/2022');								

INSERT INTO FACTURAS(ID_FACTURA, ID_CLIENTE, ID_PERSONAL_CARGOS_ESTABLECIMIENTOS, FECHA)
VALUES(176274,4,2,'19/9/2022');								

INSERT INTO FACTURAS(ID_FACTURA, ID_CLIENTE, ID_PERSONAL_CARGOS_ESTABLECIMIENTOS, FECHA)
VALUES(176939,9,2,'2/10/2022');								

INSERT INTO FACTURAS(ID_FACTURA, ID_CLIENTE, ID_PERSONAL_CARGOS_ESTABLECIMIENTOS, FECHA)
VALUES(55102,2,2,'2/10/2022');								

INSERT INTO FACTURAS(ID_FACTURA, ID_CLIENTE, ID_PERSONAL_CARGOS_ESTABLECIMIENTOS, FECHA)
VALUES(176153,5,3,'27/2/2023');								

INSERT INTO FACTURAS(ID_FACTURA, ID_CLIENTE, ID_PERSONAL_CARGOS_ESTABLECIMIENTOS, FECHA)
VALUES(176150,1,2,'28/2/2023');								

INSERT INTO FACTURAS(ID_FACTURA, ID_CLIENTE, ID_PERSONAL_CARGOS_ESTABLECIMIENTOS, FECHA)
VALUES(196156,3,3,'1/3/2023');								

INSERT INTO FACTURAS(ID_FACTURA, ID_CLIENTE, ID_PERSONAL_CARGOS_ESTABLECIMIENTOS, FECHA)
VALUES(132663,3,3,'12/3/2023');								

INSERT INTO FACTURAS(ID_FACTURA, ID_CLIENTE, ID_PERSONAL_CARGOS_ESTABLECIMIENTOS, FECHA)
VALUES(176145,1,12,'8/4/2023');								

INSERT INTO FACTURAS(ID_FACTURA, ID_CLIENTE, ID_PERSONAL_CARGOS_ESTABLECIMIENTOS, FECHA)
VALUES(126159,7,11,'26/6/2023');								

INSERT INTO FACTURAS(ID_FACTURA, ID_CLIENTE, ID_PERSONAL_CARGOS_ESTABLECIMIENTOS, FECHA)
VALUES(176138,8,2,'26/6/2023');								

INSERT INTO FACTURAS(ID_FACTURA, ID_CLIENTE, ID_PERSONAL_CARGOS_ESTABLECIMIENTOS, FECHA)
VALUES(102487,3,12,'20/7/2023');								

INSERT INTO FACTURAS(ID_FACTURA, ID_CLIENTE, ID_PERSONAL_CARGOS_ESTABLECIMIENTOS, FECHA)
VALUES(146147,5,11,'11/11/2023');								

INSERT INTO FACTURAS(ID_FACTURA, ID_CLIENTE, ID_PERSONAL_CARGOS_ESTABLECIMIENTOS, FECHA)
VALUES(132301,6,12,'11/12/2023');								

INSERT INTO FACTURAS(ID_FACTURA, ID_CLIENTE, ID_PERSONAL_CARGOS_ESTABLECIMIENTOS, FECHA)
VALUES(176749,6,3,'2/1/2024');								

INSERT INTO FACTURAS(ID_FACTURA, ID_CLIENTE, ID_PERSONAL_CARGOS_ESTABLECIMIENTOS, FECHA)
VALUES(132419,7,2,'1/1/2024');								

INSERT INTO FACTURAS(ID_FACTURA, ID_CLIENTE, ID_PERSONAL_CARGOS_ESTABLECIMIENTOS, FECHA)
VALUES(176144,4,12,'2/2/2024');								

INSERT INTO FACTURAS(ID_FACTURA, ID_CLIENTE, ID_PERSONAL_CARGOS_ESTABLECIMIENTOS, FECHA)
VALUES(176156,3,11,'3/2/2024');								

INSERT INTO FACTURAS(ID_FACTURA, ID_CLIENTE, ID_PERSONAL_CARGOS_ESTABLECIMIENTOS, FECHA)
VALUES(132798,1,3,'4/3/2024');								

INSERT INTO FACTURAS(ID_FACTURA, ID_CLIENTE, ID_PERSONAL_CARGOS_ESTABLECIMIENTOS, FECHA)
VALUES(176159,8,2,'11/3/2024');								

INSERT INTO FACTURAS(ID_FACTURA, ID_CLIENTE, ID_PERSONAL_CARGOS_ESTABLECIMIENTOS, FECHA)
VALUES(116138,9,3,'1/4/2024');								

INSERT INTO FACTURAS(ID_FACTURA, ID_CLIENTE, ID_PERSONAL_CARGOS_ESTABLECIMIENTOS, FECHA)
VALUES(176434,5,11,'12/4/2024');								

INSERT INTO FACTURAS(ID_FACTURA, ID_CLIENTE, ID_PERSONAL_CARGOS_ESTABLECIMIENTOS, FECHA)
VALUES(132487,1,3,'21/5/2024');								

INSERT INTO FACTURAS(ID_FACTURA, ID_CLIENTE, ID_PERSONAL_CARGOS_ESTABLECIMIENTOS, FECHA)
VALUES(176468,3,2,'2/6/2024');								

--------------------------------------------------------FACTURAS TIPOS PAGOS--------------------------------------------------------------------

INSERT INTO FACTURAS_TIPOS_PAGOS(ID_FACTURA_TIPO_PAGO, ID_FACTURA, ID_TIPO_PAGO, PORCENTAJE_PAGO, ES_CUOTAS, CANTIDAD_CUOTAS)
VALUES((SELECT MAX(ID_FACTURA_TIPO_PAGO)+ 1 FROM FACTURAS_TIPOS_PAGOS ),130762,6,100,0,NULL);
												
INSERT INTO FACTURAS_TIPOS_PAGOS(ID_FACTURA_TIPO_PAGO, ID_FACTURA, ID_TIPO_PAGO, PORCENTAJE_PAGO, ES_CUOTAS, CANTIDAD_CUOTAS)
VALUES((SELECT MAX(ID_FACTURA_TIPO_PAGO)+ 1 FROM FACTURAS_TIPOS_PAGOS ),130796,5,100,0,NULL);
												
INSERT INTO FACTURAS_TIPOS_PAGOS(ID_FACTURA_TIPO_PAGO, ID_FACTURA, ID_TIPO_PAGO, PORCENTAJE_PAGO, ES_CUOTAS, CANTIDAD_CUOTAS)
VALUES((SELECT MAX(ID_FACTURA_TIPO_PAGO)+ 1 FROM FACTURAS_TIPOS_PAGOS ),130793,1,80,0,NULL);
												
INSERT INTO FACTURAS_TIPOS_PAGOS(ID_FACTURA_TIPO_PAGO, ID_FACTURA, ID_TIPO_PAGO, PORCENTAJE_PAGO, ES_CUOTAS, CANTIDAD_CUOTAS)
VALUES((SELECT MAX(ID_FACTURA_TIPO_PAGO)+ 1 FROM FACTURAS_TIPOS_PAGOS ),130793,2,20,0,NULL);
												
INSERT INTO FACTURAS_TIPOS_PAGOS(ID_FACTURA_TIPO_PAGO, ID_FACTURA, ID_TIPO_PAGO, PORCENTAJE_PAGO, ES_CUOTAS, CANTIDAD_CUOTAS)
VALUES((SELECT MAX(ID_FACTURA_TIPO_PAGO)+ 1 FROM FACTURAS_TIPOS_PAGOS ),130584,5,100,0,NULL);
												
INSERT INTO FACTURAS_TIPOS_PAGOS(ID_FACTURA_TIPO_PAGO, ID_FACTURA, ID_TIPO_PAGO, PORCENTAJE_PAGO, ES_CUOTAS, CANTIDAD_CUOTAS)
VALUES((SELECT MAX(ID_FACTURA_TIPO_PAGO)+ 1 FROM FACTURAS_TIPOS_PAGOS ),130810,4,100,1,3);	
											
INSERT INTO FACTURAS_TIPOS_PAGOS(ID_FACTURA_TIPO_PAGO, ID_FACTURA, ID_TIPO_PAGO, PORCENTAJE_PAGO, ES_CUOTAS, CANTIDAD_CUOTAS)
VALUES((SELECT MAX(ID_FACTURA_TIPO_PAGO)+ 1 FROM FACTURAS_TIPOS_PAGOS ),130807,1,60,0,NULL);
												
INSERT INTO FACTURAS_TIPOS_PAGOS(ID_FACTURA_TIPO_PAGO, ID_FACTURA, ID_TIPO_PAGO, PORCENTAJE_PAGO, ES_CUOTAS, CANTIDAD_CUOTAS)
VALUES((SELECT MAX(ID_FACTURA_TIPO_PAGO)+ 1 FROM FACTURAS_TIPOS_PAGOS ),130807,3,40,0,NULL);	
											
INSERT INTO FACTURAS_TIPOS_PAGOS(ID_FACTURA_TIPO_PAGO, ID_FACTURA, ID_TIPO_PAGO, PORCENTAJE_PAGO, ES_CUOTAS, CANTIDAD_CUOTAS)
VALUES((SELECT MAX(ID_FACTURA_TIPO_PAGO)+ 1 FROM FACTURAS_TIPOS_PAGOS ),131070,4,100,1,1);		
										
INSERT INTO FACTURAS_TIPOS_PAGOS(ID_FACTURA_TIPO_PAGO, ID_FACTURA, ID_TIPO_PAGO, PORCENTAJE_PAGO, ES_CUOTAS, CANTIDAD_CUOTAS)
VALUES((SELECT MAX(ID_FACTURA_TIPO_PAGO)+ 1 FROM FACTURAS_TIPOS_PAGOS ),130785,5,100,0,NULL);
												
INSERT INTO FACTURAS_TIPOS_PAGOS(ID_FACTURA_TIPO_PAGO, ID_FACTURA, ID_TIPO_PAGO, PORCENTAJE_PAGO, ES_CUOTAS, CANTIDAD_CUOTAS)
VALUES((SELECT MAX(ID_FACTURA_TIPO_PAGO)+ 1 FROM FACTURAS_TIPOS_PAGOS ),32138,6,100,0,NULL);
												
INSERT INTO FACTURAS_TIPOS_PAGOS(ID_FACTURA_TIPO_PAGO, ID_FACTURA, ID_TIPO_PAGO, PORCENTAJE_PAGO, ES_CUOTAS, CANTIDAD_CUOTAS)
VALUES((SELECT MAX(ID_FACTURA_TIPO_PAGO)+ 1 FROM FACTURAS_TIPOS_PAGOS ),130186,4,100,1,3);	
											
INSERT INTO FACTURAS_TIPOS_PAGOS(ID_FACTURA_TIPO_PAGO, ID_FACTURA, ID_TIPO_PAGO, PORCENTAJE_PAGO, ES_CUOTAS, CANTIDAD_CUOTAS)
VALUES((SELECT MAX(ID_FACTURA_TIPO_PAGO)+ 1 FROM FACTURAS_TIPOS_PAGOS ),176992,6,100,0,NULL);
												
INSERT INTO FACTURAS_TIPOS_PAGOS(ID_FACTURA_TIPO_PAGO, ID_FACTURA, ID_TIPO_PAGO, PORCENTAJE_PAGO, ES_CUOTAS, CANTIDAD_CUOTAS)
VALUES((SELECT MAX(ID_FACTURA_TIPO_PAGO)+ 1 FROM FACTURAS_TIPOS_PAGOS ),53919,6,100,0,NULL);	
											
INSERT INTO FACTURAS_TIPOS_PAGOS(ID_FACTURA_TIPO_PAGO, ID_FACTURA, ID_TIPO_PAGO, PORCENTAJE_PAGO, ES_CUOTAS, CANTIDAD_CUOTAS)
VALUES((SELECT MAX(ID_FACTURA_TIPO_PAGO)+ 1 FROM FACTURAS_TIPOS_PAGOS ),176585,1,50,0,NULL);	
											
INSERT INTO FACTURAS_TIPOS_PAGOS(ID_FACTURA_TIPO_PAGO, ID_FACTURA, ID_TIPO_PAGO, PORCENTAJE_PAGO, ES_CUOTAS, CANTIDAD_CUOTAS)
VALUES((SELECT MAX(ID_FACTURA_TIPO_PAGO)+ 1 FROM FACTURAS_TIPOS_PAGOS ),176585,6,50,0,NULL);	
											
INSERT INTO FACTURAS_TIPOS_PAGOS(ID_FACTURA_TIPO_PAGO, ID_FACTURA, ID_TIPO_PAGO, PORCENTAJE_PAGO, ES_CUOTAS, CANTIDAD_CUOTAS)
VALUES((SELECT MAX(ID_FACTURA_TIPO_PAGO)+ 1 FROM FACTURAS_TIPOS_PAGOS ),176320,5,100,0,NULL);	
											
INSERT INTO FACTURAS_TIPOS_PAGOS(ID_FACTURA_TIPO_PAGO, ID_FACTURA, ID_TIPO_PAGO, PORCENTAJE_PAGO, ES_CUOTAS, CANTIDAD_CUOTAS)
VALUES((SELECT MAX(ID_FACTURA_TIPO_PAGO)+ 1 FROM FACTURAS_TIPOS_PAGOS ),176531,6,100,0,NULL);	
											
INSERT INTO FACTURAS_TIPOS_PAGOS(ID_FACTURA_TIPO_PAGO, ID_FACTURA, ID_TIPO_PAGO, PORCENTAJE_PAGO, ES_CUOTAS, CANTIDAD_CUOTAS)
VALUES((SELECT MAX(ID_FACTURA_TIPO_PAGO)+ 1 FROM FACTURAS_TIPOS_PAGOS ),176487,4,100,1,1);		
										
INSERT INTO FACTURAS_TIPOS_PAGOS(ID_FACTURA_TIPO_PAGO, ID_FACTURA, ID_TIPO_PAGO, PORCENTAJE_PAGO, ES_CUOTAS, CANTIDAD_CUOTAS)
VALUES((SELECT MAX(ID_FACTURA_TIPO_PAGO)+ 1 FROM FACTURAS_TIPOS_PAGOS ),176519,3,100,0,NULL);	
											
INSERT INTO FACTURAS_TIPOS_PAGOS(ID_FACTURA_TIPO_PAGO, ID_FACTURA, ID_TIPO_PAGO, PORCENTAJE_PAGO, ES_CUOTAS, CANTIDAD_CUOTAS)
VALUES((SELECT MAX(ID_FACTURA_TIPO_PAGO)+ 1 FROM FACTURAS_TIPOS_PAGOS ),176980,1,75,0,NULL);	
											
INSERT INTO FACTURAS_TIPOS_PAGOS(ID_FACTURA_TIPO_PAGO, ID_FACTURA, ID_TIPO_PAGO, PORCENTAJE_PAGO, ES_CUOTAS, CANTIDAD_CUOTAS)
VALUES((SELECT MAX(ID_FACTURA_TIPO_PAGO)+ 1 FROM FACTURAS_TIPOS_PAGOS ),176980,6,25,0,NULL);	
											
INSERT INTO FACTURAS_TIPOS_PAGOS(ID_FACTURA_TIPO_PAGO, ID_FACTURA, ID_TIPO_PAGO, PORCENTAJE_PAGO, ES_CUOTAS, CANTIDAD_CUOTAS)
VALUES((SELECT MAX(ID_FACTURA_TIPO_PAGO)+ 1 FROM FACTURAS_TIPOS_PAGOS ),176542,3,100,0,NULL);	
											
INSERT INTO FACTURAS_TIPOS_PAGOS(ID_FACTURA_TIPO_PAGO, ID_FACTURA, ID_TIPO_PAGO, PORCENTAJE_PAGO, ES_CUOTAS, CANTIDAD_CUOTAS)
VALUES((SELECT MAX(ID_FACTURA_TIPO_PAGO)+ 1 FROM FACTURAS_TIPOS_PAGOS ),176626,3,100,0,NULL);	
											
INSERT INTO FACTURAS_TIPOS_PAGOS(ID_FACTURA_TIPO_PAGO, ID_FACTURA, ID_TIPO_PAGO, PORCENTAJE_PAGO, ES_CUOTAS, CANTIDAD_CUOTAS)
VALUES((SELECT MAX(ID_FACTURA_TIPO_PAGO)+ 1 FROM FACTURAS_TIPOS_PAGOS ),132435,4,100,1,3);		
										
INSERT INTO FACTURAS_TIPOS_PAGOS(ID_FACTURA_TIPO_PAGO, ID_FACTURA, ID_TIPO_PAGO, PORCENTAJE_PAGO, ES_CUOTAS, CANTIDAD_CUOTAS)
VALUES((SELECT MAX(ID_FACTURA_TIPO_PAGO)+ 1 FROM FACTURAS_TIPOS_PAGOS ),176146,5,100,0,NULL);	
											
INSERT INTO FACTURAS_TIPOS_PAGOS(ID_FACTURA_TIPO_PAGO, ID_FACTURA, ID_TIPO_PAGO, PORCENTAJE_PAGO, ES_CUOTAS, CANTIDAD_CUOTAS)
VALUES((SELECT MAX(ID_FACTURA_TIPO_PAGO)+ 1 FROM FACTURAS_TIPOS_PAGOS ),176935,2,100,0,NULL);	
											
INSERT INTO FACTURAS_TIPOS_PAGOS(ID_FACTURA_TIPO_PAGO, ID_FACTURA, ID_TIPO_PAGO, PORCENTAJE_PAGO, ES_CUOTAS, CANTIDAD_CUOTAS)
VALUES((SELECT MAX(ID_FACTURA_TIPO_PAGO)+ 1 FROM FACTURAS_TIPOS_PAGOS ),177039,6,100,0,NULL);	
											
INSERT INTO FACTURAS_TIPOS_PAGOS(ID_FACTURA_TIPO_PAGO, ID_FACTURA, ID_TIPO_PAGO, PORCENTAJE_PAGO, ES_CUOTAS, CANTIDAD_CUOTAS)
VALUES((SELECT MAX(ID_FACTURA_TIPO_PAGO)+ 1 FROM FACTURAS_TIPOS_PAGOS ),176809,5,100,0,NULL);	
											
INSERT INTO FACTURAS_TIPOS_PAGOS(ID_FACTURA_TIPO_PAGO, ID_FACTURA, ID_TIPO_PAGO, PORCENTAJE_PAGO, ES_CUOTAS, CANTIDAD_CUOTAS)
VALUES((SELECT MAX(ID_FACTURA_TIPO_PAGO)+ 1 FROM FACTURAS_TIPOS_PAGOS ),176394,6,100,0,NULL);	
											
INSERT INTO FACTURAS_TIPOS_PAGOS(ID_FACTURA_TIPO_PAGO, ID_FACTURA, ID_TIPO_PAGO, PORCENTAJE_PAGO, ES_CUOTAS, CANTIDAD_CUOTAS)
VALUES((SELECT MAX(ID_FACTURA_TIPO_PAGO)+ 1 FROM FACTURAS_TIPOS_PAGOS ),176362,5,100,0,NULL);	
											
INSERT INTO FACTURAS_TIPOS_PAGOS(ID_FACTURA_TIPO_PAGO, ID_FACTURA, ID_TIPO_PAGO, PORCENTAJE_PAGO, ES_CUOTAS, CANTIDAD_CUOTAS)
VALUES((SELECT MAX(ID_FACTURA_TIPO_PAGO)+ 1 FROM FACTURAS_TIPOS_PAGOS ),177219,5,100,0,NULL);	
											
INSERT INTO FACTURAS_TIPOS_PAGOS(ID_FACTURA_TIPO_PAGO, ID_FACTURA, ID_TIPO_PAGO, PORCENTAJE_PAGO, ES_CUOTAS, CANTIDAD_CUOTAS)
VALUES((SELECT MAX(ID_FACTURA_TIPO_PAGO)+ 1 FROM FACTURAS_TIPOS_PAGOS ),176215,3,100,0,NULL);	
											
INSERT INTO FACTURAS_TIPOS_PAGOS(ID_FACTURA_TIPO_PAGO, ID_FACTURA, ID_TIPO_PAGO, PORCENTAJE_PAGO, ES_CUOTAS, CANTIDAD_CUOTAS)
VALUES((SELECT MAX(ID_FACTURA_TIPO_PAGO)+ 1 FROM FACTURAS_TIPOS_PAGOS ),176995,6,100,0,NULL);	
											
INSERT INTO FACTURAS_TIPOS_PAGOS(ID_FACTURA_TIPO_PAGO, ID_FACTURA, ID_TIPO_PAGO, PORCENTAJE_PAGO, ES_CUOTAS, CANTIDAD_CUOTAS)
VALUES((SELECT MAX(ID_FACTURA_TIPO_PAGO)+ 1 FROM FACTURAS_TIPOS_PAGOS ),176147,2,100,0,NULL);	
											
INSERT INTO FACTURAS_TIPOS_PAGOS(ID_FACTURA_TIPO_PAGO, ID_FACTURA, ID_TIPO_PAGO, PORCENTAJE_PAGO, ES_CUOTAS, CANTIDAD_CUOTAS)
VALUES((SELECT MAX(ID_FACTURA_TIPO_PAGO)+ 1 FROM FACTURAS_TIPOS_PAGOS ),196150,6,100,0,NULL);	
											
INSERT INTO FACTURAS_TIPOS_PAGOS(ID_FACTURA_TIPO_PAGO, ID_FACTURA, ID_TIPO_PAGO, PORCENTAJE_PAGO, ES_CUOTAS, CANTIDAD_CUOTAS)
VALUES((SELECT MAX(ID_FACTURA_TIPO_PAGO)+ 1 FROM FACTURAS_TIPOS_PAGOS ),186156,4,100,1,1);		
										
INSERT INTO FACTURAS_TIPOS_PAGOS(ID_FACTURA_TIPO_PAGO, ID_FACTURA, ID_TIPO_PAGO, PORCENTAJE_PAGO, ES_CUOTAS, CANTIDAD_CUOTAS)
VALUES((SELECT MAX(ID_FACTURA_TIPO_PAGO)+ 1 FROM FACTURAS_TIPOS_PAGOS ),116159,4,100,1,1);		
										
INSERT INTO FACTURAS_TIPOS_PAGOS(ID_FACTURA_TIPO_PAGO, ID_FACTURA, ID_TIPO_PAGO, PORCENTAJE_PAGO, ES_CUOTAS, CANTIDAD_CUOTAS)
VALUES((SELECT MAX(ID_FACTURA_TIPO_PAGO)+ 1 FROM FACTURAS_TIPOS_PAGOS ),58175,1,60,0,NULL);		
										
INSERT INTO FACTURAS_TIPOS_PAGOS(ID_FACTURA_TIPO_PAGO, ID_FACTURA, ID_TIPO_PAGO, PORCENTAJE_PAGO, ES_CUOTAS, CANTIDAD_CUOTAS)
VALUES((SELECT MAX(ID_FACTURA_TIPO_PAGO)+ 1 FROM FACTURAS_TIPOS_PAGOS ),58175,3,40,0,NULL);		
										
INSERT INTO FACTURAS_TIPOS_PAGOS(ID_FACTURA_TIPO_PAGO, ID_FACTURA, ID_TIPO_PAGO, PORCENTAJE_PAGO, ES_CUOTAS, CANTIDAD_CUOTAS)
VALUES((SELECT MAX(ID_FACTURA_TIPO_PAGO)+ 1 FROM FACTURAS_TIPOS_PAGOS ),176141,6,100,0,NULL);	
											
INSERT INTO FACTURAS_TIPOS_PAGOS(ID_FACTURA_TIPO_PAGO, ID_FACTURA, ID_TIPO_PAGO, PORCENTAJE_PAGO, ES_CUOTAS, CANTIDAD_CUOTAS)
VALUES((SELECT MAX(ID_FACTURA_TIPO_PAGO)+ 1 FROM FACTURAS_TIPOS_PAGOS ),176450,2,100,0,NULL);	
											
INSERT INTO FACTURAS_TIPOS_PAGOS(ID_FACTURA_TIPO_PAGO, ID_FACTURA, ID_TIPO_PAGO, PORCENTAJE_PAGO, ES_CUOTAS, CANTIDAD_CUOTAS)
VALUES((SELECT MAX(ID_FACTURA_TIPO_PAGO)+ 1 FROM FACTURAS_TIPOS_PAGOS ),176274,2,100,0,NULL);	
											
INSERT INTO FACTURAS_TIPOS_PAGOS(ID_FACTURA_TIPO_PAGO, ID_FACTURA, ID_TIPO_PAGO, PORCENTAJE_PAGO, ES_CUOTAS, CANTIDAD_CUOTAS)
VALUES((SELECT MAX(ID_FACTURA_TIPO_PAGO)+ 1 FROM FACTURAS_TIPOS_PAGOS ),176939,5,100,0,NULL);	
											
INSERT INTO FACTURAS_TIPOS_PAGOS(ID_FACTURA_TIPO_PAGO, ID_FACTURA, ID_TIPO_PAGO, PORCENTAJE_PAGO, ES_CUOTAS, CANTIDAD_CUOTAS)
VALUES((SELECT MAX(ID_FACTURA_TIPO_PAGO)+ 1 FROM FACTURAS_TIPOS_PAGOS ),55102,5,100,0,NULL);	
											
INSERT INTO FACTURAS_TIPOS_PAGOS(ID_FACTURA_TIPO_PAGO, ID_FACTURA, ID_TIPO_PAGO, PORCENTAJE_PAGO, ES_CUOTAS, CANTIDAD_CUOTAS)
VALUES((SELECT MAX(ID_FACTURA_TIPO_PAGO)+ 1 FROM FACTURAS_TIPOS_PAGOS ),176153,5,100,0,NULL);	
											
INSERT INTO FACTURAS_TIPOS_PAGOS(ID_FACTURA_TIPO_PAGO, ID_FACTURA, ID_TIPO_PAGO, PORCENTAJE_PAGO, ES_CUOTAS, CANTIDAD_CUOTAS)
VALUES((SELECT MAX(ID_FACTURA_TIPO_PAGO)+ 1 FROM FACTURAS_TIPOS_PAGOS ),176150,6,100,0,NULL);	
											
INSERT INTO FACTURAS_TIPOS_PAGOS(ID_FACTURA_TIPO_PAGO, ID_FACTURA, ID_TIPO_PAGO, PORCENTAJE_PAGO, ES_CUOTAS, CANTIDAD_CUOTAS)
VALUES((SELECT MAX(ID_FACTURA_TIPO_PAGO)+ 1 FROM FACTURAS_TIPOS_PAGOS ),196156,3,100,0,NULL);	
											
INSERT INTO FACTURAS_TIPOS_PAGOS(ID_FACTURA_TIPO_PAGO, ID_FACTURA, ID_TIPO_PAGO, PORCENTAJE_PAGO, ES_CUOTAS, CANTIDAD_CUOTAS)
VALUES((SELECT MAX(ID_FACTURA_TIPO_PAGO)+ 1 FROM FACTURAS_TIPOS_PAGOS ),132663,5,100,0,NULL);	
											
INSERT INTO FACTURAS_TIPOS_PAGOS(ID_FACTURA_TIPO_PAGO, ID_FACTURA, ID_TIPO_PAGO, PORCENTAJE_PAGO, ES_CUOTAS, CANTIDAD_CUOTAS)
VALUES((SELECT MAX(ID_FACTURA_TIPO_PAGO)+ 1 FROM FACTURAS_TIPOS_PAGOS ),176145,1,50,0,NULL);	
											
INSERT INTO FACTURAS_TIPOS_PAGOS(ID_FACTURA_TIPO_PAGO, ID_FACTURA, ID_TIPO_PAGO, PORCENTAJE_PAGO, ES_CUOTAS, CANTIDAD_CUOTAS)
VALUES((SELECT MAX(ID_FACTURA_TIPO_PAGO)+ 1 FROM FACTURAS_TIPOS_PAGOS ),176145,2,50,0,NULL);	
											
INSERT INTO FACTURAS_TIPOS_PAGOS(ID_FACTURA_TIPO_PAGO, ID_FACTURA, ID_TIPO_PAGO, PORCENTAJE_PAGO, ES_CUOTAS, CANTIDAD_CUOTAS)
VALUES((SELECT MAX(ID_FACTURA_TIPO_PAGO)+ 1 FROM FACTURAS_TIPOS_PAGOS ),126159,3,100,0,NULL);	
											
INSERT INTO FACTURAS_TIPOS_PAGOS(ID_FACTURA_TIPO_PAGO, ID_FACTURA, ID_TIPO_PAGO, PORCENTAJE_PAGO, ES_CUOTAS, CANTIDAD_CUOTAS)
VALUES((SELECT MAX(ID_FACTURA_TIPO_PAGO)+ 1 FROM FACTURAS_TIPOS_PAGOS ),176138,5,100,0,NULL);	
											
INSERT INTO FACTURAS_TIPOS_PAGOS(ID_FACTURA_TIPO_PAGO, ID_FACTURA, ID_TIPO_PAGO, PORCENTAJE_PAGO, ES_CUOTAS, CANTIDAD_CUOTAS)
VALUES((SELECT MAX(ID_FACTURA_TIPO_PAGO)+ 1 FROM FACTURAS_TIPOS_PAGOS ),102487,1,40,0,NULL);	
											
INSERT INTO FACTURAS_TIPOS_PAGOS(ID_FACTURA_TIPO_PAGO, ID_FACTURA, ID_TIPO_PAGO, PORCENTAJE_PAGO, ES_CUOTAS, CANTIDAD_CUOTAS)
VALUES((SELECT MAX(ID_FACTURA_TIPO_PAGO)+ 1 FROM FACTURAS_TIPOS_PAGOS ),102487,5,60,0,NULL);	
											
INSERT INTO FACTURAS_TIPOS_PAGOS(ID_FACTURA_TIPO_PAGO, ID_FACTURA, ID_TIPO_PAGO, PORCENTAJE_PAGO, ES_CUOTAS, CANTIDAD_CUOTAS)
VALUES((SELECT MAX(ID_FACTURA_TIPO_PAGO)+ 1 FROM FACTURAS_TIPOS_PAGOS ),146147,3,100,0,NULL);	
											
INSERT INTO FACTURAS_TIPOS_PAGOS(ID_FACTURA_TIPO_PAGO, ID_FACTURA, ID_TIPO_PAGO, PORCENTAJE_PAGO, ES_CUOTAS, CANTIDAD_CUOTAS)
VALUES((SELECT MAX(ID_FACTURA_TIPO_PAGO)+ 1 FROM FACTURAS_TIPOS_PAGOS ),132301,1,30,0,NULL);	
											
INSERT INTO FACTURAS_TIPOS_PAGOS(ID_FACTURA_TIPO_PAGO, ID_FACTURA, ID_TIPO_PAGO, PORCENTAJE_PAGO, ES_CUOTAS, CANTIDAD_CUOTAS)
VALUES((SELECT MAX(ID_FACTURA_TIPO_PAGO)+ 1 FROM FACTURAS_TIPOS_PAGOS ),132301,2,70,0,NULL);	
											
INSERT INTO FACTURAS_TIPOS_PAGOS(ID_FACTURA_TIPO_PAGO, ID_FACTURA, ID_TIPO_PAGO, PORCENTAJE_PAGO, ES_CUOTAS, CANTIDAD_CUOTAS)
VALUES((SELECT MAX(ID_FACTURA_TIPO_PAGO)+ 1 FROM FACTURAS_TIPOS_PAGOS ),176749,6,100,0,NULL);	
											
INSERT INTO FACTURAS_TIPOS_PAGOS(ID_FACTURA_TIPO_PAGO, ID_FACTURA, ID_TIPO_PAGO, PORCENTAJE_PAGO, ES_CUOTAS, CANTIDAD_CUOTAS)
VALUES((SELECT MAX(ID_FACTURA_TIPO_PAGO)+ 1 FROM FACTURAS_TIPOS_PAGOS ),132419,5,100,0,NULL);	
											
INSERT INTO FACTURAS_TIPOS_PAGOS(ID_FACTURA_TIPO_PAGO, ID_FACTURA, ID_TIPO_PAGO, PORCENTAJE_PAGO, ES_CUOTAS, CANTIDAD_CUOTAS)
VALUES((SELECT MAX(ID_FACTURA_TIPO_PAGO)+ 1 FROM FACTURAS_TIPOS_PAGOS ),176144,3,100,0,NULL);	
											
INSERT INTO FACTURAS_TIPOS_PAGOS(ID_FACTURA_TIPO_PAGO, ID_FACTURA, ID_TIPO_PAGO, PORCENTAJE_PAGO, ES_CUOTAS, CANTIDAD_CUOTAS)
VALUES((SELECT MAX(ID_FACTURA_TIPO_PAGO)+ 1 FROM FACTURAS_TIPOS_PAGOS ),176156,2,100,0,NULL);	
											
INSERT INTO FACTURAS_TIPOS_PAGOS(ID_FACTURA_TIPO_PAGO, ID_FACTURA, ID_TIPO_PAGO, PORCENTAJE_PAGO, ES_CUOTAS, CANTIDAD_CUOTAS)
VALUES((SELECT MAX(ID_FACTURA_TIPO_PAGO)+ 1 FROM FACTURAS_TIPOS_PAGOS ),132798,2,100,0,NULL);	
											
INSERT INTO FACTURAS_TIPOS_PAGOS(ID_FACTURA_TIPO_PAGO, ID_FACTURA, ID_TIPO_PAGO, PORCENTAJE_PAGO, ES_CUOTAS, CANTIDAD_CUOTAS)
VALUES((SELECT MAX(ID_FACTURA_TIPO_PAGO)+ 1 FROM FACTURAS_TIPOS_PAGOS ),176159,3,100,0,NULL);	
											
INSERT INTO FACTURAS_TIPOS_PAGOS(ID_FACTURA_TIPO_PAGO, ID_FACTURA, ID_TIPO_PAGO, PORCENTAJE_PAGO, ES_CUOTAS, CANTIDAD_CUOTAS)
VALUES((SELECT MAX(ID_FACTURA_TIPO_PAGO)+ 1 FROM FACTURAS_TIPOS_PAGOS ),116138,6,100,0,NULL);	
											
INSERT INTO FACTURAS_TIPOS_PAGOS(ID_FACTURA_TIPO_PAGO, ID_FACTURA, ID_TIPO_PAGO, PORCENTAJE_PAGO, ES_CUOTAS, CANTIDAD_CUOTAS)
VALUES((SELECT MAX(ID_FACTURA_TIPO_PAGO)+ 1 FROM FACTURAS_TIPOS_PAGOS ),176434,4,100,1,3);		
										
INSERT INTO FACTURAS_TIPOS_PAGOS(ID_FACTURA_TIPO_PAGO, ID_FACTURA, ID_TIPO_PAGO, PORCENTAJE_PAGO, ES_CUOTAS, CANTIDAD_CUOTAS)
VALUES((SELECT MAX(ID_FACTURA_TIPO_PAGO)+ 1 FROM FACTURAS_TIPOS_PAGOS ),132487,2,100,0,NULL);	
											
INSERT INTO FACTURAS_TIPOS_PAGOS(ID_FACTURA_TIPO_PAGO, ID_FACTURA, ID_TIPO_PAGO, PORCENTAJE_PAGO, ES_CUOTAS, CANTIDAD_CUOTAS)
VALUES((SELECT MAX(ID_FACTURA_TIPO_PAGO)+ 1 FROM FACTURAS_TIPOS_PAGOS ),176468,1,90,0,NULL);	
											
INSERT INTO FACTURAS_TIPOS_PAGOS(ID_FACTURA_TIPO_PAGO, ID_FACTURA, ID_TIPO_PAGO, PORCENTAJE_PAGO, ES_CUOTAS, CANTIDAD_CUOTAS)
VALUES((SELECT MAX(ID_FACTURA_TIPO_PAGO)+ 1 FROM FACTURAS_TIPOS_PAGOS ),176468,2,10,0,NULL);												

-----------------------------------------------------------DISPENSACIONES-----------------------------------------------------------------------------
INSERT INTO DISPENSACIONES(ID_FACTURA, ID_DISPENSACION, ID_MEDICAMENTO_LOTE, ID_COBERTURA, ID_PRODUCTO, DESCUENTO, PRECIO_UNITARIO, CANTIDAD, MATRICULA, CODIGO_VALIDACION)
VALUES(130762,1,75,16,NULL,0.15,32.85,60,'AB123CD','OZEK6838');
												
INSERT INTO DISPENSACIONES(ID_FACTURA, ID_DISPENSACION, ID_MEDICAMENTO_LOTE, ID_COBERTURA, ID_PRODUCTO, DESCUENTO, PRECIO_UNITARIO, CANTIDAD, MATRICULA, CODIGO_VALIDACION)
VALUES(130796,1,155,13,NULL,0.2,85.36,30,'DF789RT','MECM2440');
												
INSERT INTO DISPENSACIONES(ID_FACTURA, ID_DISPENSACION, ID_MEDICAMENTO_LOTE, ID_COBERTURA, ID_PRODUCTO, DESCUENTO, PRECIO_UNITARIO, CANTIDAD, MATRICULA, CODIGO_VALIDACION)
VALUES(130796,2,9,13,NULL,0.2,51.83,30,'DF789RT','MECM2440');	
											
INSERT INTO DISPENSACIONES(ID_FACTURA, ID_DISPENSACION, ID_MEDICAMENTO_LOTE, ID_COBERTURA, ID_PRODUCTO, DESCUENTO, PRECIO_UNITARIO, CANTIDAD, MATRICULA, CODIGO_VALIDACION)
VALUES(130793,1,48,12,NULL,0.6,4628.04,1,'LK321OP','EECQ5982');
												
INSERT INTO DISPENSACIONES(ID_FACTURA, ID_DISPENSACION, ID_MEDICAMENTO_LOTE, ID_COBERTURA, ID_PRODUCTO, DESCUENTO, PRECIO_UNITARIO, CANTIDAD, MATRICULA, CODIGO_VALIDACION)
VALUES(130793,2,42,12,NULL,0.6,976.82,2,'LK321OP','EECQ5982');	
											
INSERT INTO DISPENSACIONES(ID_FACTURA, ID_DISPENSACION, ID_MEDICAMENTO_LOTE, ID_COBERTURA, ID_PRODUCTO, DESCUENTO, PRECIO_UNITARIO, CANTIDAD, MATRICULA, CODIGO_VALIDACION)
VALUES(130584,1,NULL,NULL,5,0,200,2,NULL,NULL);					
							
INSERT INTO DISPENSACIONES(ID_FACTURA, ID_DISPENSACION, ID_MEDICAMENTO_LOTE, ID_COBERTURA, ID_PRODUCTO, DESCUENTO, PRECIO_UNITARIO, CANTIDAD, MATRICULA, CODIGO_VALIDACION)
VALUES(130584,2,NULL,NULL,8,0,3000,1,NULL,NULL);		
										
INSERT INTO DISPENSACIONES(ID_FACTURA, ID_DISPENSACION, ID_MEDICAMENTO_LOTE, ID_COBERTURA, ID_PRODUCTO, DESCUENTO, PRECIO_UNITARIO, CANTIDAD, MATRICULA, CODIGO_VALIDACION)
VALUES(130810,1,136,3,NULL,0.3,29.87,10,'DF789RT','ACTQ3825');	
											
INSERT INTO DISPENSACIONES(ID_FACTURA, ID_DISPENSACION, ID_MEDICAMENTO_LOTE, ID_COBERTURA, ID_PRODUCTO, DESCUENTO, PRECIO_UNITARIO, CANTIDAD, MATRICULA, CODIGO_VALIDACION)
VALUES(130810,2,75,3,NULL,0.3,32.85,60,'DF789RT','ACTQ3825');	
											
INSERT INTO DISPENSACIONES(ID_FACTURA, ID_DISPENSACION, ID_MEDICAMENTO_LOTE, ID_COBERTURA, ID_PRODUCTO, DESCUENTO, PRECIO_UNITARIO, CANTIDAD, MATRICULA, CODIGO_VALIDACION)
VALUES(130807,1,120,19,NULL,0.3,112.86,60,'LK321OP','OMQT8821');
												
INSERT INTO DISPENSACIONES(ID_FACTURA, ID_DISPENSACION, ID_MEDICAMENTO_LOTE, ID_COBERTURA, ID_PRODUCTO, DESCUENTO, PRECIO_UNITARIO, CANTIDAD, MATRICULA, CODIGO_VALIDACION)
VALUES(130807,2,115,19,NULL,0.3,94.67,60,'LK321OP','OMQT8821');	
										
INSERT INTO DISPENSACIONES(ID_FACTURA, ID_DISPENSACION, ID_MEDICAMENTO_LOTE, ID_COBERTURA, ID_PRODUCTO, DESCUENTO, PRECIO_UNITARIO, CANTIDAD, MATRICULA, CODIGO_VALIDACION)
VALUES(130807,3,89,19,NULL,0.3,156.26,30,'LK321OP','OMQT8821');	
											
INSERT INTO DISPENSACIONES(ID_FACTURA, ID_DISPENSACION, ID_MEDICAMENTO_LOTE, ID_COBERTURA, ID_PRODUCTO, DESCUENTO, PRECIO_UNITARIO, CANTIDAD, MATRICULA, CODIGO_VALIDACION)
VALUES(131070,1,120,20,NULL,0,112.86,60,'DF789RT','EKQM9712');	
											
INSERT INTO DISPENSACIONES(ID_FACTURA, ID_DISPENSACION, ID_MEDICAMENTO_LOTE, ID_COBERTURA, ID_PRODUCTO, DESCUENTO, PRECIO_UNITARIO, CANTIDAD, MATRICULA, CODIGO_VALIDACION)
VALUES(131070,2,75,20,NULL,0.2,32.85,60,'DF789RT','EKQM9712');	
											
INSERT INTO DISPENSACIONES(ID_FACTURA, ID_DISPENSACION, ID_MEDICAMENTO_LOTE, ID_COBERTURA, ID_PRODUCTO, DESCUENTO, PRECIO_UNITARIO, CANTIDAD, MATRICULA, CODIGO_VALIDACION)
VALUES(130785,1,41,7,NULL,0.25,1096.5,1,'QQW4431','EEQF4777');	
											
INSERT INTO DISPENSACIONES(ID_FACTURA, ID_DISPENSACION, ID_MEDICAMENTO_LOTE, ID_COBERTURA, ID_PRODUCTO, DESCUENTO, PRECIO_UNITARIO, CANTIDAD, MATRICULA, CODIGO_VALIDACION)
VALUES(32138,1,129,11,NULL,0.3,1713.94,1,'WE234MN','OMCZ7313');	
											
INSERT INTO DISPENSACIONES(ID_FACTURA, ID_DISPENSACION, ID_MEDICAMENTO_LOTE, ID_COBERTURA, ID_PRODUCTO, DESCUENTO, PRECIO_UNITARIO, CANTIDAD, MATRICULA, CODIGO_VALIDACION)
VALUES(130186,1,36,20,NULL,0,187.76,30,'QQW4431','FAAT4614');	
											
INSERT INTO DISPENSACIONES(ID_FACTURA, ID_DISPENSACION, ID_MEDICAMENTO_LOTE, ID_COBERTURA, ID_PRODUCTO, DESCUENTO, PRECIO_UNITARIO, CANTIDAD, MATRICULA, CODIGO_VALIDACION)
VALUES(130186,2,74,20,NULL,0,32.85,60,'QQW4431','FAAT4614');	
											
INSERT INTO DISPENSACIONES(ID_FACTURA, ID_DISPENSACION, ID_MEDICAMENTO_LOTE, ID_COBERTURA, ID_PRODUCTO, DESCUENTO, PRECIO_UNITARIO, CANTIDAD, MATRICULA, CODIGO_VALIDACION)
VALUES(176992,1,89,6,NULL,0.15,265.15,30,'AS987TY','KFMT3190');	
											
INSERT INTO DISPENSACIONES(ID_FACTURA, ID_DISPENSACION, ID_MEDICAMENTO_LOTE, ID_COBERTURA, ID_PRODUCTO, DESCUENTO, PRECIO_UNITARIO, CANTIDAD, MATRICULA, CODIGO_VALIDACION)
VALUES(176992,2,75,6,NULL,0.15,121.74,60,'AS987TY','KFMT3190');	
											
INSERT INTO DISPENSACIONES(ID_FACTURA, ID_DISPENSACION, ID_MEDICAMENTO_LOTE, ID_COBERTURA, ID_PRODUCTO, DESCUENTO, PRECIO_UNITARIO, CANTIDAD, MATRICULA, CODIGO_VALIDACION)
VALUES(53919,1,110,2,NULL,0.25,149.75,10,'MN654QW','QEEE6184');	
											
INSERT INTO DISPENSACIONES(ID_FACTURA, ID_DISPENSACION, ID_MEDICAMENTO_LOTE, ID_COBERTURA, ID_PRODUCTO, DESCUENTO, PRECIO_UNITARIO, CANTIDAD, MATRICULA, CODIGO_VALIDACION)
VALUES(53919,2,59,2,NULL,0.25,492.89,16,'MN654QW','QEEE6184');	
											
INSERT INTO DISPENSACIONES(ID_FACTURA, ID_DISPENSACION, ID_MEDICAMENTO_LOTE, ID_COBERTURA, ID_PRODUCTO, DESCUENTO, PRECIO_UNITARIO, CANTIDAD, MATRICULA, CODIGO_VALIDACION)
VALUES(53919,3,48,2,NULL,0.25,8516.49,1,'MN654QW','QEEE6184');	
											
INSERT INTO DISPENSACIONES(ID_FACTURA, ID_DISPENSACION, ID_MEDICAMENTO_LOTE, ID_COBERTURA, ID_PRODUCTO, DESCUENTO, PRECIO_UNITARIO, CANTIDAD, MATRICULA, CODIGO_VALIDACION)
VALUES(176585,1,95,6,NULL,0.15,2940,1,'JK789ZX','MZMQ2050');	
											
INSERT INTO DISPENSACIONES(ID_FACTURA, ID_DISPENSACION, ID_MEDICAMENTO_LOTE, ID_COBERTURA, ID_PRODUCTO, DESCUENTO, PRECIO_UNITARIO, CANTIDAD, MATRICULA, CODIGO_VALIDACION)
VALUES(176585,2,69,6,NULL,0.15,3502,1,'JK789ZX','MZMQ2050');	
										
INSERT INTO DISPENSACIONES(ID_FACTURA, ID_DISPENSACION, ID_MEDICAMENTO_LOTE, ID_COBERTURA, ID_PRODUCTO, DESCUENTO, PRECIO_UNITARIO, CANTIDAD, MATRICULA, CODIGO_VALIDACION)
VALUES(176320,1,59,3,NULL,0.3,492.89,16,'19882fc','ACFQ7650');		
										
INSERT INTO DISPENSACIONES(ID_FACTURA, ID_DISPENSACION, ID_MEDICAMENTO_LOTE, ID_COBERTURA, ID_PRODUCTO, DESCUENTO, PRECIO_UNITARIO, CANTIDAD, MATRICULA, CODIGO_VALIDACION)
VALUES(176320,2,29,3,NULL,0.3,141,20,'19882fc','ACFQ7650');			
									
INSERT INTO DISPENSACIONES(ID_FACTURA, ID_DISPENSACION, ID_MEDICAMENTO_LOTE, ID_COBERTURA, ID_PRODUCTO, DESCUENTO, PRECIO_UNITARIO, CANTIDAD, MATRICULA, CODIGO_VALIDACION)
VALUES(176531,1,137,19,NULL,0.3,2491.56,1,'1982A1c','CTOQ4653');	
											
INSERT INTO DISPENSACIONES(ID_FACTURA, ID_DISPENSACION, ID_MEDICAMENTO_LOTE, ID_COBERTURA, ID_PRODUCTO, DESCUENTO, PRECIO_UNITARIO, CANTIDAD, MATRICULA, CODIGO_VALIDACION)
VALUES(176531,2,168,19,NULL,0.3,3103.3,1,'1982A1c','CTOQ4653');		
										
INSERT INTO DISPENSACIONES(ID_FACTURA, ID_DISPENSACION, ID_MEDICAMENTO_LOTE, ID_COBERTURA, ID_PRODUCTO, DESCUENTO, PRECIO_UNITARIO, CANTIDAD, MATRICULA, CODIGO_VALIDACION)
VALUES(176531,3,65,19,NULL,0.3,3701.99,1,'1982A1c','CTOQ4653');		
										
INSERT INTO DISPENSACIONES(ID_FACTURA, ID_DISPENSACION, ID_MEDICAMENTO_LOTE, ID_COBERTURA, ID_PRODUCTO, DESCUENTO, PRECIO_UNITARIO, CANTIDAD, MATRICULA, CODIGO_VALIDACION)
VALUES(176531,4,92,19,NULL,0.3,3716.37,1,'1982A1c','CTOQ4653');		
										
INSERT INTO DISPENSACIONES(ID_FACTURA, ID_DISPENSACION, ID_MEDICAMENTO_LOTE, ID_COBERTURA, ID_PRODUCTO, DESCUENTO, PRECIO_UNITARIO, CANTIDAD, MATRICULA, CODIGO_VALIDACION)
VALUES(176487,1,54,14,NULL,0.3,311.31,16,'QQW4431','AZCA2475');		
										
INSERT INTO DISPENSACIONES(ID_FACTURA, ID_DISPENSACION, ID_MEDICAMENTO_LOTE, ID_COBERTURA, ID_PRODUCTO, DESCUENTO, PRECIO_UNITARIO, CANTIDAD, MATRICULA, CODIGO_VALIDACION)
VALUES(176487,2,95,14,NULL,0.3,2940,2,'QQW4431','AZCA2475');		
										
INSERT INTO DISPENSACIONES(ID_FACTURA, ID_DISPENSACION, ID_MEDICAMENTO_LOTE, ID_COBERTURA, ID_PRODUCTO, DESCUENTO, PRECIO_UNITARIO, CANTIDAD, MATRICULA, CODIGO_VALIDACION)
VALUES(176487,3,96,14,NULL,0.3,93.15,10,'QQW4431','AZCA2475');		
										
INSERT INTO DISPENSACIONES(ID_FACTURA, ID_DISPENSACION, ID_MEDICAMENTO_LOTE, ID_COBERTURA, ID_PRODUCTO, DESCUENTO, PRECIO_UNITARIO, CANTIDAD, MATRICULA, CODIGO_VALIDACION)
VALUES(176519,1,120,13,NULL,0.2,202.79,60,'LK321OP','KZOQ8285');	
											
INSERT INTO DISPENSACIONES(ID_FACTURA, ID_DISPENSACION, ID_MEDICAMENTO_LOTE, ID_COBERTURA, ID_PRODUCTO, DESCUENTO, PRECIO_UNITARIO, CANTIDAD, MATRICULA, CODIGO_VALIDACION)
VALUES(176519,2,74,13,NULL,0.2,121.74,30,'LK321OP','KZOQ8285');		
										
INSERT INTO DISPENSACIONES(ID_FACTURA, ID_DISPENSACION, ID_MEDICAMENTO_LOTE, ID_COBERTURA, ID_PRODUCTO, DESCUENTO, PRECIO_UNITARIO, CANTIDAD, MATRICULA, CODIGO_VALIDACION)
VALUES(176519,3,108,13,NULL,0.2,91.05,50,'LK321OP','KZOQ8285');		
										
INSERT INTO DISPENSACIONES(ID_FACTURA, ID_DISPENSACION, ID_MEDICAMENTO_LOTE, ID_COBERTURA, ID_PRODUCTO, DESCUENTO, PRECIO_UNITARIO, CANTIDAD, MATRICULA, CODIGO_VALIDACION)
VALUES(176980,1,114,17,NULL,0.1,171.18,30,'GH123CV','COTT3958');	
											
INSERT INTO DISPENSACIONES(ID_FACTURA, ID_DISPENSACION, ID_MEDICAMENTO_LOTE, ID_COBERTURA, ID_PRODUCTO, DESCUENTO, PRECIO_UNITARIO, CANTIDAD, MATRICULA, CODIGO_VALIDACION)
VALUES(176542,1,16,14,NULL,0.3,151.28,60,'LK321OP','TQOQ1481');		
										
INSERT INTO DISPENSACIONES(ID_FACTURA, ID_DISPENSACION, ID_MEDICAMENTO_LOTE, ID_COBERTURA, ID_PRODUCTO, DESCUENTO, PRECIO_UNITARIO, CANTIDAD, MATRICULA, CODIGO_VALIDACION)
VALUES(176542,2,110,14,NULL,0.3,149.75,10,'LK321OP','TQOQ1481');	
											
INSERT INTO DISPENSACIONES(ID_FACTURA, ID_DISPENSACION, ID_MEDICAMENTO_LOTE, ID_COBERTURA, ID_PRODUCTO, DESCUENTO, PRECIO_UNITARIO, CANTIDAD, MATRICULA, CODIGO_VALIDACION)
VALUES(176542,3,115,14,NULL,0.3,155.61,60,'LK321OP','TQOQ1481');	
											
INSERT INTO DISPENSACIONES(ID_FACTURA, ID_DISPENSACION, ID_MEDICAMENTO_LOTE, ID_COBERTURA, ID_PRODUCTO, DESCUENTO, PRECIO_UNITARIO, CANTIDAD, MATRICULA, CODIGO_VALIDACION)
VALUES(176626,1,NULL,NULL,13,0,400,10,NULL,NULL);				
								
INSERT INTO DISPENSACIONES(ID_FACTURA, ID_DISPENSACION, ID_MEDICAMENTO_LOTE, ID_COBERTURA, ID_PRODUCTO, DESCUENTO, PRECIO_UNITARIO, CANTIDAD, MATRICULA, CODIGO_VALIDACION)
VALUES(176626,2,NULL,NULL,16,0,700,2,NULL,NULL);				
								
INSERT INTO DISPENSACIONES(ID_FACTURA, ID_DISPENSACION, ID_MEDICAMENTO_LOTE, ID_COBERTURA, ID_PRODUCTO, DESCUENTO, PRECIO_UNITARIO, CANTIDAD, MATRICULA, CODIGO_VALIDACION)
VALUES(132435,1,170,7,NULL,0.25,215.21,30,'UY567OP','FEAZ8262');
												
INSERT INTO DISPENSACIONES(ID_FACTURA, ID_DISPENSACION, ID_MEDICAMENTO_LOTE, ID_COBERTURA, ID_PRODUCTO, DESCUENTO, PRECIO_UNITARIO, CANTIDAD, MATRICULA, CODIGO_VALIDACION)
VALUES(176146,1,103,7,NULL,0.25,690.14,30,'RT456YU','OCZE2538');
												
INSERT INTO DISPENSACIONES(ID_FACTURA, ID_DISPENSACION, ID_MEDICAMENTO_LOTE, ID_COBERTURA, ID_PRODUCTO, DESCUENTO, PRECIO_UNITARIO, CANTIDAD, MATRICULA, CODIGO_VALIDACION)
VALUES(176146,2,170,7,NULL,0.25,215.21,30,'RT456YU','OCZE2538');
												
INSERT INTO DISPENSACIONES(ID_FACTURA, ID_DISPENSACION, ID_MEDICAMENTO_LOTE, ID_COBERTURA, ID_PRODUCTO, DESCUENTO, PRECIO_UNITARIO, CANTIDAD, MATRICULA, CODIGO_VALIDACION)
VALUES(176146,3,73,7,NULL,0.25,747.54,60,'RT456YU','OCZE2538');		
										
INSERT INTO DISPENSACIONES(ID_FACTURA, ID_DISPENSACION, ID_MEDICAMENTO_LOTE, ID_COBERTURA, ID_PRODUCTO, DESCUENTO, PRECIO_UNITARIO, CANTIDAD, MATRICULA, CODIGO_VALIDACION)
VALUES(176146,4,63,7,NULL,0.25,106.26,30,'RT456YU','OCZE2538');		
										
INSERT INTO DISPENSACIONES(ID_FACTURA, ID_DISPENSACION, ID_MEDICAMENTO_LOTE, ID_COBERTURA, ID_PRODUCTO, DESCUENTO, PRECIO_UNITARIO, CANTIDAD, MATRICULA, CODIGO_VALIDACION)
VALUES(176935,1,130,17,NULL,0.1,980.29,6,'RT456YU','MEFQ9748');		
										
INSERT INTO DISPENSACIONES(ID_FACTURA, ID_DISPENSACION, ID_MEDICAMENTO_LOTE, ID_COBERTURA, ID_PRODUCTO, DESCUENTO, PRECIO_UNITARIO, CANTIDAD, MATRICULA, CODIGO_VALIDACION)
VALUES(177039,1,125,18,NULL,0.2,3825,1,'QP123AS','CZQC2359');		
										
INSERT INTO DISPENSACIONES(ID_FACTURA, ID_DISPENSACION, ID_MEDICAMENTO_LOTE, ID_COBERTURA, ID_PRODUCTO, DESCUENTO, PRECIO_UNITARIO, CANTIDAD, MATRICULA, CODIGO_VALIDACION)
VALUES(177039,2,136,18,NULL,0.2,70.16,10,'QP123AS','CZQC2359');		
										
INSERT INTO DISPENSACIONES(ID_FACTURA, ID_DISPENSACION, ID_MEDICAMENTO_LOTE, ID_COBERTURA, ID_PRODUCTO, DESCUENTO, PRECIO_UNITARIO, CANTIDAD, MATRICULA, CODIGO_VALIDACION)
VALUES(176809,1,95,3,NULL,0.3,2940,1,'UY567OP','QZMO9770');			
									
INSERT INTO DISPENSACIONES(ID_FACTURA, ID_DISPENSACION, ID_MEDICAMENTO_LOTE, ID_COBERTURA, ID_PRODUCTO, DESCUENTO, PRECIO_UNITARIO, CANTIDAD, MATRICULA, CODIGO_VALIDACION)
VALUES(176809,2,69,3,NULL,0.3,3502,1,'UY567OP','QZMO9770');			
									
INSERT INTO DISPENSACIONES(ID_FACTURA, ID_DISPENSACION, ID_MEDICAMENTO_LOTE, ID_COBERTURA, ID_PRODUCTO, DESCUENTO, PRECIO_UNITARIO, CANTIDAD, MATRICULA, CODIGO_VALIDACION)
VALUES(176394,1,41,11,NULL,0.3,1181.5,1,'MN654QW','OZAF1468');		
										
INSERT INTO DISPENSACIONES(ID_FACTURA, ID_DISPENSACION, ID_MEDICAMENTO_LOTE, ID_COBERTURA, ID_PRODUCTO, DESCUENTO, PRECIO_UNITARIO, CANTIDAD, MATRICULA, CODIGO_VALIDACION)
VALUES(176362,1,161,5,NULL,0.1,3274.2,1,'XY987ZY','KTTA8129');		
										
INSERT INTO DISPENSACIONES(ID_FACTURA, ID_DISPENSACION, ID_MEDICAMENTO_LOTE, ID_COBERTURA, ID_PRODUCTO, DESCUENTO, PRECIO_UNITARIO, CANTIDAD, MATRICULA, CODIGO_VALIDACION)
VALUES(176362,2,95,5,NULL,0.1,2940,1,'XY987ZY','KTTA8129');			
									
INSERT INTO DISPENSACIONES(ID_FACTURA, ID_DISPENSACION, ID_MEDICAMENTO_LOTE, ID_COBERTURA, ID_PRODUCTO, DESCUENTO, PRECIO_UNITARIO, CANTIDAD, MATRICULA, CODIGO_VALIDACION)
VALUES(177219,1,29,4,NULL,0.35,141,10,'QP123AS','MCTE8453');		
										
INSERT INTO DISPENSACIONES(ID_FACTURA, ID_DISPENSACION, ID_MEDICAMENTO_LOTE, ID_COBERTURA, ID_PRODUCTO, DESCUENTO, PRECIO_UNITARIO, CANTIDAD, MATRICULA, CODIGO_VALIDACION)
VALUES(177219,2,136,4,NULL,0.35,70.16,10,'QP123AS','MCTE8453');		
										
INSERT INTO DISPENSACIONES(ID_FACTURA, ID_DISPENSACION, ID_MEDICAMENTO_LOTE, ID_COBERTURA, ID_PRODUCTO, DESCUENTO, PRECIO_UNITARIO, CANTIDAD, MATRICULA, CODIGO_VALIDACION)
VALUES(176215,1,75,20,NULL,0,121.74,60,'AB123CD','MZME3671');		
										
INSERT INTO DISPENSACIONES(ID_FACTURA, ID_DISPENSACION, ID_MEDICAMENTO_LOTE, ID_COBERTURA, ID_PRODUCTO, DESCUENTO, PRECIO_UNITARIO, CANTIDAD, MATRICULA, CODIGO_VALIDACION)
VALUES(176215,2,134,20,NULL,0,103.08,14,'AB123CD','MZME3671');		
										
INSERT INTO DISPENSACIONES(ID_FACTURA, ID_DISPENSACION, ID_MEDICAMENTO_LOTE, ID_COBERTURA, ID_PRODUCTO, DESCUENTO, PRECIO_UNITARIO, CANTIDAD, MATRICULA, CODIGO_VALIDACION)
VALUES(176215,3,154,20,NULL,0,5873.76,1,'AB123CD','MZME3671');		
										
INSERT INTO DISPENSACIONES(ID_FACTURA, ID_DISPENSACION, ID_MEDICAMENTO_LOTE, ID_COBERTURA, ID_PRODUCTO, DESCUENTO, PRECIO_UNITARIO, CANTIDAD, MATRICULA, CODIGO_VALIDACION)
VALUES(176995,1,NULL,NULL,2,0,1500,2,NULL,NULL);					
							
INSERT INTO DISPENSACIONES(ID_FACTURA, ID_DISPENSACION, ID_MEDICAMENTO_LOTE, ID_COBERTURA, ID_PRODUCTO, DESCUENTO, PRECIO_UNITARIO, CANTIDAD, MATRICULA, CODIGO_VALIDACION)
VALUES(146147,1,9,7,NULL,0.25,117.31,60,'ZX987CV','AKFO8808');	
											
INSERT INTO DISPENSACIONES(ID_FACTURA, ID_DISPENSACION, ID_MEDICAMENTO_LOTE, ID_COBERTURA, ID_PRODUCTO, DESCUENTO, PRECIO_UNITARIO, CANTIDAD, MATRICULA, CODIGO_VALIDACION)
VALUES(146147,2,81,7,NULL,0.25,69.34,30,'ZX987CV','AKFO8808');		
										
INSERT INTO DISPENSACIONES(ID_FACTURA, ID_DISPENSACION, ID_MEDICAMENTO_LOTE, ID_COBERTURA, ID_PRODUCTO, DESCUENTO, PRECIO_UNITARIO, CANTIDAD, MATRICULA, CODIGO_VALIDACION)
VALUES(146147,3,64,7,NULL,0.25,413.9,30,'ZX987CV','AKFO8808');		
										
INSERT INTO DISPENSACIONES(ID_FACTURA, ID_DISPENSACION, ID_MEDICAMENTO_LOTE, ID_COBERTURA, ID_PRODUCTO, DESCUENTO, PRECIO_UNITARIO, CANTIDAD, MATRICULA, CODIGO_VALIDACION)
VALUES(196150,1,106,12,NULL,0.6,83.25,30,'RT456YU','MZOE4897');		
										
INSERT INTO DISPENSACIONES(ID_FACTURA, ID_DISPENSACION, ID_MEDICAMENTO_LOTE, ID_COBERTURA, ID_PRODUCTO, DESCUENTO, PRECIO_UNITARIO, CANTIDAD, MATRICULA, CODIGO_VALIDACION)
VALUES(196150,2,140,12,NULL,0.6,276.48,30,'RT456YU','MZOE4897');	
											
INSERT INTO DISPENSACIONES(ID_FACTURA, ID_DISPENSACION, ID_MEDICAMENTO_LOTE, ID_COBERTURA, ID_PRODUCTO, DESCUENTO, PRECIO_UNITARIO, CANTIDAD, MATRICULA, CODIGO_VALIDACION)
VALUES(186156,1,63,4,NULL,0.35,106.26,30,'QQW4431','OOKM2222');		
										
INSERT INTO DISPENSACIONES(ID_FACTURA, ID_DISPENSACION, ID_MEDICAMENTO_LOTE, ID_COBERTURA, ID_PRODUCTO, DESCUENTO, PRECIO_UNITARIO, CANTIDAD, MATRICULA, CODIGO_VALIDACION)
VALUES(186156,2,148,4,NULL,0.35,361.91,60,'QQW4431','OOKM2222');	
											
INSERT INTO DISPENSACIONES(ID_FACTURA, ID_DISPENSACION, ID_MEDICAMENTO_LOTE, ID_COBERTURA, ID_PRODUCTO, DESCUENTO, PRECIO_UNITARIO, CANTIDAD, MATRICULA, CODIGO_VALIDACION)
VALUES(186156,3,14,4,NULL,0.35,139.95,60,'QQW4431','OOKM2222');		
										
INSERT INTO DISPENSACIONES(ID_FACTURA, ID_DISPENSACION, ID_MEDICAMENTO_LOTE, ID_COBERTURA, ID_PRODUCTO, DESCUENTO, PRECIO_UNITARIO, CANTIDAD, MATRICULA, CODIGO_VALIDACION)
VALUES(116159,1,106,20,NULL,0,83.25,30,'RT456YU','OQOQ1138');			
									
INSERT INTO DISPENSACIONES(ID_FACTURA, ID_DISPENSACION, ID_MEDICAMENTO_LOTE, ID_COBERTURA, ID_PRODUCTO, DESCUENTO, PRECIO_UNITARIO, CANTIDAD, MATRICULA, CODIGO_VALIDACION)
VALUES(116159,2,148,20,NULL,0,361.91,60,'RT456YU','OQOQ1138');		
										
INSERT INTO DISPENSACIONES(ID_FACTURA, ID_DISPENSACION, ID_MEDICAMENTO_LOTE, ID_COBERTURA, ID_PRODUCTO, DESCUENTO, PRECIO_UNITARIO, CANTIDAD, MATRICULA, CODIGO_VALIDACION)
VALUES(116159,3,150,20,NULL,0,105.95,60,'RT456YU','OQOQ1138');		
										
INSERT INTO DISPENSACIONES(ID_FACTURA, ID_DISPENSACION, ID_MEDICAMENTO_LOTE, ID_COBERTURA, ID_PRODUCTO, DESCUENTO, PRECIO_UNITARIO, CANTIDAD, MATRICULA, CODIGO_VALIDACION)
VALUES(116159,4,113,20,NULL,0,48.15,30,'RT456YU','OQOQ1138');		
										
INSERT INTO DISPENSACIONES(ID_FACTURA, ID_DISPENSACION, ID_MEDICAMENTO_LOTE, ID_COBERTURA, ID_PRODUCTO, DESCUENTO, PRECIO_UNITARIO, CANTIDAD, MATRICULA, CODIGO_VALIDACION)
VALUES(58175,1,97,5,NULL,0.1,1798.01,1,'LK321OP','KAFQ8523');		
										
INSERT INTO DISPENSACIONES(ID_FACTURA, ID_DISPENSACION, ID_MEDICAMENTO_LOTE, ID_COBERTURA, ID_PRODUCTO, DESCUENTO, PRECIO_UNITARIO, CANTIDAD, MATRICULA, CODIGO_VALIDACION)
VALUES(176141,1,106,9,NULL,0.15,88.45,30,'QQW4431','CMMF7606');		
										
INSERT INTO DISPENSACIONES(ID_FACTURA, ID_DISPENSACION, ID_MEDICAMENTO_LOTE, ID_COBERTURA, ID_PRODUCTO, DESCUENTO, PRECIO_UNITARIO, CANTIDAD, MATRICULA, CODIGO_VALIDACION)
VALUES(176141,2,103,9,NULL,0.15,759.15,30,'QQW4431','CMMF7606');
												
INSERT INTO DISPENSACIONES(ID_FACTURA, ID_DISPENSACION, ID_MEDICAMENTO_LOTE, ID_COBERTURA, ID_PRODUCTO, DESCUENTO, PRECIO_UNITARIO, CANTIDAD, MATRICULA, CODIGO_VALIDACION)
VALUES(176141,3,113,9,NULL,0.15,57.23,30,'QQW4431','CMMF7606');	
											
INSERT INTO DISPENSACIONES(ID_FACTURA, ID_DISPENSACION, ID_MEDICAMENTO_LOTE, ID_COBERTURA, ID_PRODUCTO, DESCUENTO, PRECIO_UNITARIO, CANTIDAD, MATRICULA, CODIGO_VALIDACION)
VALUES(176141,4,167,9,NULL,0.15,268.72,30,'QQW4431','CMMF7606');
												
INSERT INTO DISPENSACIONES(ID_FACTURA, ID_DISPENSACION, ID_MEDICAMENTO_LOTE, ID_COBERTURA, ID_PRODUCTO, DESCUENTO, PRECIO_UNITARIO, CANTIDAD, MATRICULA, CODIGO_VALIDACION)
VALUES(176450,1,75,3,NULL,0.3,121.74,60,'DF789RT','AMAO2072');	
											
INSERT INTO DISPENSACIONES(ID_FACTURA, ID_DISPENSACION, ID_MEDICAMENTO_LOTE, ID_COBERTURA, ID_PRODUCTO, DESCUENTO, PRECIO_UNITARIO, CANTIDAD, MATRICULA, CODIGO_VALIDACION)
VALUES(176274,1,NULL,NULL,10,0,300,2,NULL,NULL);				
								
INSERT INTO DISPENSACIONES(ID_FACTURA, ID_DISPENSACION, ID_MEDICAMENTO_LOTE, ID_COBERTURA, ID_PRODUCTO, DESCUENTO, PRECIO_UNITARIO, CANTIDAD, MATRICULA, CODIGO_VALIDACION)
VALUES(176274,2,NULL,NULL,7,0,5000,1,NULL,NULL);				
								
INSERT INTO DISPENSACIONES(ID_FACTURA, ID_DISPENSACION, ID_MEDICAMENTO_LOTE, ID_COBERTURA, ID_PRODUCTO, DESCUENTO, PRECIO_UNITARIO, CANTIDAD, MATRICULA, CODIGO_VALIDACION)
VALUES(176274,3,NULL,NULL,4,0,10700,1,NULL,NULL);				
								
INSERT INTO DISPENSACIONES(ID_FACTURA, ID_DISPENSACION, ID_MEDICAMENTO_LOTE, ID_COBERTURA, ID_PRODUCTO, DESCUENTO, PRECIO_UNITARIO, CANTIDAD, MATRICULA, CODIGO_VALIDACION)
VALUES(176274,4,NULL,NULL,1,0,1100,2,NULL,NULL);				
								
INSERT INTO DISPENSACIONES(ID_FACTURA, ID_DISPENSACION, ID_MEDICAMENTO_LOTE, ID_COBERTURA, ID_PRODUCTO, DESCUENTO, PRECIO_UNITARIO, CANTIDAD, MATRICULA, CODIGO_VALIDACION)
VALUES(176939,1,75,5,NULL,0.1,121.74,60,'WE234MN','CAKT2474');	
											
INSERT INTO DISPENSACIONES(ID_FACTURA, ID_DISPENSACION, ID_MEDICAMENTO_LOTE, ID_COBERTURA, ID_PRODUCTO, DESCUENTO, PRECIO_UNITARIO, CANTIDAD, MATRICULA, CODIGO_VALIDACION)
VALUES(55102,1,75,14,NULL,0.3,121.74,60,'GH123CV','QQZZZZZZZZZ6211');
												
INSERT INTO DISPENSACIONES(ID_FACTURA, ID_DISPENSACION, ID_MEDICAMENTO_LOTE, ID_COBERTURA, ID_PRODUCTO, DESCUENTO, PRECIO_UNITARIO, CANTIDAD, MATRICULA, CODIGO_VALIDACION)
VALUES(55102,2,89,14,NULL,0.3,265.15,30,'GH123CV','QQZZZZZZZZZ6211');
												
INSERT INTO DISPENSACIONES(ID_FACTURA, ID_DISPENSACION, ID_MEDICAMENTO_LOTE, ID_COBERTURA, ID_PRODUCTO, DESCUENTO, PRECIO_UNITARIO, CANTIDAD, MATRICULA, CODIGO_VALIDACION)
VALUES(176153,1,106,7,NULL,0.25,83.25,30,'WE234MN','EAAQ3729');		
										
INSERT INTO DISPENSACIONES(ID_FACTURA, ID_DISPENSACION, ID_MEDICAMENTO_LOTE, ID_COBERTURA, ID_PRODUCTO, DESCUENTO, PRECIO_UNITARIO, CANTIDAD, MATRICULA, CODIGO_VALIDACION)
VALUES(176153,2,9,7,NULL,0.25,117.31,60,'WE234MN','EAAQ3729');		
										
INSERT INTO DISPENSACIONES(ID_FACTURA, ID_DISPENSACION, ID_MEDICAMENTO_LOTE, ID_COBERTURA, ID_PRODUCTO, DESCUENTO, PRECIO_UNITARIO, CANTIDAD, MATRICULA, CODIGO_VALIDACION)
VALUES(176153,3,155,7,NULL,0.25,145.04,60,'WE234MN','EAAQ3729');	
											
INSERT INTO DISPENSACIONES(ID_FACTURA, ID_DISPENSACION, ID_MEDICAMENTO_LOTE, ID_COBERTURA, ID_PRODUCTO, DESCUENTO, PRECIO_UNITARIO, CANTIDAD, MATRICULA, CODIGO_VALIDACION)
VALUES(176150,1,106,12,NULL,0.6,83.25,30,'RT456YU','MZOE4897');	
											
INSERT INTO DISPENSACIONES(ID_FACTURA, ID_DISPENSACION, ID_MEDICAMENTO_LOTE, ID_COBERTURA, ID_PRODUCTO, DESCUENTO, PRECIO_UNITARIO, CANTIDAD, MATRICULA, CODIGO_VALIDACION)
VALUES(176150,2,140,12,NULL,0.6,276.48,30,'RT456YU','MZOE4897');
												
INSERT INTO DISPENSACIONES(ID_FACTURA, ID_DISPENSACION, ID_MEDICAMENTO_LOTE, ID_COBERTURA, ID_PRODUCTO, DESCUENTO, PRECIO_UNITARIO, CANTIDAD, MATRICULA, CODIGO_VALIDACION)
VALUES(196156,1,63,4,NULL,0.35,106.26,30,'QQW4431','OOKM2222');		
										
INSERT INTO DISPENSACIONES(ID_FACTURA, ID_DISPENSACION, ID_MEDICAMENTO_LOTE, ID_COBERTURA, ID_PRODUCTO, DESCUENTO, PRECIO_UNITARIO, CANTIDAD, MATRICULA, CODIGO_VALIDACION)
VALUES(196156,2,148,4,NULL,0.35,361.91,60,'QQW4431','OOKM2222');	
											
INSERT INTO DISPENSACIONES(ID_FACTURA, ID_DISPENSACION, ID_MEDICAMENTO_LOTE, ID_COBERTURA, ID_PRODUCTO, DESCUENTO, PRECIO_UNITARIO, CANTIDAD, MATRICULA, CODIGO_VALIDACION)
VALUES(196156,3,14,4,NULL,0.35,139.95,60,'QQW4431','OOKM2222');		
										
INSERT INTO DISPENSACIONES(ID_FACTURA, ID_DISPENSACION, ID_MEDICAMENTO_LOTE, ID_COBERTURA, ID_PRODUCTO, DESCUENTO, PRECIO_UNITARIO, CANTIDAD, MATRICULA, CODIGO_VALIDACION)
VALUES(132663,1,154,10,NULL,0.25,5873.76,1,'LO456UI','KMOK8196');	
											
INSERT INTO DISPENSACIONES(ID_FACTURA, ID_DISPENSACION, ID_MEDICAMENTO_LOTE, ID_COBERTURA, ID_PRODUCTO, DESCUENTO, PRECIO_UNITARIO, CANTIDAD, MATRICULA, CODIGO_VALIDACION)
VALUES(132663,2,48,10,NULL,0.25,8516.49,1,'LO456UI','KMOK8196');	
											
INSERT INTO DISPENSACIONES(ID_FACTURA, ID_DISPENSACION, ID_MEDICAMENTO_LOTE, ID_COBERTURA, ID_PRODUCTO, DESCUENTO, PRECIO_UNITARIO, CANTIDAD, MATRICULA, CODIGO_VALIDACION)
VALUES(176145,1,103,7,NULL,0.25,690.14,30,'RT456YU','OCZE2538');	
											
INSERT INTO DISPENSACIONES(ID_FACTURA, ID_DISPENSACION, ID_MEDICAMENTO_LOTE, ID_COBERTURA, ID_PRODUCTO, DESCUENTO, PRECIO_UNITARIO, CANTIDAD, MATRICULA, CODIGO_VALIDACION)
VALUES(176145,2,170,7,NULL,0.25,215.21,30,'RT456YU','OCZE2538');	
											
INSERT INTO DISPENSACIONES(ID_FACTURA, ID_DISPENSACION, ID_MEDICAMENTO_LOTE, ID_COBERTURA, ID_PRODUCTO, DESCUENTO, PRECIO_UNITARIO, CANTIDAD, MATRICULA, CODIGO_VALIDACION)
VALUES(176145,3,73,7,NULL,0.25,747.54,60,'RT456YU','OCZE2538');		
										
INSERT INTO DISPENSACIONES(ID_FACTURA, ID_DISPENSACION, ID_MEDICAMENTO_LOTE, ID_COBERTURA, ID_PRODUCTO, DESCUENTO, PRECIO_UNITARIO, CANTIDAD, MATRICULA, CODIGO_VALIDACION)
VALUES(176145,4,63,7,NULL,0.25,106.26,30,'RT456YU','OCZE2538');		
										
INSERT INTO DISPENSACIONES(ID_FACTURA, ID_DISPENSACION, ID_MEDICAMENTO_LOTE, ID_COBERTURA, ID_PRODUCTO, DESCUENTO, PRECIO_UNITARIO, CANTIDAD, MATRICULA, CODIGO_VALIDACION)
VALUES(126159,1,106,20,NULL,0,83.25,30,'RT456YU','OQOQ1138');		
										
INSERT INTO DISPENSACIONES(ID_FACTURA, ID_DISPENSACION, ID_MEDICAMENTO_LOTE, ID_COBERTURA, ID_PRODUCTO, DESCUENTO, PRECIO_UNITARIO, CANTIDAD, MATRICULA, CODIGO_VALIDACION)
VALUES(126159,2,148,20,NULL,0,361.91,60,'RT456YU','OQOQ1138');		
										
INSERT INTO DISPENSACIONES(ID_FACTURA, ID_DISPENSACION, ID_MEDICAMENTO_LOTE, ID_COBERTURA, ID_PRODUCTO, DESCUENTO, PRECIO_UNITARIO, CANTIDAD, MATRICULA, CODIGO_VALIDACION)
VALUES(126159,3,150,20,NULL,0,105.95,60,'RT456YU','OQOQ1138');		
										
INSERT INTO DISPENSACIONES(ID_FACTURA, ID_DISPENSACION, ID_MEDICAMENTO_LOTE, ID_COBERTURA, ID_PRODUCTO, DESCUENTO, PRECIO_UNITARIO, CANTIDAD, MATRICULA, CODIGO_VALIDACION)
VALUES(126159,4,113,20,NULL,0,48.15,30,'RT456YU','OQOQ1138');		
										
INSERT INTO DISPENSACIONES(ID_FACTURA, ID_DISPENSACION, ID_MEDICAMENTO_LOTE, ID_COBERTURA, ID_PRODUCTO, DESCUENTO, PRECIO_UNITARIO, CANTIDAD, MATRICULA, CODIGO_VALIDACION)
VALUES(116138,1,170,20,NULL,0,215.21,30,'DF789RT','OKTT9196');		
										
INSERT INTO DISPENSACIONES(ID_FACTURA, ID_DISPENSACION, ID_MEDICAMENTO_LOTE, ID_COBERTURA, ID_PRODUCTO, DESCUENTO, PRECIO_UNITARIO, CANTIDAD, MATRICULA, CODIGO_VALIDACION)
VALUES(116138,2,63,20,NULL,0,106.26,30,'DF789RT','OKTT9196');		
										
INSERT INTO DISPENSACIONES(ID_FACTURA, ID_DISPENSACION, ID_MEDICAMENTO_LOTE, ID_COBERTURA, ID_PRODUCTO, DESCUENTO, PRECIO_UNITARIO, CANTIDAD, MATRICULA, CODIGO_VALIDACION)
VALUES(116138,3,155,20,NULL,0,145.04,30,'DF789RT','OKTT9196');		
										
INSERT INTO DISPENSACIONES(ID_FACTURA, ID_DISPENSACION, ID_MEDICAMENTO_LOTE, ID_COBERTURA, ID_PRODUCTO, DESCUENTO, PRECIO_UNITARIO, CANTIDAD, MATRICULA, CODIGO_VALIDACION)
VALUES(102487,1,170,14,NULL,0.3,215.21,30,'ZX567FG','MEEO2649');	
											
INSERT INTO DISPENSACIONES(ID_FACTURA, ID_DISPENSACION, ID_MEDICAMENTO_LOTE, ID_COBERTURA, ID_PRODUCTO, DESCUENTO, PRECIO_UNITARIO, CANTIDAD, MATRICULA, CODIGO_VALIDACION)
VALUES(102487,2,140,14,NULL,0.3,276.48,30,'ZX567FG','MEEO2649');	
											
INSERT INTO DISPENSACIONES(ID_FACTURA, ID_DISPENSACION, ID_MEDICAMENTO_LOTE, ID_COBERTURA, ID_PRODUCTO, DESCUENTO, PRECIO_UNITARIO, CANTIDAD, MATRICULA, CODIGO_VALIDACION)
VALUES(102487,3,151,14,NULL,0.3,172.03,30,'ZX567FG','MEEO2649');	
											
INSERT INTO DISPENSACIONES(ID_FACTURA, ID_DISPENSACION, ID_MEDICAMENTO_LOTE, ID_COBERTURA, ID_PRODUCTO, DESCUENTO, PRECIO_UNITARIO, CANTIDAD, MATRICULA, CODIGO_VALIDACION)
VALUES(176147,1,9,7,NULL,0.25,117.31,60,'ZX987CV','AKFO8808');		
										
INSERT INTO DISPENSACIONES(ID_FACTURA, ID_DISPENSACION, ID_MEDICAMENTO_LOTE, ID_COBERTURA, ID_PRODUCTO, DESCUENTO, PRECIO_UNITARIO, CANTIDAD, MATRICULA, CODIGO_VALIDACION)
VALUES(176147,2,81,7,NULL,0.25,69.34,30,'ZX987CV','AKFO8808');		
										
INSERT INTO DISPENSACIONES(ID_FACTURA, ID_DISPENSACION, ID_MEDICAMENTO_LOTE, ID_COBERTURA, ID_PRODUCTO, DESCUENTO, PRECIO_UNITARIO, CANTIDAD, MATRICULA, CODIGO_VALIDACION)
VALUES(176147,3,64,7,NULL,0.25,413.9,30,'ZX987CV','AKFO8808');		
										
INSERT INTO DISPENSACIONES(ID_FACTURA, ID_DISPENSACION, ID_MEDICAMENTO_LOTE, ID_COBERTURA, ID_PRODUCTO, DESCUENTO, PRECIO_UNITARIO, CANTIDAD, MATRICULA, CODIGO_VALIDACION)
VALUES(132301,1,74,19,NULL,0.3,133.91,30,'HJ234LK','COOM2264');		
										
INSERT INTO DISPENSACIONES(ID_FACTURA, ID_DISPENSACION, ID_MEDICAMENTO_LOTE, ID_COBERTURA, ID_PRODUCTO, DESCUENTO, PRECIO_UNITARIO, CANTIDAD, MATRICULA, CODIGO_VALIDACION)
VALUES(176749,1,110,16,NULL,0.15,149.75,30,'WE234MN','QCTQ2104');	
											
INSERT INTO DISPENSACIONES(ID_FACTURA, ID_DISPENSACION, ID_MEDICAMENTO_LOTE, ID_COBERTURA, ID_PRODUCTO, DESCUENTO, PRECIO_UNITARIO, CANTIDAD, MATRICULA, CODIGO_VALIDACION)
VALUES(132419,1,155,7,NULL,0.25,145.04,60,'RT456YU','TETT6721');	
											
INSERT INTO DISPENSACIONES(ID_FACTURA, ID_DISPENSACION, ID_MEDICAMENTO_LOTE, ID_COBERTURA, ID_PRODUCTO, DESCUENTO, PRECIO_UNITARIO, CANTIDAD, MATRICULA, CODIGO_VALIDACION)
VALUES(176144,1,NULL,NULL,11,0,10000,1,NULL,NULL);					
							
INSERT INTO DISPENSACIONES(ID_FACTURA, ID_DISPENSACION, ID_MEDICAMENTO_LOTE, ID_COBERTURA, ID_PRODUCTO, DESCUENTO, PRECIO_UNITARIO, CANTIDAD, MATRICULA, CODIGO_VALIDACION)
VALUES(176144,2,NULL,NULL,16,0,3800,1,NULL,NULL);					
							
INSERT INTO DISPENSACIONES(ID_FACTURA, ID_DISPENSACION, ID_MEDICAMENTO_LOTE, ID_COBERTURA, ID_PRODUCTO, DESCUENTO, PRECIO_UNITARIO, CANTIDAD, MATRICULA, CODIGO_VALIDACION)
VALUES(176144,3,NULL,NULL,3,0,6150,1,NULL,NULL);					
							
INSERT INTO DISPENSACIONES(ID_FACTURA, ID_DISPENSACION, ID_MEDICAMENTO_LOTE, ID_COBERTURA, ID_PRODUCTO, DESCUENTO, PRECIO_UNITARIO, CANTIDAD, MATRICULA, CODIGO_VALIDACION)
VALUES(176144,4,NULL,NULL,5,0,2120,2,NULL,NULL);					
							
INSERT INTO DISPENSACIONES(ID_FACTURA, ID_DISPENSACION, ID_MEDICAMENTO_LOTE, ID_COBERTURA, ID_PRODUCTO, DESCUENTO, PRECIO_UNITARIO, CANTIDAD, MATRICULA, CODIGO_VALIDACION)
VALUES(176156,1,63,4,NULL,0.35,106.26,30,'QQW4431','OOKM2222');		
										
INSERT INTO DISPENSACIONES(ID_FACTURA, ID_DISPENSACION, ID_MEDICAMENTO_LOTE, ID_COBERTURA, ID_PRODUCTO, DESCUENTO, PRECIO_UNITARIO, CANTIDAD, MATRICULA, CODIGO_VALIDACION)
VALUES(176156,2,148,4,NULL,0.35,361.91,60,'QQW4431','OOKM2222');	
											
INSERT INTO DISPENSACIONES(ID_FACTURA, ID_DISPENSACION, ID_MEDICAMENTO_LOTE, ID_COBERTURA, ID_PRODUCTO, DESCUENTO, PRECIO_UNITARIO, CANTIDAD, MATRICULA, CODIGO_VALIDACION)
VALUES(176156,3,14,4,NULL,0.35,139.95,60,'QQW4431','OOKM2222');		
										
INSERT INTO DISPENSACIONES(ID_FACTURA, ID_DISPENSACION, ID_MEDICAMENTO_LOTE, ID_COBERTURA, ID_PRODUCTO, DESCUENTO, PRECIO_UNITARIO, CANTIDAD, MATRICULA, CODIGO_VALIDACION)
VALUES(132798,1,108,14,NULL,0.3,125.42,50,'XY987ZY','KEKA6259');	
											
INSERT INTO DISPENSACIONES(ID_FACTURA, ID_DISPENSACION, ID_MEDICAMENTO_LOTE, ID_COBERTURA, ID_PRODUCTO, DESCUENTO, PRECIO_UNITARIO, CANTIDAD, MATRICULA, CODIGO_VALIDACION)
VALUES(132798,2,107,14,NULL,0.3,261.76,50,'XY987ZY','KEKA6259');	
											
INSERT INTO DISPENSACIONES(ID_FACTURA, ID_DISPENSACION, ID_MEDICAMENTO_LOTE, ID_COBERTURA, ID_PRODUCTO, DESCUENTO, PRECIO_UNITARIO, CANTIDAD, MATRICULA, CODIGO_VALIDACION)
VALUES(132798,3,74,17,NULL,0.1,121.74,30,'XY987ZY','KEKA6259');		
										
INSERT INTO DISPENSACIONES(ID_FACTURA, ID_DISPENSACION, ID_MEDICAMENTO_LOTE, ID_COBERTURA, ID_PRODUCTO, DESCUENTO, PRECIO_UNITARIO, CANTIDAD, MATRICULA, CODIGO_VALIDACION)
VALUES(176159,1,106,20,NULL,0,83.25,30,'RT456YU','OQOQ1138');		
										
INSERT INTO DISPENSACIONES(ID_FACTURA, ID_DISPENSACION, ID_MEDICAMENTO_LOTE, ID_COBERTURA, ID_PRODUCTO, DESCUENTO, PRECIO_UNITARIO, CANTIDAD, MATRICULA, CODIGO_VALIDACION)
VALUES(176159,2,148,20,NULL,0,361.91,60,'RT456YU','OQOQ1138');		
										
INSERT INTO DISPENSACIONES(ID_FACTURA, ID_DISPENSACION, ID_MEDICAMENTO_LOTE, ID_COBERTURA, ID_PRODUCTO, DESCUENTO, PRECIO_UNITARIO, CANTIDAD, MATRICULA, CODIGO_VALIDACION)
VALUES(176159,3,150,20,NULL,0,105.95,60,'RT456YU','OQOQ1138');		
										
INSERT INTO DISPENSACIONES(ID_FACTURA, ID_DISPENSACION, ID_MEDICAMENTO_LOTE, ID_COBERTURA, ID_PRODUCTO, DESCUENTO, PRECIO_UNITARIO, CANTIDAD, MATRICULA, CODIGO_VALIDACION)
VALUES(176159,4,113,20,NULL,0,48.15,30,'RT456YU','OQOQ1138');		
										
INSERT INTO DISPENSACIONES(ID_FACTURA, ID_DISPENSACION, ID_MEDICAMENTO_LOTE, ID_COBERTURA, ID_PRODUCTO, DESCUENTO, PRECIO_UNITARIO, CANTIDAD, MATRICULA, CODIGO_VALIDACION)
VALUES(176138,1,170,20,NULL,0,215.21,30,'DF789RT','OKTT9196');		
										
INSERT INTO DISPENSACIONES(ID_FACTURA, ID_DISPENSACION, ID_MEDICAMENTO_LOTE, ID_COBERTURA, ID_PRODUCTO, DESCUENTO, PRECIO_UNITARIO, CANTIDAD, MATRICULA, CODIGO_VALIDACION)
VALUES(176138,2,63,20,NULL,0,106.26,30,'DF789RT','OKTT9196');			
									
INSERT INTO DISPENSACIONES(ID_FACTURA, ID_DISPENSACION, ID_MEDICAMENTO_LOTE, ID_COBERTURA, ID_PRODUCTO, DESCUENTO, PRECIO_UNITARIO, CANTIDAD, MATRICULA, CODIGO_VALIDACION)
VALUES(176138,3,155,20,NULL,0,145.04,30,'DF789RT','OKTT9196');		
										
INSERT INTO DISPENSACIONES(ID_FACTURA, ID_DISPENSACION, ID_MEDICAMENTO_LOTE, ID_COBERTURA, ID_PRODUCTO, DESCUENTO, PRECIO_UNITARIO, CANTIDAD, MATRICULA, CODIGO_VALIDACION)
VALUES(176434,1,130,9,NULL,0.15,980.29,6,'AS987TY','FFCK3210');		
										
INSERT INTO DISPENSACIONES(ID_FACTURA, ID_DISPENSACION, ID_MEDICAMENTO_LOTE, ID_COBERTURA, ID_PRODUCTO, DESCUENTO, PRECIO_UNITARIO, CANTIDAD, MATRICULA, CODIGO_VALIDACION)
VALUES(132487,1,170,14,NULL,0.3,215.21,30,'ZX567FG','MEEO2649');	
											
INSERT INTO DISPENSACIONES(ID_FACTURA, ID_DISPENSACION, ID_MEDICAMENTO_LOTE, ID_COBERTURA, ID_PRODUCTO, DESCUENTO, PRECIO_UNITARIO, CANTIDAD, MATRICULA, CODIGO_VALIDACION)
VALUES(132487,2,140,14,NULL,0.3,276.48,30,'ZX567FG','MEEO2649');	
											
INSERT INTO DISPENSACIONES(ID_FACTURA, ID_DISPENSACION, ID_MEDICAMENTO_LOTE, ID_COBERTURA, ID_PRODUCTO, DESCUENTO, PRECIO_UNITARIO, CANTIDAD, MATRICULA, CODIGO_VALIDACION)
VALUES(132487,3,151,14,NULL,0.3,172.03,30,'ZX567FG','MEEO2649');	
											
INSERT INTO DISPENSACIONES(ID_FACTURA, ID_DISPENSACION, ID_MEDICAMENTO_LOTE, ID_COBERTURA, ID_PRODUCTO, DESCUENTO, PRECIO_UNITARIO, CANTIDAD, MATRICULA, CODIGO_VALIDACION)
VALUES(176468,1,29,5,NULL,0.2,141,10,'AB123CD','MAZQ4399');	