-- MARCAS

INSERT INTO MARCAS (ID_MARCA, NOMBRE_MARCA)
    VALUES (1, 'Nestlé');

INSERT INTO MARCAS (ID_MARCA, NOMBRE_MARCA)
    VALUES (2, 'Nivea');

INSERT INTO MARCAS (ID_MARCA, NOMBRE_MARCA)
    VALUES (3, 'Dove');

INSERT INTO MARCAS (ID_MARCA, NOMBRE_MARCA)
    VALUES (4, 'Philips');

INSERT INTO MARCAS (ID_MARCA, NOMBRE_MARCA)
    VALUES (5, 'Colgate');

INSERT INTO MARCAS (ID_MARCA, NOMBRE_MARCA)
    VALUES (6, 'Pampers');

INSERT INTO MARCAS (ID_MARCA, NOMBRE_MARCA)
    VALUES (7, 'WireLand');

INSERT INTO MARCAS (ID_MARCA, NOMBRE_MARCA)
    VALUES (8, 'Silfab');

INSERT INTO MARCAS (ID_MARCA, NOMBRE_MARCA)
    VALUES (9, 'Samsung');

INSERT INTO MARCAS (ID_MARCA, NOMBRE_MARCA)
    VALUES (10, 'PepsiCo');

INSERT INTO MARCAS (ID_MARCA, NOMBRE_MARCA)
    VALUES (11, 'Johnson & Johnson');

INSERT INTO MARCAS (ID_MARCA, NOMBRE_MARCA)
    VALUES (12, 'LG');

INSERT INTO MARCAS (ID_MARCA, NOMBRE_MARCA)
    VALUES (13, 'Huggies');

INSERT INTO MARCAS (ID_MARCA, NOMBRE_MARCA)
    VALUES (14, 'Sony');

INSERT INTO MARCAS (ID_MARCA, NOMBRE_MARCA)
    VALUES (15, 'Apple');

-- PRODUCTOS

INSERT INTO PRODUCTOS (ID_PRODUCTO, NOMBRE, ID_MARCA, TIPO_PRODUCTO, DESCRIPCION, PRECIO)
    VALUES (1, 'Leche en polvo', 1, 1, 'Leche en polvo entera', 3800);

INSERT INTO PRODUCTOS (ID_PRODUCTO, NOMBRE, ID_MARCA, TIPO_PRODUCTO, DESCRIPCION, PRECIO)
    VALUES (2, 'Crema Nivea', 2, 2, 'Crema hidratante para la piel', 7425);

INSERT INTO PRODUCTOS (ID_PRODUCTO, NOMBRE, ID_MARCA, TIPO_PRODUCTO, DESCRIPCION, PRECIO)
    VALUES (3, 'Shampoo Dove', 3, 5, 'Shampoo nutritivo para cabello seco', 6150);

INSERT INTO PRODUCTOS (ID_PRODUCTO, NOMBRE, ID_MARCA, TIPO_PRODUCTO, DESCRIPCION, PRECIO)
    VALUES (4, 'Afeitadora Venus', 4, 8, 'Afeitadora eléctrica con cabezales giratorios', 23200);

INSERT INTO PRODUCTOS (ID_PRODUCTO, NOMBRE, ID_MARCA, TIPO_PRODUCTO, DESCRIPCION, PRECIO)
    VALUES (5, 'Pasta dental Fresh', 5, 5, 'Pasta dental de protección completa por 12 horas. Anticaries', 2220);

INSERT INTO PRODUCTOS (ID_PRODUCTO, NOMBRE, ID_MARCA, TIPO_PRODUCTO, DESCRIPCION, PRECIO)
    VALUES (6, 'Pañales Pampers', 6, 6, 'Pañales de alta absorción para bebés', 7050);

INSERT INTO PRODUCTOS (ID_PRODUCTO, NOMBRE, ID_MARCA, TIPO_PRODUCTO, DESCRIPCION, PRECIO)
    VALUES (7, 'Cable HDMI WireLand', 7, 8, 'Cable HDMI de alta velocidad', 10200);

INSERT INTO PRODUCTOS (ID_PRODUCTO, NOMBRE, ID_MARCA, TIPO_PRODUCTO, DESCRIPCION, PRECIO)
    VALUES (8, 'Panel solar Silfab', 8, 4, 'Panel solar fotovoltaico de alta eficiencia', 45000);

INSERT INTO PRODUCTOS (ID_PRODUCTO, NOMBRE, ID_MARCA, TIPO_PRODUCTO, DESCRIPCION, PRECIO)
    VALUES (9, 'Galaxy Buds 2', 9, 8, 'Auriculares IN-EAR. Jack 3.5mm con cable de 1,5M', 8000);

INSERT INTO PRODUCTOS (ID_PRODUCTO, NOMBRE, ID_MARCA, TIPO_PRODUCTO, DESCRIPCION, PRECIO)
    VALUES (10, 'Pepsi', 10, 1, 'Bebida refrescante de cola 500ml', 800);

INSERT INTO PRODUCTOS (ID_PRODUCTO, NOMBRE, ID_MARCA, TIPO_PRODUCTO, DESCRIPCION, PRECIO)
    VALUES (11, 'Shampoo Johnson & Johnson Baby', 11, 6, 'Shampoo para bebés, suave y sin lágrimas', 10500);

INSERT INTO PRODUCTOS (ID_PRODUCTO, NOMBRE, ID_MARCA, TIPO_PRODUCTO, DESCRIPCION, PRECIO)
    VALUES (12, 'Cable USB C', 12, 8, 'Cable de alta tasa de transferencia', 1299.99);

INSERT INTO PRODUCTOS (ID_PRODUCTO, NOMBRE, ID_MARCA, TIPO_PRODUCTO, DESCRIPCION, PRECIO)
    VALUES (13, 'Pañales Huggies Supreme', 13, 6, 'Pañales de alta calidad para mayor comodidad', 9100);

INSERT INTO PRODUCTOS (ID_PRODUCTO, NOMBRE, ID_MARCA, TIPO_PRODUCTO, DESCRIPCION, PRECIO)
    VALUES (14, 'Auriculares Sony WH-1000XM4', 14, 8, 'Auriculares inalámbricos con cancelación de ruido', 18000);

INSERT INTO PRODUCTOS (ID_PRODUCTO, NOMBRE, ID_MARCA, TIPO_PRODUCTO, DESCRIPCION, PRECIO)
    VALUES (15, 'Cable Lightning', 15, 8, 'Cable para cargar Iphones', 12230);

INSERT INTO PRODUCTOS (ID_PRODUCTO, NOMBRE, ID_MARCA, TIPO_PRODUCTO, DESCRIPCION, PRECIO)
    VALUES (16, 'Jabón líquido', 3, 5, 'Jabón líquido hidratante para manos', 4200);

--- CLIENTES

INSERT INTO CLIENTES (ID_CLIENTE, NOMBRE, APELLIDO, FECHA_NACIMIENTO, CALLE, NUMERO, ID_BARRIO, TIPO_DOC, NRO_DOC, ID_GENERO )
    VALUES (1, 'Samuel', 'Pérez', '1990-05-15', 'Av. Libertador', 124, 5, 1, '30231230', 1);

INSERT INTO CLIENTES (ID_CLIENTE, NOMBRE, APELLIDO, FECHA_NACIMIENTO, CALLE, NUMERO, ID_BARRIO, TIPO_DOC, NRO_DOC, ID_GENERO )
    VALUES (2, 'José', 'Romaña', '1985-09-10', 'Ituzaingó', 216, 10, 1, '27016335', 1);

INSERT INTO CLIENTES (ID_CLIENTE, NOMBRE, APELLIDO, FECHA_NACIMIENTO, CALLE, NUMERO, ID_BARRIO, TIPO_DOC, NRO_DOC, ID_GENERO)
    VALUES (3, 'Carlos', 'López', '1958-03-22', 'Paso de Los Andes', 19, 15, 1, '532537', 1);

INSERT INTO CLIENTES (ID_CLIENTE, NOMBRE, APELLIDO, FECHA_NACIMIENTO, CALLE, NUMERO, ID_BARRIO, TIPO_DOC, NRO_DOC, ID_GENERO)
    VALUES (4, 'Juana', 'Martínez', '1992-11-30', 'Urrutia', 101, 20, 1, '31558903', 2);

INSERT INTO CLIENTES (ID_CLIENTE, NOMBRE, APELLIDO, FECHA_NACIMIENTO, CALLE, NUMERO, ID_BARRIO, TIPO_DOC, NRO_DOC, ID_GENERO)
    VALUES (5, 'Federico', 'Ramírez', '1980-07-04', 'Ucrania', 688, 5, 1, '3892204', 1);

INSERT INTO CLIENTES (ID_CLIENTE, NOMBRE, APELLIDO, FECHA_NACIMIENTO, CALLE, NUMERO, ID_BARRIO, TIPO_DOC, NRO_DOC, ID_GENERO)
    VALUES (6, 'Ana', 'Fernández', '1995-01-12', 'Mitre', 223, 35, 1, '21411178', 2);

INSERT INTO CLIENTES (ID_CLIENTE, NOMBRE, APELLIDO, FECHA_NACIMIENTO, CALLE, NUMERO, ID_BARRIO, TIPO_DOC, NRO_DOC, ID_GENERO)
    VALUES (7, 'Sofía', 'Riquelme', '1987-05-21', 'Rondeau', 112, 20, 1, '30434729', 2);

INSERT INTO CLIENTES (ID_CLIENTE, NOMBRE, APELLIDO, FECHA_NACIMIENTO, CALLE, NUMERO, ID_BARRIO, TIPO_DOC, NRO_DOC, ID_GENERO)
    VALUES (8, 'Martín', 'Álvarez', '1991-06-10', 'Av. Maipú', 301, 10, 1, '38994995', 1);

INSERT INTO CLIENTES (ID_CLIENTE, NOMBRE, APELLIDO, FECHA_NACIMIENTO, CALLE, NUMERO, ID_BARRIO, TIPO_DOC, NRO_DOC, ID_GENERO)
    VALUES (9, 'Claudia', 'Ponce', '1983-02-14', 'Río Negro', 2637, 5, 1, '23610569', 2);

INSERT INTO CLIENTES (ID_CLIENTE, NOMBRE, APELLIDO, FECHA_NACIMIENTO, CALLE, NUMERO, ID_BARRIO, TIPO_DOC, NRO_DOC, ID_GENERO)
    VALUES (10, 'Diego', 'Almirón', '1998-12-05', 'Balcarce', 244, 25, 1, '28626779', 1);

--- CONTACTOS CLIENTES

INSERT INTO CONTACTOS (ID_TIPO_CONTACTO, ID_CLIENTE, CONTACTO)
    VALUES (1, 1, '011155656863'); 

INSERT INTO CONTACTOS (ID_TIPO_CONTACTO, ID_CLIENTE, CONTACTO)
    VALUES (2, 2, '01115110243');  

INSERT INTO CONTACTOS (ID_TIPO_CONTACTO, ID_CLIENTE, CONTACTO)
    VALUES (3, 3, 'carlos.lopez@proton.com'); 

INSERT INTO CONTACTOS (ID_TIPO_CONTACTO, ID_CLIENTE, CONTACTO)
    VALUES (4, 4, 'juana_martinez');  

INSERT INTO CONTACTOS (ID_TIPO_CONTACTO, ID_CLIENTE, CONTACTO)
    VALUES (5, 5, 'federico_ramirez'); 

INSERT INTO CONTACTOS (ID_TIPO_CONTACTO, ID_CLIENTE, CONTACTO)
    VALUES (1, 6, '01119876543');  

INSERT INTO CONTACTOS (ID_TIPO_CONTACTO, ID_CLIENTE, CONTACTO)
    VALUES (2, 7, '011153532210');  

INSERT INTO CONTACTOS (ID_TIPO_CONTACTO, ID_CLIENTE, CONTACTO)
    VALUES (3, 8, 'martin.alvarez@yahee.com');  

INSERT INTO CONTACTOS (ID_TIPO_CONTACTO, ID_CLIENTE, CONTACTO)
    VALUES (4, 9, 'claudia_ponce');  

INSERT INTO CONTACTOS (ID_TIPO_CONTACTO, ID_CLIENTE, CONTACTO)
    VALUES (5, 10, 'd1eg0_almiron');  
	
-- PERSONAL 

INSERT INTO PERSONAL (ID_PERSONAL, NOMBRE, APELLIDO, FECHA_NAC, CALLE, NUMERO, ID_BARRIO, TIPO_DOC, NRO_DOC, ID_GENERO)
    VALUES (1, 'Laura', 'Ortiz', '1985-02-14', 'Av. Colón', 1656, 5, 1, '36124578', 2); 

INSERT INTO PERSONAL (ID_PERSONAL, NOMBRE, APELLIDO, FECHA_NAC, CALLE, NUMERO, ID_BARRIO, TIPO_DOC, NRO_DOC, ID_GENERO)
    VALUES (2, 'Carlos', 'La Fuente', '1979-08-22', 'Bv. San Juan', 742, 10, 1, '28104862', 1); 

INSERT INTO PERSONAL (ID_PERSONAL, NOMBRE, APELLIDO, FECHA_NAC, CALLE, NUMERO, ID_BARRIO, TIPO_DOC, NRO_DOC, ID_GENERO)
    VALUES (3, 'María', 'Manzano', '1990-05-10', 'Belgrano', 214, 5, 1, '34561434', 2); 

INSERT INTO PERSONAL (ID_PERSONAL, NOMBRE, APELLIDO, FECHA_NAC, CALLE, NUMERO, ID_BARRIO, TIPO_DOC, NRO_DOC, ID_GENERO)
    VALUES (4, 'José', 'Luque', '1987-12-05', 'Deán Funes', 89, 20, 1, '32426779', 1); 

INSERT INTO PERSONAL (ID_PERSONAL, NOMBRE, APELLIDO, FECHA_NAC, CALLE, NUMERO, ID_BARRIO, TIPO_DOC, NRO_DOC, ID_GENERO)
    VALUES (5, 'Analía', 'Morales', '1995-03-18', 'Av. General Paz', 450, 5, 1, '2901234', 2); 

INSERT INTO PERSONAL (ID_PERSONAL, NOMBRE, APELLIDO, FECHA_NAC, CALLE, NUMERO, ID_BARRIO, TIPO_DOC, NRO_DOC, ID_GENERO)
    VALUES (6, 'Jorge', 'Cassini', '1982-11-23', 'Obispo Trejo', 789, 10, 1, '37121167', 1); 

INSERT INTO PERSONAL (ID_PERSONAL, NOMBRE, APELLIDO, FECHA_NAC, CALLE, NUMERO, ID_BARRIO, TIPO_DOC, NRO_DOC, ID_GENERO)
    VALUES (7, 'Claudia', 'Paviolo', '1975-06-30', 'San Lorenzo', 101, 15, 1, '26451234', 2);

INSERT INTO PERSONAL (ID_PERSONAL, NOMBRE, APELLIDO, FECHA_NAC, CALLE, NUMERO, ID_BARRIO, TIPO_DOC, NRO_DOC, ID_GENERO)
    VALUES (8, 'Diego', 'Silva', '1989-04-09', 'Av. Rafael Núñez', 1129, 10, 1, '35891234', 1); 

INSERT INTO PERSONAL (ID_PERSONAL, NOMBRE, APELLIDO, FECHA_NAC, CALLE, NUMERO, ID_BARRIO, TIPO_DOC, NRO_DOC, ID_GENERO)
    VALUES (9, 'Elena', 'Fuseneco', '1988-09-17', 'Caseros', 557, 45, 1, '22339542', 3); 

INSERT INTO PERSONAL (ID_PERSONAL, NOMBRE, APELLIDO, FECHA_NAC, CALLE, NUMERO, ID_BARRIO, TIPO_DOC, NRO_DOC, ID_GENERO)
    VALUES (10, 'Pablo', 'Videla', '1993-07-15', 'Buenos Aires', 321, 40, 1, '37451834', 1);

--CONTACTOS PERSONAL
INSERT INTO CONTACTOS (ID_TIPO_CONTACTO, ID_PERSONAL, CONTACTO)
    VALUES (2, 1, '01145326779');

INSERT INTO CONTACTOS (ID_TIPO_CONTACTO, ID_PERSONAL, CONTACTO)
    VALUES (3, 2, 'c.la.fuente@yahii.com');

INSERT INTO CONTACTOS (ID_TIPO_CONTACTO, ID_PERSONAL, CONTACTO)
    VALUES (2, 3, '01148661137');

INSERT INTO CONTACTOS (ID_TIPO_CONTACTO, ID_PERSONAL, CONTACTO)
    VALUES (3, 4, 'jose.luque@jmail.com');

INSERT INTO CONTACTOS (ID_TIPO_CONTACTO, ID_PERSONAL, CONTACTO)
    VALUES (2, 5, '01145857592');

INSERT INTO CONTACTOS (ID_TIPO_CONTACTO, ID_PERSONAL, CONTACTO)
    VALUES (3, 6, 'jorge.cassini@proton.com');

INSERT INTO CONTACTOS (ID_TIPO_CONTACTO, ID_PERSONAL, CONTACTO)
    VALUES (2, 7, '01148623901');

INSERT INTO CONTACTOS (ID_TIPO_CONTACTO, ID_PERSONAL, CONTACTO)
    VALUES (3, 8, 'diego.silva@mail.com');

INSERT INTO CONTACTOS (ID_TIPO_CONTACTO, ID_PERSONAL, CONTACTO)
    VALUES (2, 9, '01143385912');

INSERT INTO CONTACTOS (ID_TIPO_CONTACTO, ID_PERSONAL, CONTACTO)
    VALUES (3, 10, 'pablo.videla@yahee.com');

SELECT * FROM TIPOS_PAGOS
-------------------------------------------------------------------------SEGUNDA ENTREGA-----------------------------------------------------------------------------

-- FACTURAS

INSERT INTO FACTURAS(ID_FACTURA, ID_CLIENTE, ID_PERSONAL_CARGOS_ESTABLECIMIENTOS,FECHA)
			VALUES(6, 7, 10, '06-09-2024');

----- FACTURA TIPO PAGO

INSERT INTO FACTURAS_TIPOS_PAGOS(ID_FACTURA_TIPO_PAGO, ID_FACTURA, ID_TIPO_PAGO, PORCENTAJE_PAGO, ES_CUOTAS, CANTIDAD_CUOTAS)
			VALUES(6, 6, 5, 100, 0, NULL);

------ DETALLES FACTURA

INSERT INTO DISPENSACIONES(ID_DISPENSACION, ID_FACTURA, ID_MEDICAMENTO_OBRA_SOCIAL, ID_PRODUCTO, DESCUENTO_PRODUCTO, PRECIO_UNITARIO, CANTIDAD, MATRICULA, CODIGO_VALIDACION)
		VALUES(200, 6, NULL, 12, NULL, 800, 2, NULL, NULL );

INSERT INTO DISPENSACIONES(ID_DISPENSACION, ID_FACTURA, ID_MEDICAMENTO_OBRA_SOCIAL, ID_PRODUCTO, DESCUENTO_PRODUCTO, PRECIO_UNITARIO, CANTIDAD, MATRICULA, CODIGO_VALIDACION)
		VALUES(201, 6, NULL, 10, NULL, 1299.99, 1, NULL, NULL);
				
---- INVENTARIO FACTURA

INSERT INTO INVENTARIOS(ID_INVENTARIO, CANTIDAD, FECHA, ID_TIPO_MOV, ID_STOCK)
			VALUES(10, 2, '06-09-2024', 2, 114)
INSERT INTO INVENTARIOS(ID_INVENTARIO, CANTIDAD, FECHA, ID_TIPO_MOV, ID_STOCK)
			VALUES(11, 1, '06-09-2024', 2, 113)

---- PEDIDOS

INSERT INTO PEDIDOS(ID_PEDIDO, ID_PERSONAL_CARGOS_ESTABLECIMIENTOS, ID_LOGISTICA, FECHA)
			VALUES(10, 20, 22198273651, '07-08-2024')


----- DETALLE PEDIDO

INSERT INTO DETALLES_PEDIDOS(ID_DETALLE_PEDIDO, ID_PEDIDO, ID_MEDICAMENTO_OBRA_SOCIAL, ID_PROVEEDOR, ID_PRODUCTO, CANTIDAD)
			VALUES(100, 10, NULL, 11, 5, 100)

INSERT INTO DETALLES_PEDIDOS(ID_DETALLE_PEDIDO, ID_PEDIDO, ID_MEDICAMENTO_OBRA_SOCIAL, ID_PROVEEDOR, ID_PRODUCTO, CANTIDAD)
			VALUES(101, 10, NULL, 11, 6, 20)

INSERT INTO DETALLES_PEDIDOS(ID_DETALLE_PEDIDO, ID_PEDIDO, ID_MEDICAMENTO_OBRA_SOCIAL, ID_PROVEEDOR, ID_PRODUCTO, CANTIDAD)
			VALUES(102,10, 9, 3, NULL, 100)


---- COTIZACIONES

INSERT INTO COTIZACIONES(ID_COTIZACION, ID_PERSONAL_CARGOS_ESTABLECIMIENTOS, ID_LOGISTICA, FECHA)
			VALUES(10, 20, 22198273651, '07-08-2024')


---- COTIZACIONES DETALLES

INSERT INTO DETALLES_COTIZACION(ID_DETALLE_COTIZACION, ID_COTIZACION, ID_MEDICAMENTO_OBRA_SOCIAL, ID_PROVEEDOR, ID_PRODUCTO, CANTIDAD)
			VALUES(100, 10, NULL, 11, 5, 100)

INSERT INTO DETALLES_COTIZACION(ID_DETALLE_COTIZACION, ID_COTIZACION, ID_MEDICAMENTO_OBRA_SOCIAL, ID_PROVEEDOR, ID_PRODUCTO, CANTIDAD)
			VALUES(101, 10, NULL, 11, 12, 20)

INSERT INTO DETALLES_COTIZACION(ID_DETALLE_COTIZACION, ID_COTIZACION, ID_MEDICAMENTO_OBRA_SOCIAL, ID_PROVEEDOR, ID_PRODUCTO, CANTIDAD)
			VALUES(102,10, 9, 3, NULL, 100)


---- INVENTARIO COTIZACIONES

INSERT INTO INVENTARIOS(ID_INVENTARIO, CANTIDAD, FECHA, ID_TIPO_MOV, ID_STOCK)
			VALUES(30, 100, '', ,  )
INSERT INTO INVENTARIOS(ID_INVENTARIO, CANTIDAD, FECHA, ID_TIPO_MOV, ID_STOCK)
			VALUES(31, 20, '', ,  )
INSERT INTO INVENTARIOS(ID_INVENTARIO, CANTIDAD, FECHA, ID_TIPO_MOV, ID_STOCK)
			VALUES(32, 100, '', ,  )

--- Es necesario revisar el tp
--- Corregí el CUIT en empresa logística, vno es mejor que sea siempre un BIGINT?. Corregirlo en proveedores y laboratorios?
--- El inventario debería ser por medicamento, no por obra social, al proovedor no le interesa ya que el descuento lo podría el establecimiento central
--- Verificar si para cada inventario stock, existe su correspondiente stock.
--- Deje comentada la tabla tipos_pagos_promociones porque al final no vamos a usarla no? 




