--ESTABLECIMIENTOS

INSERT INTO ESTABLECIMIENTOS (ID_ESTABLECIMIENTO,NOMBRE,CALLE,NUMERO,ID_BARRIO)
	VALUES(1,'Marbe S.A.','Humberto 1', 555, 2);

INSERT INTO ESTABLECIMIENTOS (ID_ESTABLECIMIENTO,NOMBRE,CALLE,NUMERO,ID_BARRIO)
	VALUES(2,'Finadiet','Fray Mamerto Esquiú', 68, 1);

INSERT INTO ESTABLECIMIENTOS (ID_ESTABLECIMIENTO,NOMBRE,CALLE,NUMERO,ID_BARRIO)
	VALUES(3,'Lazar','Arturo Illia Boulevard', 300, 3);

INSERT INTO ESTABLECIMIENTOS (ID_ESTABLECIMIENTO,NOMBRE,CALLE,NUMERO,ID_BARRIO)
	VALUES(4,'Dispromed','Octavio Pinto', 2433, 4);

INSERT INTO ESTABLECIMIENTOS (ID_ESTABLECIMIENTO,NOMBRE,CALLE,NUMERO,ID_BARRIO)
	VALUES(5,'Cofarsur','Juan Rodríguez', 1419, 5);

INSERT INTO ESTABLECIMIENTOS (ID_ESTABLECIMIENTO,NOMBRE,CALLE,NUMERO,ID_BARRIO)
	VALUES(6,'Luar','Hualfin', 359, 6);

INSERT INTO ESTABLECIMIENTOS (ID_ESTABLECIMIENTO,NOMBRE,CALLE,NUMERO,ID_BARRIO)
	VALUES(7,'Nueva Villa S.R.L.','Congreso', 5476, 7);

--CONTACTOS
INSERT INTO CONTACTOS(ID_TIPO_CONTACTO,ID_ESTABLECIMIENTO,CONTACTO)
	VALUES(2,1,'4371244');
	
INSERT INTO CONTACTOS(ID_TIPO_CONTACTO,ID_ESTABLECIMIENTO,CONTACTO)
	VALUES(1,2,'3517123874');
	
INSERT INTO CONTACTOS(ID_TIPO_CONTACTO,ID_ESTABLECIMIENTO,CONTACTO)
	VALUES(3,3,'TuFarmaceutica@gmail.com');
	
INSERT INTO CONTACTOS(ID_TIPO_CONTACTO,ID_ESTABLECIMIENTO,CONTACTO)
	VALUES(1,4,'351540038');
	
INSERT INTO CONTACTOS(ID_TIPO_CONTACTO,ID_ESTABLECIMIENTO,CONTACTO)
	VALUES(2,5,'4248940');
	
INSERT INTO CONTACTOS(ID_TIPO_CONTACTO,ID_ESTABLECIMIENTO,CONTACTO)
	VALUES(3,6,'MedicamentosYa@gmail.com');

INSERT INTO CONTACTOS(ID_TIPO_CONTACTO,ID_ESTABLECIMIENTO,CONTACTO)
	VALUES(1,7,'3511100234');


--STOCK

INSERT INTO STOCKS(ID_STOCK,FECHA,CANTIDAD,CANTIDAD_MINIMA,ID_PRODUCTO,ID_ESTABLECIMIENTO)
	   VALUES(1,'22/08/2024',1500,1250,1,1);
INSERT INTO STOCKS(ID_STOCK,FECHA,CANTIDAD,CANTIDAD_MINIMA,ID_PRODUCTO,ID_ESTABLECIMIENTO)
	   VALUES(2,'20/08/2024',1000,1500,1,2);
INSERT INTO STOCKS(ID_STOCK,FECHA,CANTIDAD,CANTIDAD_MINIMA,ID_PRODUCTO,ID_ESTABLECIMIENTO)
	   VALUES(3,'21/08/2024',800,1000,1,3);
INSERT INTO STOCKS(ID_STOCK,FECHA,CANTIDAD,CANTIDAD_MINIMA,ID_PRODUCTO,ID_ESTABLECIMIENTO)
	   VALUES(4,'15/08/2024',2530,1100,1,4);
INSERT INTO STOCKS(ID_STOCK,FECHA,CANTIDAD,CANTIDAD_MINIMA,ID_PRODUCTO,ID_ESTABLECIMIENTO)
	   VALUES(5,'29/08/2024',2530,1520,1,5);
INSERT INTO STOCKS(ID_STOCK,FECHA,CANTIDAD,CANTIDAD_MINIMA,ID_PRODUCTO,ID_ESTABLECIMIENTO)
	   VALUES(6,'02/08/2024',120,2150,1,6);
INSERT INTO STOCKS(ID_STOCK,FECHA,CANTIDAD,CANTIDAD_MINIMA,ID_PRODUCTO,ID_ESTABLECIMIENTO)
	   VALUES(7,'23/08/2024',7000,1950,1,7);


INSERT INTO STOCKS(ID_STOCK,FECHA,CANTIDAD,CANTIDAD_MINIMA,ID_PRODUCTO,ID_ESTABLECIMIENTO)
	   VALUES(8	,'21/08/2024',1200,800,2,1);
INSERT INTO STOCKS(ID_STOCK,FECHA,CANTIDAD,CANTIDAD_MINIMA,ID_PRODUCTO,ID_ESTABLECIMIENTO)
	   VALUES(9	,'29/08/2024',900,850,2,2);
INSERT INTO STOCKS(ID_STOCK,FECHA,CANTIDAD,CANTIDAD_MINIMA,ID_PRODUCTO,ID_ESTABLECIMIENTO)
	   VALUES(10 ,'22/08/2024',300,900,2,3);
INSERT INTO STOCKS(ID_STOCK,FECHA,CANTIDAD,CANTIDAD_MINIMA,ID_PRODUCTO,ID_ESTABLECIMIENTO)
	   VALUES(11 ,'26/08/2024',550,850,2,4);
INSERT INTO STOCKS(ID_STOCK,FECHA,CANTIDAD,CANTIDAD_MINIMA,ID_PRODUCTO,ID_ESTABLECIMIENTO)
	   VALUES(12,'17/08/2024',500,770,2,5);
INSERT INTO STOCKS(ID_STOCK,FECHA,CANTIDAD,CANTIDAD_MINIMA,ID_PRODUCTO,ID_ESTABLECIMIENTO)
	   VALUES(13,'29/08/2024',810,850,2,6);
INSERT INTO STOCKS(ID_STOCK,FECHA,CANTIDAD,CANTIDAD_MINIMA,ID_PRODUCTO,ID_ESTABLECIMIENTO)
	   VALUES(14,'19/08/2024',50,1000,2,7);


INSERT INTO STOCKS(ID_STOCK,FECHA,CANTIDAD,CANTIDAD_MINIMA,ID_PRODUCTO,ID_ESTABLECIMIENTO)
	   VALUES(15,'10/08/2024',3000,2000,3,1);
INSERT INTO STOCKS(ID_STOCK,FECHA,CANTIDAD,CANTIDAD_MINIMA,ID_PRODUCTO,ID_ESTABLECIMIENTO)
	   VALUES(16,'22/08/2024',2250,2150,3,2);
INSERT INTO STOCKS(ID_STOCK,FECHA,CANTIDAD,CANTIDAD_MINIMA,ID_PRODUCTO,ID_ESTABLECIMIENTO)
	   VALUES(17,'29/08/2024',5000,1500,3,3);
INSERT INTO STOCKS(ID_STOCK,FECHA,CANTIDAD,CANTIDAD_MINIMA,ID_PRODUCTO,ID_ESTABLECIMIENTO)
	   VALUES(18,'20/08/2024',5420,2500,3,4);
INSERT INTO STOCKS(ID_STOCK,FECHA,CANTIDAD,CANTIDAD_MINIMA,ID_PRODUCTO,ID_ESTABLECIMIENTO)
	   VALUES(19,'15/08/2024',250,3000,3,5);
INSERT INTO STOCKS(ID_STOCK,FECHA,CANTIDAD,CANTIDAD_MINIMA,ID_PRODUCTO,ID_ESTABLECIMIENTO)
	   VALUES(20,'11/08/2024',3000,1800,3,6);
INSERT INTO STOCKS(ID_STOCK,FECHA,CANTIDAD,CANTIDAD_MINIMA,ID_PRODUCTO,ID_ESTABLECIMIENTO)
	   VALUES(21,'10/08/2024',2222,1900,3,7);


INSERT INTO STOCKS(ID_STOCK,FECHA,CANTIDAD,CANTIDAD_MINIMA,ID_PRODUCTO,ID_ESTABLECIMIENTO)
	   VALUES(22,'08/08/2024',500,300,4,1);
INSERT INTO STOCKS(ID_STOCK,FECHA,CANTIDAD,CANTIDAD_MINIMA,ID_PRODUCTO,ID_ESTABLECIMIENTO)
	   VALUES(23,'01/08/2024',252,250,4,2);
INSERT INTO STOCKS(ID_STOCK,FECHA,CANTIDAD,CANTIDAD_MINIMA,ID_PRODUCTO,ID_ESTABLECIMIENTO)
	   VALUES(24,'10/08/2024',322,350,4,3);
INSERT INTO STOCKS(ID_STOCK,FECHA,CANTIDAD,CANTIDAD_MINIMA,ID_PRODUCTO,ID_ESTABLECIMIENTO)
	   VALUES(25,'12/08/2024',500,400,4,4);
INSERT INTO STOCKS(ID_STOCK,FECHA,CANTIDAD,CANTIDAD_MINIMA,ID_PRODUCTO,ID_ESTABLECIMIENTO)
	   VALUES(26,'17/08/2024',200,300,4,5);
INSERT INTO STOCKS(ID_STOCK,FECHA,CANTIDAD,CANTIDAD_MINIMA,ID_PRODUCTO,ID_ESTABLECIMIENTO)
	   VALUES(27,'19/08/2024',380,150,4,6);
INSERT INTO STOCKS(ID_STOCK,FECHA,CANTIDAD,CANTIDAD_MINIMA,ID_PRODUCTO,ID_ESTABLECIMIENTO)
	   VALUES(28,'20/08/2024',250,320,4,7);

	   
INSERT INTO STOCKS(ID_STOCK,FECHA,CANTIDAD,CANTIDAD_MINIMA,ID_PRODUCTO,ID_ESTABLECIMIENTO)
	   VALUES(29,'25/08/2024',2500,3200,5,1);
INSERT INTO STOCKS(ID_STOCK, FECHA, CANTIDAD, CANTIDAD_MINIMA, ID_PRODUCTO, ID_ESTABLECIMIENTO)
    VALUES(30, '01/08/2024', 2290, 2500, 5, 1);
INSERT INTO STOCKS(ID_STOCK, FECHA, CANTIDAD, CANTIDAD_MINIMA, ID_PRODUCTO, ID_ESTABLECIMIENTO)
    VALUES(31, '05/08/2024', 2510, 2520, 5, 2);
INSERT INTO STOCKS(ID_STOCK, FECHA, CANTIDAD, CANTIDAD_MINIMA, ID_PRODUCTO, ID_ESTABLECIMIENTO)
    VALUES(32, '10/08/2024', 2530, 2540, 5, 3);
INSERT INTO STOCKS(ID_STOCK, FECHA, CANTIDAD, CANTIDAD_MINIMA, ID_PRODUCTO, ID_ESTABLECIMIENTO)
    VALUES(33, '15/08/2024', 2550, 2560, 5, 4);
INSERT INTO STOCKS(ID_STOCK, FECHA, CANTIDAD, CANTIDAD_MINIMA, ID_PRODUCTO, ID_ESTABLECIMIENTO)
    VALUES(34, '20/08/2024', 2570, 2580, 5, 5);
INSERT INTO STOCKS(ID_STOCK, FECHA, CANTIDAD, CANTIDAD_MINIMA, ID_PRODUCTO, ID_ESTABLECIMIENTO)
    VALUES(35, '25/08/2024', 2590, 2600, 5, 6);

INSERT INTO STOCKS(ID_STOCK, FECHA, CANTIDAD, CANTIDAD_MINIMA, ID_PRODUCTO, ID_ESTABLECIMIENTO)
    VALUES(36, '01/08/2024', 4950, 5400, 6, 1);
INSERT INTO STOCKS(ID_STOCK, FECHA, CANTIDAD, CANTIDAD_MINIMA, ID_PRODUCTO, ID_ESTABLECIMIENTO)
    VALUES(37, '05/08/2024', 4970, 5420, 6, 2);
INSERT INTO STOCKS(ID_STOCK, FECHA, CANTIDAD, CANTIDAD_MINIMA, ID_PRODUCTO, ID_ESTABLECIMIENTO)
    VALUES(38, '10/08/2024', 4990, 5440, 6, 3);
INSERT INTO STOCKS(ID_STOCK, FECHA, CANTIDAD, CANTIDAD_MINIMA, ID_PRODUCTO, ID_ESTABLECIMIENTO)
    VALUES(39, '15/08/2024', 5010, 5460, 6, 4);
INSERT INTO STOCKS(ID_STOCK, FECHA, CANTIDAD, CANTIDAD_MINIMA, ID_PRODUCTO, ID_ESTABLECIMIENTO)
    VALUES(40, '20/08/2024', 5030, 5480, 6, 5);
INSERT INTO STOCKS(ID_STOCK, FECHA, CANTIDAD, CANTIDAD_MINIMA, ID_PRODUCTO, ID_ESTABLECIMIENTO)
    VALUES(41, '25/08/2024', 5050, 5500, 6, 6);
INSERT INTO STOCKS(ID_STOCK, FECHA, CANTIDAD, CANTIDAD_MINIMA, ID_PRODUCTO, ID_ESTABLECIMIENTO)
    VALUES(42, '30/08/2024', 5070, 5520, 6, 7);

INSERT INTO STOCKS(ID_STOCK, FECHA, CANTIDAD, CANTIDAD_MINIMA, ID_PRODUCTO, ID_ESTABLECIMIENTO)
    VALUES(43, '01/08/2024', 950, 1400, 7, 1);
INSERT INTO STOCKS(ID_STOCK, FECHA, CANTIDAD, CANTIDAD_MINIMA, ID_PRODUCTO, ID_ESTABLECIMIENTO)
    VALUES(44, '05/08/2024', 960, 1450, 7, 2);
INSERT INTO STOCKS(ID_STOCK, FECHA, CANTIDAD, CANTIDAD_MINIMA, ID_PRODUCTO, ID_ESTABLECIMIENTO)
    VALUES(45, '10/08/2024', 970, 1500, 7, 3);
INSERT INTO STOCKS(ID_STOCK, FECHA, CANTIDAD, CANTIDAD_MINIMA, ID_PRODUCTO, ID_ESTABLECIMIENTO)
    VALUES(46, '15/08/2024', 980, 1550, 7, 4);
INSERT INTO STOCKS(ID_STOCK, FECHA, CANTIDAD, CANTIDAD_MINIMA, ID_PRODUCTO, ID_ESTABLECIMIENTO)
    VALUES(47, '20/08/2024', 990, 1600, 7, 5);
INSERT INTO STOCKS(ID_STOCK, FECHA, CANTIDAD, CANTIDAD_MINIMA, ID_PRODUCTO, ID_ESTABLECIMIENTO)
    VALUES(48, '25/08/2024', 1000, 1650, 7, 6);
INSERT INTO STOCKS(ID_STOCK, FECHA, CANTIDAD, CANTIDAD_MINIMA, ID_PRODUCTO, ID_ESTABLECIMIENTO)
    VALUES(49, '30/08/2024', 1010, 1700, 7, 7);

INSERT INTO STOCKS(ID_STOCK, FECHA, CANTIDAD, CANTIDAD_MINIMA, ID_PRODUCTO, ID_ESTABLECIMIENTO)
    VALUES(50, '01/08/2024', 280, 320, 8, 1);
INSERT INTO STOCKS(ID_STOCK, FECHA, CANTIDAD, CANTIDAD_MINIMA, ID_PRODUCTO, ID_ESTABLECIMIENTO)
    VALUES(51, '05/08/2024', 290, 330, 8, 2);
INSERT INTO STOCKS(ID_STOCK, FECHA, CANTIDAD, CANTIDAD_MINIMA, ID_PRODUCTO, ID_ESTABLECIMIENTO)
    VALUES(52, '10/08/2024', 295, 340, 8, 3);
INSERT INTO STOCKS(ID_STOCK, FECHA, CANTIDAD, CANTIDAD_MINIMA, ID_PRODUCTO, ID_ESTABLECIMIENTO)
    VALUES(53, '15/08/2024', 300, 350, 8, 4);
INSERT INTO STOCKS(ID_STOCK, FECHA, CANTIDAD, CANTIDAD_MINIMA, ID_PRODUCTO, ID_ESTABLECIMIENTO)
    VALUES(54, '20/08/2024', 305, 360, 8, 5);
INSERT INTO STOCKS(ID_STOCK, FECHA, CANTIDAD, CANTIDAD_MINIMA, ID_PRODUCTO, ID_ESTABLECIMIENTO)
    VALUES(55, '25/08/2024', 310, 370, 8, 6);
INSERT INTO STOCKS(ID_STOCK, FECHA, CANTIDAD, CANTIDAD_MINIMA, ID_PRODUCTO, ID_ESTABLECIMIENTO)
    VALUES(56, '30/08/2024', 315, 380, 8, 7);

INSERT INTO STOCKS(ID_STOCK, FECHA, CANTIDAD, CANTIDAD_MINIMA, ID_PRODUCTO, ID_ESTABLECIMIENTO)
    VALUES(57, '01/08/2024', 220, 200, 9, 1);
INSERT INTO STOCKS(ID_STOCK, FECHA, CANTIDAD, CANTIDAD_MINIMA, ID_PRODUCTO, ID_ESTABLECIMIENTO)
    VALUES(58, '05/08/2024', 225, 205, 9, 2);
INSERT INTO STOCKS(ID_STOCK, FECHA, CANTIDAD, CANTIDAD_MINIMA, ID_PRODUCTO, ID_ESTABLECIMIENTO)
    VALUES(59, '10/08/2024', 230, 210, 9, 3);
INSERT INTO STOCKS(ID_STOCK, FECHA, CANTIDAD, CANTIDAD_MINIMA, ID_PRODUCTO, ID_ESTABLECIMIENTO)
    VALUES(60, '15/08/2024', 235, 215, 9, 4);
INSERT INTO STOCKS(ID_STOCK, FECHA, CANTIDAD, CANTIDAD_MINIMA, ID_PRODUCTO, ID_ESTABLECIMIENTO)
    VALUES(61, '20/08/2024', 240, 220, 9, 5);
INSERT INTO STOCKS(ID_STOCK, FECHA, CANTIDAD, CANTIDAD_MINIMA, ID_PRODUCTO, ID_ESTABLECIMIENTO)
    VALUES(62, '25/08/2024', 245, 225, 9, 6);
INSERT INTO STOCKS(ID_STOCK, FECHA, CANTIDAD, CANTIDAD_MINIMA, ID_PRODUCTO, ID_ESTABLECIMIENTO)
    VALUES(63, '30/08/2024', 250, 230, 9, 7);

INSERT INTO STOCKS(ID_STOCK, FECHA, CANTIDAD, CANTIDAD_MINIMA, ID_PRODUCTO, ID_ESTABLECIMIENTO)
    VALUES(64, '01/08/2024', 2550, 2400, 10, 1);
INSERT INTO STOCKS(ID_STOCK, FECHA, CANTIDAD, CANTIDAD_MINIMA, ID_PRODUCTO, ID_ESTABLECIMIENTO)
    VALUES(65, '05/08/2024', 2600, 2450, 10, 2);
INSERT INTO STOCKS(ID_STOCK, FECHA, CANTIDAD, CANTIDAD_MINIMA, ID_PRODUCTO, ID_ESTABLECIMIENTO)
    VALUES(66, '10/08/2024', 2500, 2500, 10, 3);
INSERT INTO STOCKS(ID_STOCK, FECHA, CANTIDAD, CANTIDAD_MINIMA, ID_PRODUCTO, ID_ESTABLECIMIENTO)
    VALUES(67, '15/08/2024', 2450, 2550, 10, 4);
INSERT INTO STOCKS(ID_STOCK, FECHA, CANTIDAD, CANTIDAD_MINIMA, ID_PRODUCTO, ID_ESTABLECIMIENTO)
    VALUES(68, '20/08/2024', 2520, 2480, 10, 5);
INSERT INTO STOCKS(ID_STOCK, FECHA, CANTIDAD, CANTIDAD_MINIMA, ID_PRODUCTO, ID_ESTABLECIMIENTO)
    VALUES(69, '25/08/2024', 2570, 2500, 10, 6);
INSERT INTO STOCKS(ID_STOCK, FECHA, CANTIDAD, CANTIDAD_MINIMA, ID_PRODUCTO, ID_ESTABLECIMIENTO)
    VALUES(70, '30/08/2024', 2620, 2550, 10, 7);

INSERT INTO STOCKS(ID_STOCK, FECHA, CANTIDAD, CANTIDAD_MINIMA, ID_PRODUCTO, ID_ESTABLECIMIENTO)
    VALUES(71, '01/08/2024', 7100, 6900, 11, 1);
INSERT INTO STOCKS(ID_STOCK, FECHA, CANTIDAD, CANTIDAD_MINIMA, ID_PRODUCTO, ID_ESTABLECIMIENTO)
    VALUES(72, '05/08/2024', 7200, 6800, 11, 2);
INSERT INTO STOCKS(ID_STOCK, FECHA, CANTIDAD, CANTIDAD_MINIMA, ID_PRODUCTO, ID_ESTABLECIMIENTO)
    VALUES(73, '10/08/2024', 7300, 7000, 11, 3);
INSERT INTO STOCKS(ID_STOCK, FECHA, CANTIDAD, CANTIDAD_MINIMA, ID_PRODUCTO, ID_ESTABLECIMIENTO)
    VALUES(74, '15/08/2024', 7400, 7100, 11, 4);
INSERT INTO STOCKS(ID_STOCK, FECHA, CANTIDAD, CANTIDAD_MINIMA, ID_PRODUCTO, ID_ESTABLECIMIENTO)
    VALUES(75, '20/08/2024', 7500, 7200, 11, 5);
INSERT INTO STOCKS(ID_STOCK, FECHA, CANTIDAD, CANTIDAD_MINIMA, ID_PRODUCTO, ID_ESTABLECIMIENTO)
    VALUES(76, '25/08/2024', 7600, 7300, 11, 6);
INSERT INTO STOCKS(ID_STOCK, FECHA, CANTIDAD, CANTIDAD_MINIMA, ID_PRODUCTO, ID_ESTABLECIMIENTO)
    VALUES(77, '30/08/2024', 7700, 7400, 11, 7);

INSERT INTO STOCKS(ID_STOCK, FECHA, CANTIDAD, CANTIDAD_MINIMA, ID_PRODUCTO, ID_ESTABLECIMIENTO)
    VALUES(78, '01/08/2024', 210, 190, 12, 1);
INSERT INTO STOCKS(ID_STOCK, FECHA, CANTIDAD, CANTIDAD_MINIMA, ID_PRODUCTO, ID_ESTABLECIMIENTO)
    VALUES(79, '05/08/2024', 220, 180, 12, 2);
INSERT INTO STOCKS(ID_STOCK, FECHA, CANTIDAD, CANTIDAD_MINIMA, ID_PRODUCTO, ID_ESTABLECIMIENTO)
    VALUES(80, '10/08/2024', 230, 190, 12, 3);
INSERT INTO STOCKS(ID_STOCK, FECHA, CANTIDAD, CANTIDAD_MINIMA, ID_PRODUCTO, ID_ESTABLECIMIENTO)
    VALUES(81, '15/08/2024', 240, 200, 12, 4);
INSERT INTO STOCKS(ID_STOCK, FECHA, CANTIDAD, CANTIDAD_MINIMA, ID_PRODUCTO, ID_ESTABLECIMIENTO)
    VALUES(82, '20/08/2024', 250, 210, 12, 5);
INSERT INTO STOCKS(ID_STOCK, FECHA, CANTIDAD, CANTIDAD_MINIMA, ID_PRODUCTO, ID_ESTABLECIMIENTO)
    VALUES(83, '25/08/2024', 260, 220, 12, 6);
INSERT INTO STOCKS(ID_STOCK, FECHA, CANTIDAD, CANTIDAD_MINIMA, ID_PRODUCTO, ID_ESTABLECIMIENTO)
    VALUES(84, '30/08/2024', 270, 230, 12, 7);

INSERT INTO STOCKS(ID_STOCK, FECHA, CANTIDAD, CANTIDAD_MINIMA, ID_PRODUCTO, ID_ESTABLECIMIENTO)
    VALUES(85, '01/08/2024', 5100, 4900, 13, 1);
INSERT INTO STOCKS(ID_STOCK, FECHA, CANTIDAD, CANTIDAD_MINIMA, ID_PRODUCTO, ID_ESTABLECIMIENTO)
    VALUES(86, '05/08/2024', 5050, 4950, 13, 2);
INSERT INTO STOCKS(ID_STOCK, FECHA, CANTIDAD, CANTIDAD_MINIMA, ID_PRODUCTO, ID_ESTABLECIMIENTO)
    VALUES(87, '10/08/2024', 4900, 5000, 13, 3);
INSERT INTO STOCKS(ID_STOCK, FECHA, CANTIDAD, CANTIDAD_MINIMA, ID_PRODUCTO, ID_ESTABLECIMIENTO)
    VALUES(88, '15/08/2024', 5200, 5150, 13, 4);
INSERT INTO STOCKS(ID_STOCK, FECHA, CANTIDAD, CANTIDAD_MINIMA, ID_PRODUCTO, ID_ESTABLECIMIENTO)
    VALUES(89, '20/08/2024', 5300, 5250, 13, 5);
INSERT INTO STOCKS(ID_STOCK, FECHA, CANTIDAD, CANTIDAD_MINIMA, ID_PRODUCTO, ID_ESTABLECIMIENTO)
    VALUES(90, '25/08/2024', 5450, 5350, 13, 6);
INSERT INTO STOCKS(ID_STOCK, FECHA, CANTIDAD, CANTIDAD_MINIMA, ID_PRODUCTO, ID_ESTABLECIMIENTO)
    VALUES(91, '30/08/2024', 5500, 5600, 13, 7);
INSERT INTO STOCKS(ID_STOCK, FECHA, CANTIDAD, CANTIDAD_MINIMA, ID_PRODUCTO, ID_ESTABLECIMIENTO)
    VALUES(92, '01/08/2024', 110, 90, 14, 1);

INSERT INTO STOCKS(ID_STOCK, FECHA, CANTIDAD, CANTIDAD_MINIMA, ID_PRODUCTO, ID_ESTABLECIMIENTO)
    VALUES(93, '05/08/2024', 95, 105, 14, 2);
INSERT INTO STOCKS(ID_STOCK, FECHA, CANTIDAD, CANTIDAD_MINIMA, ID_PRODUCTO, ID_ESTABLECIMIENTO)
    VALUES(94, '10/08/2024', 120, 110, 14, 3);
INSERT INTO STOCKS(ID_STOCK, FECHA, CANTIDAD, CANTIDAD_MINIMA, ID_PRODUCTO, ID_ESTABLECIMIENTO)
    VALUES(95, '15/08/2024', 110, 130, 14, 4);
INSERT INTO STOCKS(ID_STOCK, FECHA, CANTIDAD, CANTIDAD_MINIMA, ID_PRODUCTO, ID_ESTABLECIMIENTO)
    VALUES(96, '20/08/2024', 140, 120, 14, 5);
INSERT INTO STOCKS(ID_STOCK, FECHA, CANTIDAD, CANTIDAD_MINIMA, ID_PRODUCTO, ID_ESTABLECIMIENTO)
    VALUES(97, '25/08/2024', 130, 140, 14, 6);
INSERT INTO STOCKS(ID_STOCK, FECHA, CANTIDAD, CANTIDAD_MINIMA, ID_PRODUCTO, ID_ESTABLECIMIENTO)
    VALUES(98, '30/08/2024', 150, 160, 14, 7);

INSERT INTO STOCKS(ID_STOCK, FECHA, CANTIDAD, CANTIDAD_MINIMA, ID_PRODUCTO, ID_ESTABLECIMIENTO)
    VALUES(99, '01/08/2024', 360, 340, 15, 1);
INSERT INTO STOCKS(ID_STOCK, FECHA, CANTIDAD, CANTIDAD_MINIMA, ID_PRODUCTO, ID_ESTABLECIMIENTO)
    VALUES(100, '05/08/2024', 340, 355, 15, 2);
INSERT INTO STOCKS(ID_STOCK, FECHA, CANTIDAD, CANTIDAD_MINIMA, ID_PRODUCTO, ID_ESTABLECIMIENTO)
    VALUES(101, '10/08/2024', 350, 345, 15, 3);
INSERT INTO STOCKS(ID_STOCK, FECHA, CANTIDAD, CANTIDAD_MINIMA, ID_PRODUCTO, ID_ESTABLECIMIENTO)
    VALUES(102, '15/08/2024', 345, 350, 15, 4);
INSERT INTO STOCKS(ID_STOCK, FECHA, CANTIDAD, CANTIDAD_MINIMA, ID_PRODUCTO, ID_ESTABLECIMIENTO)
    VALUES(103, '20/08/2024', 355, 340, 15, 5);
INSERT INTO STOCKS(ID_STOCK, FECHA, CANTIDAD, CANTIDAD_MINIMA, ID_PRODUCTO, ID_ESTABLECIMIENTO)
    VALUES(104, '25/08/2024', 370, 330, 15, 6);
INSERT INTO STOCKS(ID_STOCK, FECHA, CANTIDAD, CANTIDAD_MINIMA, ID_PRODUCTO, ID_ESTABLECIMIENTO)
    VALUES(105, '30/08/2024', 330, 360, 15, 7);

INSERT INTO STOCKS(ID_STOCK, FECHA, CANTIDAD, CANTIDAD_MINIMA, ID_PRODUCTO, ID_ESTABLECIMIENTO)
    VALUES(106, '01/08/2024', 10200, 9800, 16, 1);
INSERT INTO STOCKS(ID_STOCK, FECHA, CANTIDAD, CANTIDAD_MINIMA, ID_PRODUCTO, ID_ESTABLECIMIENTO)
    VALUES(107, '05/08/2024', 9800, 10000, 16, 2);
INSERT INTO STOCKS(ID_STOCK, FECHA, CANTIDAD, CANTIDAD_MINIMA, ID_PRODUCTO, ID_ESTABLECIMIENTO)
    VALUES(108, '10/08/2024', 10100, 9900, 16, 3);
INSERT INTO STOCKS(ID_STOCK, FECHA, CANTIDAD, CANTIDAD_MINIMA, ID_PRODUCTO, ID_ESTABLECIMIENTO)
    VALUES(109, '15/08/2024', 9900, 10200, 16, 4);
INSERT INTO STOCKS(ID_STOCK, FECHA, CANTIDAD, CANTIDAD_MINIMA, ID_PRODUCTO, ID_ESTABLECIMIENTO)
    VALUES(110, '20/08/2024', 10000, 9800, 16, 5);
INSERT INTO STOCKS(ID_STOCK, FECHA, CANTIDAD, CANTIDAD_MINIMA, ID_PRODUCTO, ID_ESTABLECIMIENTO)
    VALUES(111, '25/08/2024', 10300, 9700, 16, 6);
INSERT INTO STOCKS(ID_STOCK, FECHA, CANTIDAD, CANTIDAD_MINIMA, ID_PRODUCTO, ID_ESTABLECIMIENTO)
    VALUES(112, '30/08/2024', 9700, 10400, 16, 7);


--INVENTARIOS

INSERT INTO INVENTARIOS (ID_INVENTARIO, CANTIDAD, FECHA, ID_TIPO_MOV, ID_STOCK) VALUES
(1, 234, '01/08/2024', 3, 1);
INSERT INTO INVENTARIOS (ID_INVENTARIO, CANTIDAD, FECHA, ID_TIPO_MOV, ID_STOCK) VALUES
(2, 145, '02/08/2024', 5, 2);
INSERT INTO INVENTARIOS (ID_INVENTARIO, CANTIDAD, FECHA, ID_TIPO_MOV, ID_STOCK) VALUES
(3, 390, '03/08/2024', 1, 3);
INSERT INTO INVENTARIOS (ID_INVENTARIO, CANTIDAD, FECHA, ID_TIPO_MOV, ID_STOCK) VALUES
(4, 210, '04/08/2024', 4, 4);
INSERT INTO INVENTARIOS (ID_INVENTARIO, CANTIDAD, FECHA, ID_TIPO_MOV, ID_STOCK) VALUES
(5, 311, '05/08/2024', 2, 5);
INSERT INTO INVENTARIOS (ID_INVENTARIO, CANTIDAD, FECHA, ID_TIPO_MOV, ID_STOCK) VALUES
(6, 223, '06/08/2024', 7, 6);
INSERT INTO INVENTARIOS (ID_INVENTARIO, CANTIDAD, FECHA, ID_TIPO_MOV, ID_STOCK) VALUES
(7, 350, '07/08/2024', 6, 7);
INSERT INTO INVENTARIOS (ID_INVENTARIO, CANTIDAD, FECHA, ID_TIPO_MOV, ID_STOCK) VALUES
(8, 270, '08/08/2024', 3, 8);
INSERT INTO INVENTARIOS (ID_INVENTARIO, CANTIDAD, FECHA, ID_TIPO_MOV, ID_STOCK) VALUES
(9, 200, '09/08/2024', 1, 9);
INSERT INTO INVENTARIOS (ID_INVENTARIO, CANTIDAD, FECHA, ID_TIPO_MOV, ID_STOCK) VALUES
(10, 330, '10/08/2024', 5, 10);
INSERT INTO INVENTARIOS (ID_INVENTARIO, CANTIDAD, FECHA, ID_TIPO_MOV, ID_STOCK) VALUES
(11, 420, '11/08/2024', 2, 11);
INSERT INTO INVENTARIOS (ID_INVENTARIO, CANTIDAD, FECHA, ID_TIPO_MOV, ID_STOCK) VALUES
(12, 315, '12/08/2024', 4, 12);
INSERT INTO INVENTARIOS (ID_INVENTARIO, CANTIDAD, FECHA, ID_TIPO_MOV, ID_STOCK) VALUES
(13, 265, '13/08/2024', 6, 13);
INSERT INTO INVENTARIOS (ID_INVENTARIO, CANTIDAD, FECHA, ID_TIPO_MOV, ID_STOCK) VALUES
(14, 150, '14/08/2024', 7, 14);
INSERT INTO INVENTARIOS (ID_INVENTARIO, CANTIDAD, FECHA, ID_TIPO_MOV, ID_STOCK) VALUES
(15, 380, '15/08/2024', 3, 15);
INSERT INTO INVENTARIOS (ID_INVENTARIO, CANTIDAD, FECHA, ID_TIPO_MOV, ID_STOCK) VALUES
(16, 210, '16/08/2024', 1, 16);
INSERT INTO INVENTARIOS (ID_INVENTARIO, CANTIDAD, FECHA, ID_TIPO_MOV, ID_STOCK) VALUES
(17, 430, '17/08/2024', 5, 17);
INSERT INTO INVENTARIOS (ID_INVENTARIO, CANTIDAD, FECHA, ID_TIPO_MOV, ID_STOCK) VALUES
(18, 185, '18/08/2024', 2, 18);
INSERT INTO INVENTARIOS (ID_INVENTARIO, CANTIDAD, FECHA, ID_TIPO_MOV, ID_STOCK) VALUES
(19, 390, '19/08/2024', 4, 19);
INSERT INTO INVENTARIOS (ID_INVENTARIO, CANTIDAD, FECHA, ID_TIPO_MOV, ID_STOCK) VALUES
(20, 220, '20/08/2024', 7, 20);
INSERT INTO INVENTARIOS (ID_INVENTARIO, CANTIDAD, FECHA, ID_TIPO_MOV, ID_STOCK) VALUES
(21, 305, '21/08/2024', 6, 21)
INSERT INTO INVENTARIOS (ID_INVENTARIO, CANTIDAD, FECHA, ID_TIPO_MOV, ID_STOCK) VALUES
(22, 175, '22/08/2024', 3, 22)
INSERT INTO INVENTARIOS (ID_INVENTARIO, CANTIDAD, FECHA, ID_TIPO_MOV, ID_STOCK) VALUES
(23, 310, '23/08/2024', 1, 23)
INSERT INTO INVENTARIOS (ID_INVENTARIO, CANTIDAD, FECHA, ID_TIPO_MOV, ID_STOCK) VALUES
(24, 440, '24/08/2024', 5, 24)
INSERT INTO INVENTARIOS (ID_INVENTARIO, CANTIDAD, FECHA, ID_TIPO_MOV, ID_STOCK) VALUES
(25, 185, '25/08/2024', 2, 25)
INSERT INTO INVENTARIOS (ID_INVENTARIO, CANTIDAD, FECHA, ID_TIPO_MOV, ID_STOCK) VALUES
(26, 360, '26/08/2024', 4, 26)
INSERT INTO INVENTARIOS (ID_INVENTARIO, CANTIDAD, FECHA, ID_TIPO_MOV, ID_STOCK) VALUES
(27, 230, '27/08/2024', 6, 27)
INSERT INTO INVENTARIOS (ID_INVENTARIO, CANTIDAD, FECHA, ID_TIPO_MOV, ID_STOCK) VALUES
(28, 295, '28/08/2024', 7, 28)
INSERT INTO INVENTARIOS (ID_INVENTARIO, CANTIDAD, FECHA, ID_TIPO_MOV, ID_STOCK) VALUES
(29, 215, '29/08/2024', 3, 29)
INSERT INTO INVENTARIOS (ID_INVENTARIO, CANTIDAD, FECHA, ID_TIPO_MOV, ID_STOCK) VALUES
(30, 310, '30/08/2024', 1, 30)
INSERT INTO INVENTARIOS (ID_INVENTARIO, CANTIDAD, FECHA, ID_TIPO_MOV, ID_STOCK) VALUES
(31, 275, '31/08/2024', 5, 31)
INSERT INTO INVENTARIOS (ID_INVENTARIO, CANTIDAD, FECHA, ID_TIPO_MOV, ID_STOCK) VALUES
(32, 140, '01/08/2024', 2, 32)
INSERT INTO INVENTARIOS (ID_INVENTARIO, CANTIDAD, FECHA, ID_TIPO_MOV, ID_STOCK) VALUES
(33, 400, '02/08/2024', 4, 33)
INSERT INTO INVENTARIOS (ID_INVENTARIO, CANTIDAD, FECHA, ID_TIPO_MOV, ID_STOCK) VALUES
(34, 320, '03/08/2024', 6, 34)
INSERT INTO INVENTARIOS (ID_INVENTARIO, CANTIDAD, FECHA, ID_TIPO_MOV, ID_STOCK) VALUES
(35, 275, '04/08/2024', 7, 35)
INSERT INTO INVENTARIOS (ID_INVENTARIO, CANTIDAD, FECHA, ID_TIPO_MOV, ID_STOCK) VALUES
(36, 420, '05/08/2024', 3, 36)
INSERT INTO INVENTARIOS (ID_INVENTARIO, CANTIDAD, FECHA, ID_TIPO_MOV, ID_STOCK) VALUES
(37, 150, '06/08/2024', 1, 37)
INSERT INTO INVENTARIOS (ID_INVENTARIO, CANTIDAD, FECHA, ID_TIPO_MOV, ID_STOCK) VALUES
(38, 360, '07/08/2024', 5, 38)
INSERT INTO INVENTARIOS (ID_INVENTARIO, CANTIDAD, FECHA, ID_TIPO_MOV, ID_STOCK) VALUES
(39, 210, '08/08/2024', 2, 39)
INSERT INTO INVENTARIOS (ID_INVENTARIO, CANTIDAD, FECHA, ID_TIPO_MOV, ID_STOCK) VALUES
(40, 280, '09/08/2024', 4, 40)
INSERT INTO INVENTARIOS (ID_INVENTARIO, CANTIDAD, FECHA, ID_TIPO_MOV, ID_STOCK) VALUES
(41, 290, '10/08/2024', 6, 41)
INSERT INTO INVENTARIOS (ID_INVENTARIO, CANTIDAD, FECHA, ID_TIPO_MOV, ID_STOCK) VALUES
(42, 350, '11/08/2024', 7, 42)
INSERT INTO INVENTARIOS (ID_INVENTARIO, CANTIDAD, FECHA, ID_TIPO_MOV, ID_STOCK) VALUES
(43, 175, '12/08/2024', 3, 43)
INSERT INTO INVENTARIOS (ID_INVENTARIO, CANTIDAD, FECHA, ID_TIPO_MOV, ID_STOCK) VALUES
(44, 245, '13/08/2024', 1, 44)
INSERT INTO INVENTARIOS (ID_INVENTARIO, CANTIDAD, FECHA, ID_TIPO_MOV, ID_STOCK) VALUES
(45, 320, '14/08/2024', 5, 45)
INSERT INTO INVENTARIOS (ID_INVENTARIO, CANTIDAD, FECHA, ID_TIPO_MOV, ID_STOCK) VALUES
(46, 205, '15/08/2024', 2, 46)
INSERT INTO INVENTARIOS (ID_INVENTARIO, CANTIDAD, FECHA, ID_TIPO_MOV, ID_STOCK) VALUES
(47, 330, '16/08/2024', 4, 47)
INSERT INTO INVENTARIOS (ID_INVENTARIO, CANTIDAD, FECHA, ID_TIPO_MOV, ID_STOCK) VALUES
(48, 290, '17/08/2024', 6, 48)
INSERT INTO INVENTARIOS (ID_INVENTARIO, CANTIDAD, FECHA, ID_TIPO_MOV, ID_STOCK) VALUES
(49, 375, '18/08/2024', 7, 49)
INSERT INTO INVENTARIOS (ID_INVENTARIO, CANTIDAD, FECHA, ID_TIPO_MOV, ID_STOCK) VALUES
(50, 190, '19/08/2024', 3, 50)
INSERT INTO INVENTARIOS (ID_INVENTARIO, CANTIDAD, FECHA, ID_TIPO_MOV, ID_STOCK) VALUES
(51, 270, '20/08/2024', 1, 51)
INSERT INTO INVENTARIOS (ID_INVENTARIO, CANTIDAD, FECHA, ID_TIPO_MOV, ID_STOCK) VALUES
(52, 300, '21/08/2024', 5, 52)
INSERT INTO INVENTARIOS (ID_INVENTARIO, CANTIDAD, FECHA, ID_TIPO_MOV, ID_STOCK) VALUES
(53, 245, '22/08/2024', 2, 53)
INSERT INTO INVENTARIOS (ID_INVENTARIO, CANTIDAD, FECHA, ID_TIPO_MOV, ID_STOCK) VALUES
(54, 225, '23/08/2024', 4, 54)
INSERT INTO INVENTARIOS (ID_INVENTARIO, CANTIDAD, FECHA, ID_TIPO_MOV, ID_STOCK) VALUES
(55, 400, '24/08/2024', 6, 55)
INSERT INTO INVENTARIOS (ID_INVENTARIO, CANTIDAD, FECHA, ID_TIPO_MOV, ID_STOCK) VALUES
(56, 140, '25/08/2024', 7, 56)
INSERT INTO INVENTARIOS (ID_INVENTARIO, CANTIDAD, FECHA, ID_TIPO_MOV, ID_STOCK) VALUES
(57, 370, '26/08/2024', 3, 57)
INSERT INTO INVENTARIOS (ID_INVENTARIO, CANTIDAD, FECHA, ID_TIPO_MOV, ID_STOCK) VALUES
(58, 220, '27/08/2024', 1, 58)
INSERT INTO INVENTARIOS (ID_INVENTARIO, CANTIDAD, FECHA, ID_TIPO_MOV, ID_STOCK) VALUES
(59, 310, '28/08/2024', 5, 59)
INSERT INTO INVENTARIOS (ID_INVENTARIO, CANTIDAD, FECHA, ID_TIPO_MOV, ID_STOCK) VALUES
(60, 250, '29/08/2024', 2, 60)
INSERT INTO INVENTARIOS (ID_INVENTARIO, CANTIDAD, FECHA, ID_TIPO_MOV, ID_STOCK) VALUES
(61, 330, '30/08/2024', 4, 61)
INSERT INTO INVENTARIOS (ID_INVENTARIO, CANTIDAD, FECHA, ID_TIPO_MOV, ID_STOCK) VALUES
(62, 140, '31/08/2024', 6, 62)
INSERT INTO INVENTARIOS (ID_INVENTARIO, CANTIDAD, FECHA, ID_TIPO_MOV, ID_STOCK) VALUES
(63, 275, '01/08/2024', 7, 63)
INSERT INTO INVENTARIOS (ID_INVENTARIO, CANTIDAD, FECHA, ID_TIPO_MOV, ID_STOCK) VALUES
(64, 390, '02/08/2024', 3, 64)
INSERT INTO INVENTARIOS (ID_INVENTARIO, CANTIDAD, FECHA, ID_TIPO_MOV, ID_STOCK) VALUES
(65, 220, '03/08/2024', 1, 65)
INSERT INTO INVENTARIOS (ID_INVENTARIO, CANTIDAD, FECHA, ID_TIPO_MOV, ID_STOCK) VALUES
(66, 285, '04/08/2024', 5, 66)
INSERT INTO INVENTARIOS (ID_INVENTARIO, CANTIDAD, FECHA, ID_TIPO_MOV, ID_STOCK) VALUES
(67, 200, '05/08/2024', 2, 67)
INSERT INTO INVENTARIOS (ID_INVENTARIO, CANTIDAD, FECHA, ID_TIPO_MOV, ID_STOCK) VALUES
(68, 355, '06/08/2024', 4, 68)
INSERT INTO INVENTARIOS (ID_INVENTARIO, CANTIDAD, FECHA, ID_TIPO_MOV, ID_STOCK) VALUES
(69, 270, '07/08/2024', 6, 69)
INSERT INTO INVENTARIOS (ID_INVENTARIO, CANTIDAD, FECHA, ID_TIPO_MOV, ID_STOCK) VALUES
(70, 180, '08/08/2024', 7, 70)
INSERT INTO INVENTARIOS (ID_INVENTARIO, CANTIDAD, FECHA, ID_TIPO_MOV, ID_STOCK) VALUES
(71, 305, '09/08/2024', 3, 71)
INSERT INTO INVENTARIOS (ID_INVENTARIO, CANTIDAD, FECHA, ID_TIPO_MOV, ID_STOCK) VALUES
(72, 225, '10/08/2024', 1, 72)
INSERT INTO INVENTARIOS (ID_INVENTARIO, CANTIDAD, FECHA, ID_TIPO_MOV, ID_STOCK) VALUES
(73, 320, '11/08/2024', 5, 73)
INSERT INTO INVENTARIOS (ID_INVENTARIO, CANTIDAD, FECHA, ID_TIPO_MOV, ID_STOCK) VALUES
(74, 200, '12/08/2024', 2, 74)
INSERT INTO INVENTARIOS (ID_INVENTARIO, CANTIDAD, FECHA, ID_TIPO_MOV, ID_STOCK) VALUES
(75, 285, '13/08/2024', 4, 75)
INSERT INTO INVENTARIOS (ID_INVENTARIO, CANTIDAD, FECHA, ID_TIPO_MOV, ID_STOCK) VALUES
(76, 245, '14/08/2024', 6, 76)
INSERT INTO INVENTARIOS (ID_INVENTARIO, CANTIDAD, FECHA, ID_TIPO_MOV, ID_STOCK) VALUES
(77, 360, '15/08/2024', 7, 77)
INSERT INTO INVENTARIOS (ID_INVENTARIO, CANTIDAD, FECHA, ID_TIPO_MOV, ID_STOCK) VALUES
(78, 220, '16/08/2024', 3, 78)
INSERT INTO INVENTARIOS (ID_INVENTARIO, CANTIDAD, FECHA, ID_TIPO_MOV, ID_STOCK) VALUES
(79, 275, '17/08/2024', 1, 79)
INSERT INTO INVENTARIOS (ID_INVENTARIO, CANTIDAD, FECHA, ID_TIPO_MOV, ID_STOCK) VALUES
(80, 295, '18/08/2024', 5, 80)
INSERT INTO INVENTARIOS (ID_INVENTARIO, CANTIDAD, FECHA, ID_TIPO_MOV, ID_STOCK) VALUES
(81, 180, '19/08/2024', 2, 81)
INSERT INTO INVENTARIOS (ID_INVENTARIO, CANTIDAD, FECHA, ID_TIPO_MOV, ID_STOCK) VALUES
(82, 340, '20/08/2024', 4, 82)
INSERT INTO INVENTARIOS (ID_INVENTARIO, CANTIDAD, FECHA, ID_TIPO_MOV, ID_STOCK) VALUES
(83, 250, '21/08/2024', 6, 83)
INSERT INTO INVENTARIOS (ID_INVENTARIO, CANTIDAD, FECHA, ID_TIPO_MOV, ID_STOCK) VALUES
(84, 225, '22/08/2024', 7, 84)
INSERT INTO INVENTARIOS (ID_INVENTARIO, CANTIDAD, FECHA, ID_TIPO_MOV, ID_STOCK) VALUES
(85, 310, '23/08/2024', 3, 85)
INSERT INTO INVENTARIOS (ID_INVENTARIO, CANTIDAD, FECHA, ID_TIPO_MOV, ID_STOCK) VALUES
(86, 290, '24/08/2024', 1, 86)
INSERT INTO INVENTARIOS (ID_INVENTARIO, CANTIDAD, FECHA, ID_TIPO_MOV, ID_STOCK) VALUES
(87, 150, '25/08/2024', 5, 87)
INSERT INTO INVENTARIOS (ID_INVENTARIO, CANTIDAD, FECHA, ID_TIPO_MOV, ID_STOCK) VALUES
(88, 330, '26/08/2024', 2, 88)
INSERT INTO INVENTARIOS (ID_INVENTARIO, CANTIDAD, FECHA, ID_TIPO_MOV, ID_STOCK) VALUES
(89, 360, '27/08/2024', 4, 89)
INSERT INTO INVENTARIOS (ID_INVENTARIO, CANTIDAD, FECHA, ID_TIPO_MOV, ID_STOCK) VALUES
(90, 220, '28/08/2024', 6, 90)
INSERT INTO INVENTARIOS (ID_INVENTARIO, CANTIDAD, FECHA, ID_TIPO_MOV, ID_STOCK) VALUES
(91, 275, '29/08/2024', 7, 91)
INSERT INTO INVENTARIOS (ID_INVENTARIO, CANTIDAD, FECHA, ID_TIPO_MOV, ID_STOCK) VALUES
(92, 290, '30/08/2024', 3, 92)
INSERT INTO INVENTARIOS (ID_INVENTARIO, CANTIDAD, FECHA, ID_TIPO_MOV, ID_STOCK) VALUES
(93, 230, '31/08/2024', 1, 93)
INSERT INTO INVENTARIOS (ID_INVENTARIO, CANTIDAD, FECHA, ID_TIPO_MOV, ID_STOCK) VALUES
(94, 305, '01/08/2024', 5, 94)
INSERT INTO INVENTARIOS (ID_INVENTARIO, CANTIDAD, FECHA, ID_TIPO_MOV, ID_STOCK) VALUES
(95, 200, '02/08/2024', 2, 95)
INSERT INTO INVENTARIOS (ID_INVENTARIO, CANTIDAD, FECHA, ID_TIPO_MOV, ID_STOCK) VALUES
(96, 320, '03/08/2024', 4, 96)
INSERT INTO INVENTARIOS (ID_INVENTARIO, CANTIDAD, FECHA, ID_TIPO_MOV, ID_STOCK) VALUES
(97, 275, '04/08/2024', 6, 97)
INSERT INTO INVENTARIOS (ID_INVENTARIO, CANTIDAD, FECHA, ID_TIPO_MOV, ID_STOCK) VALUES
(98, 340, '05/08/2024', 7, 98)
INSERT INTO INVENTARIOS (ID_INVENTARIO, CANTIDAD, FECHA, ID_TIPO_MOV, ID_STOCK) VALUES
(99, 210, '06/08/2024', 3, 99)
INSERT INTO INVENTARIOS (ID_INVENTARIO, CANTIDAD, FECHA, ID_TIPO_MOV, ID_STOCK) VALUES
(100, 290, '07/08/2024', 1, 100)
INSERT INTO INVENTARIOS (ID_INVENTARIO, CANTIDAD, FECHA, ID_TIPO_MOV, ID_STOCK) VALUES
(101, 220, '08/08/2024', 5, 101)
INSERT INTO INVENTARIOS (ID_INVENTARIO, CANTIDAD, FECHA, ID_TIPO_MOV, ID_STOCK) VALUES
(102, 300, '09/08/2024', 2, 102)
INSERT INTO INVENTARIOS (ID_INVENTARIO, CANTIDAD, FECHA, ID_TIPO_MOV, ID_STOCK) VALUES
(103, 275, '10/08/2024', 4, 103)
INSERT INTO INVENTARIOS (ID_INVENTARIO, CANTIDAD, FECHA, ID_TIPO_MOV, ID_STOCK) VALUES
(104, 320, '11/08/2024', 6, 104)
INSERT INTO INVENTARIOS (ID_INVENTARIO, CANTIDAD, FECHA, ID_TIPO_MOV, ID_STOCK) VALUES
(105, 250, '12/08/2024', 7, 105)
INSERT INTO INVENTARIOS (ID_INVENTARIO, CANTIDAD, FECHA, ID_TIPO_MOV, ID_STOCK) VALUES
(106, 305, '13/08/2024', 3, 106)
INSERT INTO INVENTARIOS (ID_INVENTARIO, CANTIDAD, FECHA, ID_TIPO_MOV, ID_STOCK) VALUES
(107, 290, '14/08/2024', 1, 107)
INSERT INTO INVENTARIOS (ID_INVENTARIO, CANTIDAD, FECHA, ID_TIPO_MOV, ID_STOCK) VALUES
(108, 220, '15/08/2024', 5, 108)
INSERT INTO INVENTARIOS (ID_INVENTARIO, CANTIDAD, FECHA, ID_TIPO_MOV, ID_STOCK) VALUES
(109, 360, '16/08/2024', 2, 109)
INSERT INTO INVENTARIOS (ID_INVENTARIO, CANTIDAD, FECHA, ID_TIPO_MOV, ID_STOCK) VALUES
(110, 310, '17/08/2024', 4, 110)
INSERT INTO INVENTARIOS (ID_INVENTARIO, CANTIDAD, FECHA, ID_TIPO_MOV, ID_STOCK) VALUES
(111, 240, '18/08/2024', 6, 111)
INSERT INTO INVENTARIOS (ID_INVENTARIO, CANTIDAD, FECHA, ID_TIPO_MOV, ID_STOCK) VALUES
(112, 280, '19/08/2024', 7, 112)


--CARGOS

INSERT INTO CARGOS(ID_CARGO,CARGO) 
	VALUES(1,'Gerente de ventas');
INSERT INTO CARGOS(ID_CARGO,CARGO)
	VALUES(2,'Asistente de Ventas');
INSERT INTO CARGOS(ID_CARGO,CARGO)
	VALUES(3,'Supervisor de Ventas');
INSERT INTO CARGOS(ID_CARGO,CARGO)
	VALUES(4,'Asistente Administrativo');
INSERT INTO CARGOS(ID_CARGO,CARGO)
	VALUES(5,'Supervisor de Calidad');
INSERT INTO CARGOS(ID_CARGO,CARGO)
	VALUES(6,'Especialista en Marketing Farmacéutico');
INSERT INTO CARGOS(ID_CARGO,CARGO)
	VALUES(7,'Especialista en Farmacoeconomía');
INSERT INTO CARGOS(ID_CARGO,CARGO)
	VALUES(8,'Gerente de Logística');
INSERT INTO CARGOS(ID_CARGO,CARGO)
	VALUES(9,'Analista de Mercado Farmacéutico');


--PERSONAL_CARGOS_ESTABLECIMIENTOS

INSERT INTO PERSONAL_CARGOS_ESTABLECIMIENTOS(ID_PERSONAL_CARGOS_ESTABLECIMIENTOS,ID_PERSONAL,ID_CARGO,ID_ESTABLECIMIENTO) 
VALUES(1,1,1,1);

INSERT INTO PERSONAL_CARGOS_ESTABLECIMIENTOS(ID_PERSONAL_CARGOS_ESTABLECIMIENTOS,ID_PERSONAL,ID_CARGO,ID_ESTABLECIMIENTO) 
VALUES(2,2,2,2);

INSERT INTO PERSONAL_CARGOS_ESTABLECIMIENTOS(ID_PERSONAL_CARGOS_ESTABLECIMIENTOS,ID_PERSONAL,ID_CARGO,ID_ESTABLECIMIENTO) 
VALUES(3,3,3,3);

INSERT INTO PERSONAL_CARGOS_ESTABLECIMIENTOS(ID_PERSONAL_CARGOS_ESTABLECIMIENTOS,ID_PERSONAL,ID_CARGO,ID_ESTABLECIMIENTO) 
VALUES(4,4,4,4);

INSERT INTO PERSONAL_CARGOS_ESTABLECIMIENTOS(ID_PERSONAL_CARGOS_ESTABLECIMIENTOS,ID_PERSONAL,ID_CARGO,ID_ESTABLECIMIENTO) 
VALUES(5,5,5,5);

INSERT INTO PERSONAL_CARGOS_ESTABLECIMIENTOS(ID_PERSONAL_CARGOS_ESTABLECIMIENTOS,ID_PERSONAL,ID_CARGO,ID_ESTABLECIMIENTO) 
VALUES(6,6,6,6);

INSERT INTO PERSONAL_CARGOS_ESTABLECIMIENTOS(ID_PERSONAL_CARGOS_ESTABLECIMIENTOS,ID_PERSONAL,ID_CARGO,ID_ESTABLECIMIENTO) 
VALUES(7,7,7,7);

INSERT INTO PERSONAL_CARGOS_ESTABLECIMIENTOS(ID_PERSONAL_CARGOS_ESTABLECIMIENTOS,ID_PERSONAL,ID_CARGO,ID_ESTABLECIMIENTO) 
VALUES(8,8,8,1);

INSERT INTO PERSONAL_CARGOS_ESTABLECIMIENTOS(ID_PERSONAL_CARGOS_ESTABLECIMIENTOS,ID_PERSONAL,ID_CARGO,ID_ESTABLECIMIENTO) 
VALUES(9,9,9,2);

INSERT INTO PERSONAL_CARGOS_ESTABLECIMIENTOS(ID_PERSONAL_CARGOS_ESTABLECIMIENTOS,ID_PERSONAL,ID_CARGO,ID_ESTABLECIMIENTO) 
VALUES(10,10,1,3);

INSERT INTO PERSONAL_CARGOS_ESTABLECIMIENTOS(ID_PERSONAL_CARGOS_ESTABLECIMIENTOS,ID_PERSONAL,ID_CARGO,ID_ESTABLECIMIENTO) 
VALUES(11,1,2,4);

INSERT INTO PERSONAL_CARGOS_ESTABLECIMIENTOS(ID_PERSONAL_CARGOS_ESTABLECIMIENTOS,ID_PERSONAL,ID_CARGO,ID_ESTABLECIMIENTO) 
VALUES(12,2,3,5);

INSERT INTO PERSONAL_CARGOS_ESTABLECIMIENTOS(ID_PERSONAL_CARGOS_ESTABLECIMIENTOS,ID_PERSONAL,ID_CARGO,ID_ESTABLECIMIENTO) 
VALUES(13,3,4,6);

INSERT INTO PERSONAL_CARGOS_ESTABLECIMIENTOS(ID_PERSONAL_CARGOS_ESTABLECIMIENTOS,ID_PERSONAL,ID_CARGO,ID_ESTABLECIMIENTO) 
VALUES(14,4,5,7);

INSERT INTO PERSONAL_CARGOS_ESTABLECIMIENTOS(ID_PERSONAL_CARGOS_ESTABLECIMIENTOS,ID_PERSONAL,ID_CARGO,ID_ESTABLECIMIENTO) 
VALUES(15,5,6,1);

INSERT INTO PERSONAL_CARGOS_ESTABLECIMIENTOS(ID_PERSONAL_CARGOS_ESTABLECIMIENTOS,ID_PERSONAL,ID_CARGO,ID_ESTABLECIMIENTO) 
VALUES(16,6,7,2);

INSERT INTO PERSONAL_CARGOS_ESTABLECIMIENTOS(ID_PERSONAL_CARGOS_ESTABLECIMIENTOS,ID_PERSONAL,ID_CARGO,ID_ESTABLECIMIENTO) 
VALUES(17,7,8,3);

INSERT INTO PERSONAL_CARGOS_ESTABLECIMIENTOS(ID_PERSONAL_CARGOS_ESTABLECIMIENTOS,ID_PERSONAL,ID_CARGO,ID_ESTABLECIMIENTO) 
VALUES(18,8,9,7);

INSERT INTO PERSONAL_CARGOS_ESTABLECIMIENTOS(ID_PERSONAL_CARGOS_ESTABLECIMIENTOS,ID_PERSONAL,ID_CARGO,ID_ESTABLECIMIENTO) 
VALUES(19,9,1,5);

INSERT INTO PERSONAL_CARGOS_ESTABLECIMIENTOS(ID_PERSONAL_CARGOS_ESTABLECIMIENTOS,ID_PERSONAL,ID_CARGO,ID_ESTABLECIMIENTO) 
VALUES(20,10,8,6);




-- SEGUNDA ENTREGAAAAAAAAAAAAAAA





--   PEDIDOS

INSERT INTO PEDIDOS(ID_PEDIDO,ID_PERSONAL_CARGOS_ESTABLECIMIENTOS,ID_LOGISTICA,FECHA)
	VALUES (20,7,'25982761252','12-08-2024');


--   DETALLES_PEDIDOS
	
INSERT INTO DETALLES_PEDIDOS(ID_DETALLE_PEDIDO,ID_PEDIDO,ID_MEDICAMENTO_OBRA_SOCIAL,ID_PROVEEDOR,ID_PRODUCTO,CANTIDAD)
	VALUES (20,20,NULL,2,7,1000);
INSERT INTO DETALLES_PEDIDOS(ID_DETALLE_PEDIDO,ID_PEDIDO,ID_MEDICAMENTO_OBRA_SOCIAL,ID_PROVEEDOR,ID_PRODUCTO,CANTIDAD)
	VALUES (21,20,NULL,2,10,500);
INSERT INTO DETALLES_PEDIDOS(ID_DETALLE_PEDIDO,ID_PEDIDO,ID_MEDICAMENTO_OBRA_SOCIAL,ID_PROVEEDOR,ID_PRODUCTO,CANTIDAD)
	VALUES (22,20,NULL,2,6,1000);


--   COTIZACIONES

INSERT INTO COTIZACIONES(ID_COTIZACION,ID_PERSONAL_CARGOS_ESTABLECIMIENTOS,ID_LOGISTICA,FECHA)
	VALUES (20,7,'22198273651','13-08-2024');


--   DETALLES_COTIZACIONES
	
INSERT INTO DETALLES_COTIZACION(ID_DETALLE_COTIZACION,ID_COTIZACION,ID_MEDICAMENTO_OBRA_SOCIAL,ID_PROVEEDOR,ID_PRODUCTO,CANTIDAD)
	VALUES (20,20,NULL,2,7,1000);
INSERT INTO DETALLES_COTIZACION(ID_DETALLE_COTIZACION,ID_COTIZACION,ID_MEDICAMENTO_OBRA_SOCIAL,ID_PROVEEDOR,ID_PRODUCTO,CANTIDAD)
	VALUES (21,20,NULL,2,10,500);
INSERT INTO DETALLES_COTIZACION(ID_DETALLE_COTIZACION,ID_COTIZACION,ID_MEDICAMENTO_OBRA_SOCIAL,ID_PROVEEDOR,ID_PRODUCTO,CANTIDAD)
	VALUES (22,20,NULL,2,6,1000);


--   INVENTARIOS DE COTIZACIONES
	
INSERT INTO INVENTARIOS(ID_INVENTARIO,CANTIDAD,FECHA,ID_TIPO_MOV,ID_STOCK)
	VALUES (20,1000,'16-08-2024',1,46);
INSERT INTO INVENTARIOS(ID_INVENTARIO,CANTIDAD,FECHA,ID_TIPO_MOV,ID_STOCK)
	VALUES (21,500,'16-08-2024',1,67);
INSERT INTO INVENTARIOS(ID_INVENTARIO,CANTIDAD,FECHA,ID_TIPO_MOV,ID_STOCK)
	VALUES (22,1000,'16-08-2024',1,39);


--   FACTURAS

INSERT INTO FACTURAS(ID_FACTURA,ID_CLIENTE,ID_PERSONAL_CARGOS_ESTABLECIMIENTOS,FECHA)
	VALUES (50,5,3,'11-08-2024');


--   FACTURAS_TIPOS_PAGOS
	
INSERT INTO FACTURAS_TIPOS_PAGOS (ID_FACTURA_TIPO_PAGO,ID_FACTURA,ID_TIPO_PAGO,PORCENTAJE_PAGO,ES_CUOTAS,CANTIDAD_CUOTAS)
	VALUES(70,50,4,60,1,3);
INSERT INTO FACTURAS_TIPOS_PAGOS (ID_FACTURA_TIPO_PAGO,ID_FACTURA,ID_TIPO_PAGO,PORCENTAJE_PAGO,ES_CUOTAS,CANTIDAD_CUOTAS)
	VALUES(71,50,6,40,0,0);


--   DISPENSACIONES
	
INSERT INTO DISPENSACIONES(ID_DISPENSACION,ID_FACTURA,ID_MEDICAMENTO_OBRA_SOCIAL,ID_PRODUCTO,DESCUENTO_PRODUCTO,PRECIO_UNITARIO,CANTIDAD,MATRICULA,CODIGO_VALIDACION)
	VALUES (40,50,19,NULL,NULL,5204.16,2,'WE234MN','G7pLq9kRzW1mXvB2jA5t');
INSERT INTO DISPENSACIONES(ID_DISPENSACION,ID_FACTURA,ID_MEDICAMENTO_OBRA_SOCIAL,ID_PRODUCTO,DESCUENTO_PRODUCTO,PRECIO_UNITARIO,CANTIDAD,MATRICULA,CODIGO_VALIDACION)
	VALUES (41,50,NULL,11,NULL,10500,3,NULL,NULL);
INSERT INTO DISPENSACIONES(ID_DISPENSACION,ID_FACTURA,ID_MEDICAMENTO_OBRA_SOCIAL,ID_PRODUCTO,DESCUENTO_PRODUCTO,PRECIO_UNITARIO,CANTIDAD,MATRICULA,CODIGO_VALIDACION)
	VALUES (42,50,NULL,13,0.10,9000,5,NULL,NULL);


--    INVENTARIOS DE DISPENSACIONES
	
INSERT INTO INVENTARIOS(ID_INVENTARIO,CANTIDAD,FECHA,ID_TIPO_MOV,ID_STOCK)
	VALUES (23,2,'11-08-2024',2,80);
INSERT INTO INVENTARIOS(ID_INVENTARIO,CANTIDAD,FECHA,ID_TIPO_MOV,ID_STOCK)
	VALUES (24,3,'11-08-2024',2,73);
INSERT INTO INVENTARIOS(ID_INVENTARIO,CANTIDAD,FECHA,ID_TIPO_MOV,ID_STOCK)
	VALUES (25,5,'11-08-2024',2,87);

