--ESTABLECIMIENTOS

INSERT INTO ESTABLECIMIENTOS (ID_ESTABLECIMIENTO,NOMBRE,CALLE,NUMERO,ID_BARRIO)
	VALUES(1,'Marbe S.A.','Humberto 1', 555, 2);

INSERT INTO ESTABLECIMIENTOS (ID_ESTABLECIMIENTO,NOMBRE,CALLE,NUMERO,ID_BARRIO)
	VALUES(2,'Finadiet','Fray Mamerto Esquiú', 68, 1);

INSERT INTO ESTABLECIMIENTOS (ID_ESTABLECIMIENTO,NOMBRE,CALLE,NUMERO,ID_BARRIO)
	VALUES(3,'Lazar','Arturo Illia Boulevard', 300, 3);

INSERT INTO ESTABLECIMIENTOS (ID_ESTABLECIMIENTO,NOMBRE,CALLE,NUMERO,ID_BARRIO)
	VALUES(4,'Dispromed','Octavio Pinto', 2433, 4);

INSERT INTO ESTABLECIMIENTOS (ID_ESTABLECIMIENTO,NOMBRE,CALLE,NUMERO,ID_BARRIO)
	VALUES(5,'Cofarsur','Juan Rodríguez', 1419, 5);

INSERT INTO ESTABLECIMIENTOS (ID_ESTABLECIMIENTO,NOMBRE,CALLE,NUMERO,ID_BARRIO)
	VALUES(6,'Luar','Hualfin', 359, 6);

INSERT INTO ESTABLECIMIENTOS (ID_ESTABLECIMIENTO,NOMBRE,CALLE,NUMERO,ID_BARRIO)
	VALUES(7,'Nueva Villa S.R.L.','Congreso', 5476, 7);

--CONTACTOS
INSERT INTO CONTACTOS(ID_TIPO_CONTACTO,ID_ESTABLECIMIENTO,CONTACTO)
	VALUES(2,1,'4371244');
	
INSERT INTO CONTACTOS(ID_TIPO_CONTACTO,ID_ESTABLECIMIENTO,CONTACTO)
	VALUES(1,2,'3517123874');
	
INSERT INTO CONTACTOS(ID_TIPO_CONTACTO,ID_ESTABLECIMIENTO,CONTACTO)
	VALUES(3,3,'TuFarmaceutica@gmail.com');
	
INSERT INTO CONTACTOS(ID_TIPO_CONTACTO,ID_ESTABLECIMIENTO,CONTACTO)
	VALUES(1,4,'351540038');
	
INSERT INTO CONTACTOS(ID_TIPO_CONTACTO,ID_ESTABLECIMIENTO,CONTACTO)
	VALUES(2,5,'4248940');
	
INSERT INTO CONTACTOS(ID_TIPO_CONTACTO,ID_ESTABLECIMIENTO,CONTACTO)
	VALUES(3,6,'MedicamentosYa@gmail.com');

INSERT INTO CONTACTOS(ID_TIPO_CONTACTO,ID_ESTABLECIMIENTO,CONTACTO)
	VALUES(1,7,'3511100234');


--STOCK

INSERT INTO STOCKS(ID_STOCK,FECHA,CANTIDAD,CANTIDAD_MINIMA,ID_PRODUCTO,ID_ESTABLECIMIENTO)
	   VALUES(1,'22/08/2024',1500,1250,1,1);
INSERT INTO STOCKS(ID_STOCK,FECHA,CANTIDAD,CANTIDAD_MINIMA,ID_PRODUCTO,ID_ESTABLECIMIENTO)
	   VALUES(2,'20/08/2024',1000,1500,1,2);
INSERT INTO STOCKS(ID_STOCK,FECHA,CANTIDAD,CANTIDAD_MINIMA,ID_PRODUCTO,ID_ESTABLECIMIENTO)
	   VALUES(3,'21/08/2024',800,1000,1,3);
INSERT INTO STOCKS(ID_STOCK,FECHA,CANTIDAD,CANTIDAD_MINIMA,ID_PRODUCTO,ID_ESTABLECIMIENTO)
	   VALUES(4,'15/08/2024',2530,1100,1,4);
INSERT INTO STOCKS(ID_STOCK,FECHA,CANTIDAD,CANTIDAD_MINIMA,ID_PRODUCTO,ID_ESTABLECIMIENTO)
	   VALUES(5,'29/08/2024',2530,1520,1,5);
INSERT INTO STOCKS(ID_STOCK,FECHA,CANTIDAD,CANTIDAD_MINIMA,ID_PRODUCTO,ID_ESTABLECIMIENTO)
	   VALUES(6,'02/08/2024',120,2150,1,6);
INSERT INTO STOCKS(ID_STOCK,FECHA,CANTIDAD,CANTIDAD_MINIMA,ID_PRODUCTO,ID_ESTABLECIMIENTO)
	   VALUES(7,'23/08/2024',7000,1950,1,7);


INSERT INTO STOCKS(ID_STOCK,FECHA,CANTIDAD,CANTIDAD_MINIMA,ID_PRODUCTO,ID_ESTABLECIMIENTO)
	   VALUES(8	,'21/08/2024',1200,800,2,1);
INSERT INTO STOCKS(ID_STOCK,FECHA,CANTIDAD,CANTIDAD_MINIMA,ID_PRODUCTO,ID_ESTABLECIMIENTO)
	   VALUES(9	,'29/08/2024',900,850,2,2);
INSERT INTO STOCKS(ID_STOCK,FECHA,CANTIDAD,CANTIDAD_MINIMA,ID_PRODUCTO,ID_ESTABLECIMIENTO)
	   VALUES(10 ,'22/08/2024',300,900,2,3);
INSERT INTO STOCKS(ID_STOCK,FECHA,CANTIDAD,CANTIDAD_MINIMA,ID_PRODUCTO,ID_ESTABLECIMIENTO)
	   VALUES(11 ,'26/08/2024',550,850,2,4);
INSERT INTO STOCKS(ID_STOCK,FECHA,CANTIDAD,CANTIDAD_MINIMA,ID_PRODUCTO,ID_ESTABLECIMIENTO)
	   VALUES(12,'17/08/2024',500,770,2,5);
INSERT INTO STOCKS(ID_STOCK,FECHA,CANTIDAD,CANTIDAD_MINIMA,ID_PRODUCTO,ID_ESTABLECIMIENTO)
	   VALUES(13,'29/08/2024',810,850,2,6);
INSERT INTO STOCKS(ID_STOCK,FECHA,CANTIDAD,CANTIDAD_MINIMA,ID_PRODUCTO,ID_ESTABLECIMIENTO)
	   VALUES(14,'19/08/2024',50,1000,2,7);


INSERT INTO STOCKS(ID_STOCK,FECHA,CANTIDAD,CANTIDAD_MINIMA,ID_PRODUCTO,ID_ESTABLECIMIENTO)
	   VALUES(15,'10/08/2024',3000,2000,3,1);
INSERT INTO STOCKS(ID_STOCK,FECHA,CANTIDAD,CANTIDAD_MINIMA,ID_PRODUCTO,ID_ESTABLECIMIENTO)
	   VALUES(16,'22/08/2024',2250,2150,3,2);
INSERT INTO STOCKS(ID_STOCK,FECHA,CANTIDAD,CANTIDAD_MINIMA,ID_PRODUCTO,ID_ESTABLECIMIENTO)
	   VALUES(17,'29/08/2024',5000,1500,3,3);
INSERT INTO STOCKS(ID_STOCK,FECHA,CANTIDAD,CANTIDAD_MINIMA,ID_PRODUCTO,ID_ESTABLECIMIENTO)
	   VALUES(18,'20/08/2024',5420,2500,3,4);
INSERT INTO STOCKS(ID_STOCK,FECHA,CANTIDAD,CANTIDAD_MINIMA,ID_PRODUCTO,ID_ESTABLECIMIENTO)
	   VALUES(19,'15/08/2024',250,3000,3,5);
INSERT INTO STOCKS(ID_STOCK,FECHA,CANTIDAD,CANTIDAD_MINIMA,ID_PRODUCTO,ID_ESTABLECIMIENTO)
	   VALUES(20,'11/08/2024',3000,1800,3,6);
INSERT INTO STOCKS(ID_STOCK,FECHA,CANTIDAD,CANTIDAD_MINIMA,ID_PRODUCTO,ID_ESTABLECIMIENTO)
	   VALUES(21,'10/08/2024',2222,1900,3,7);


INSERT INTO STOCKS(ID_STOCK,FECHA,CANTIDAD,CANTIDAD_MINIMA,ID_PRODUCTO,ID_ESTABLECIMIENTO)
	   VALUES(22,'08/08/2024',500,300,4,1);
INSERT INTO STOCKS(ID_STOCK,FECHA,CANTIDAD,CANTIDAD_MINIMA,ID_PRODUCTO,ID_ESTABLECIMIENTO)
	   VALUES(23,'01/08/2024',252,250,4,2);
INSERT INTO STOCKS(ID_STOCK,FECHA,CANTIDAD,CANTIDAD_MINIMA,ID_PRODUCTO,ID_ESTABLECIMIENTO)
	   VALUES(24,'10/08/2024',322,350,4,3);
INSERT INTO STOCKS(ID_STOCK,FECHA,CANTIDAD,CANTIDAD_MINIMA,ID_PRODUCTO,ID_ESTABLECIMIENTO)
	   VALUES(25,'12/08/2024',500,400,4,4);
INSERT INTO STOCKS(ID_STOCK,FECHA,CANTIDAD,CANTIDAD_MINIMA,ID_PRODUCTO,ID_ESTABLECIMIENTO)
	   VALUES(26,'17/08/2024',200,300,4,5);
INSERT INTO STOCKS(ID_STOCK,FECHA,CANTIDAD,CANTIDAD_MINIMA,ID_PRODUCTO,ID_ESTABLECIMIENTO)
	   VALUES(27,'19/08/2024',380,150,4,6);
INSERT INTO STOCKS(ID_STOCK,FECHA,CANTIDAD,CANTIDAD_MINIMA,ID_PRODUCTO,ID_ESTABLECIMIENTO)
	   VALUES(28,'20/08/2024',250,320,4,7);

	   
INSERT INTO STOCKS(ID_STOCK,FECHA,CANTIDAD,CANTIDAD_MINIMA,ID_PRODUCTO,ID_ESTABLECIMIENTO)
	   VALUES(29,'25/08/2024',2500,3200,5,1);
INSERT INTO STOCKS(ID_STOCK, FECHA, CANTIDAD, CANTIDAD_MINIMA, ID_PRODUCTO, ID_ESTABLECIMIENTO)
    VALUES(30, '01/08/2024', 2290, 2500, 5, 1);
INSERT INTO STOCKS(ID_STOCK, FECHA, CANTIDAD, CANTIDAD_MINIMA, ID_PRODUCTO, ID_ESTABLECIMIENTO)
    VALUES(31, '05/08/2024', 2510, 2520, 5, 2);
INSERT INTO STOCKS(ID_STOCK, FECHA, CANTIDAD, CANTIDAD_MINIMA, ID_PRODUCTO, ID_ESTABLECIMIENTO)
    VALUES(32, '10/08/2024', 2530, 2540, 5, 3);
INSERT INTO STOCKS(ID_STOCK, FECHA, CANTIDAD, CANTIDAD_MINIMA, ID_PRODUCTO, ID_ESTABLECIMIENTO)
    VALUES(33, '15/08/2024', 2550, 2560, 5, 4);
INSERT INTO STOCKS(ID_STOCK, FECHA, CANTIDAD, CANTIDAD_MINIMA, ID_PRODUCTO, ID_ESTABLECIMIENTO)
    VALUES(34, '20/08/2024', 2570, 2580, 5, 5);
INSERT INTO STOCKS(ID_STOCK, FECHA, CANTIDAD, CANTIDAD_MINIMA, ID_PRODUCTO, ID_ESTABLECIMIENTO)
    VALUES(35, '25/08/2024', 2590, 2600, 5, 6);

INSERT INTO STOCKS(ID_STOCK, FECHA, CANTIDAD, CANTIDAD_MINIMA, ID_PRODUCTO, ID_ESTABLECIMIENTO)
    VALUES(35, '01/08/2024', 4950, 5400, 6, 1);
INSERT INTO STOCKS(ID_STOCK, FECHA, CANTIDAD, CANTIDAD_MINIMA, ID_PRODUCTO, ID_ESTABLECIMIENTO)
    VALUES(36, '05/08/2024', 4970, 5420, 6, 2);
INSERT INTO STOCKS(ID_STOCK, FECHA, CANTIDAD, CANTIDAD_MINIMA, ID_PRODUCTO, ID_ESTABLECIMIENTO)
    VALUES(37, '10/08/2024', 4990, 5440, 6, 3);
INSERT INTO STOCKS(ID_STOCK, FECHA, CANTIDAD, CANTIDAD_MINIMA, ID_PRODUCTO, ID_ESTABLECIMIENTO)
    VALUES(38, '15/08/2024', 5010, 5460, 6, 4);
INSERT INTO STOCKS(ID_STOCK, FECHA, CANTIDAD, CANTIDAD_MINIMA, ID_PRODUCTO, ID_ESTABLECIMIENTO)
    VALUES(39, '20/08/2024', 5030, 5480, 6, 5);
INSERT INTO STOCKS(ID_STOCK, FECHA, CANTIDAD, CANTIDAD_MINIMA, ID_PRODUCTO, ID_ESTABLECIMIENTO)
    VALUES(40, '25/08/2024', 5050, 5500, 6, 6);
INSERT INTO STOCKS(ID_STOCK, FECHA, CANTIDAD, CANTIDAD_MINIMA, ID_PRODUCTO, ID_ESTABLECIMIENTO)
    VALUES(41, '30/08/2024', 5070, 5520, 6, 7);

INSERT INTO STOCKS(ID_STOCK, FECHA, CANTIDAD, CANTIDAD_MINIMA, ID_PRODUCTO, ID_ESTABLECIMIENTO)
    VALUES(42, '01/08/2024', 950, 1400, 7, 1);
INSERT INTO STOCKS(ID_STOCK, FECHA, CANTIDAD, CANTIDAD_MINIMA, ID_PRODUCTO, ID_ESTABLECIMIENTO)
    VALUES(43, '05/08/2024', 960, 1450, 7, 2);
INSERT INTO STOCKS(ID_STOCK, FECHA, CANTIDAD, CANTIDAD_MINIMA, ID_PRODUCTO, ID_ESTABLECIMIENTO)
    VALUES(44, '10/08/2024', 970, 1500, 7, 3);
INSERT INTO STOCKS(ID_STOCK, FECHA, CANTIDAD, CANTIDAD_MINIMA, ID_PRODUCTO, ID_ESTABLECIMIENTO)
    VALUES(45, '15/08/2024', 980, 1550, 7, 4);
INSERT INTO STOCKS(ID_STOCK, FECHA, CANTIDAD, CANTIDAD_MINIMA, ID_PRODUCTO, ID_ESTABLECIMIENTO)
    VALUES(46, '20/08/2024', 990, 1600, 7, 5);
INSERT INTO STOCKS(ID_STOCK, FECHA, CANTIDAD, CANTIDAD_MINIMA, ID_PRODUCTO, ID_ESTABLECIMIENTO)
    VALUES(47, '25/08/2024', 1000, 1650, 7, 6);
INSERT INTO STOCKS(ID_STOCK, FECHA, CANTIDAD, CANTIDAD_MINIMA, ID_PRODUCTO, ID_ESTABLECIMIENTO)
    VALUES(48, '30/08/2024', 1010, 1700, 7, 7);

INSERT INTO STOCKS(ID_STOCK, FECHA, CANTIDAD, CANTIDAD_MINIMA, ID_PRODUCTO, ID_ESTABLECIMIENTO)
    VALUES(49, '01/08/2024', 280, 320, 8, 1);
INSERT INTO STOCKS(ID_STOCK, FECHA, CANTIDAD, CANTIDAD_MINIMA, ID_PRODUCTO, ID_ESTABLECIMIENTO)
    VALUES(50, '05/08/2024', 290, 330, 8, 2);
INSERT INTO STOCKS(ID_STOCK, FECHA, CANTIDAD, CANTIDAD_MINIMA, ID_PRODUCTO, ID_ESTABLECIMIENTO)
    VALUES(51, '10/08/2024', 295, 340, 8, 3);
INSERT INTO STOCKS(ID_STOCK, FECHA, CANTIDAD, CANTIDAD_MINIMA, ID_PRODUCTO, ID_ESTABLECIMIENTO)
    VALUES(52, '15/08/2024', 300, 350, 8, 4);
INSERT INTO STOCKS(ID_STOCK, FECHA, CANTIDAD, CANTIDAD_MINIMA, ID_PRODUCTO, ID_ESTABLECIMIENTO)
    VALUES(53, '20/08/2024', 305, 360, 8, 5);
INSERT INTO STOCKS(ID_STOCK, FECHA, CANTIDAD, CANTIDAD_MINIMA, ID_PRODUCTO, ID_ESTABLECIMIENTO)
    VALUES(54, '25/08/2024', 310, 370, 8, 6);
INSERT INTO STOCKS(ID_STOCK, FECHA, CANTIDAD, CANTIDAD_MINIMA, ID_PRODUCTO, ID_ESTABLECIMIENTO)
    VALUES(55, '30/08/2024', 315, 380, 8, 7);

INSERT INTO STOCKS(ID_STOCK, FECHA, CANTIDAD, CANTIDAD_MINIMA, ID_PRODUCTO, ID_ESTABLECIMIENTO)
    VALUES(56, '01/08/2024', 220, 200, 9, 1);
INSERT INTO STOCKS(ID_STOCK, FECHA, CANTIDAD, CANTIDAD_MINIMA, ID_PRODUCTO, ID_ESTABLECIMIENTO)
    VALUES(57, '05/08/2024', 225, 205, 9, 2);
INSERT INTO STOCKS(ID_STOCK, FECHA, CANTIDAD, CANTIDAD_MINIMA, ID_PRODUCTO, ID_ESTABLECIMIENTO)
    VALUES(58, '10/08/2024', 230, 210, 9, 3);
INSERT INTO STOCKS(ID_STOCK, FECHA, CANTIDAD, CANTIDAD_MINIMA, ID_PRODUCTO, ID_ESTABLECIMIENTO)
    VALUES(59, '15/08/2024', 235, 215, 9, 4);
INSERT INTO STOCKS(ID_STOCK, FECHA, CANTIDAD, CANTIDAD_MINIMA, ID_PRODUCTO, ID_ESTABLECIMIENTO)
    VALUES(60, '20/08/2024', 240, 220, 9, 5);
INSERT INTO STOCKS(ID_STOCK, FECHA, CANTIDAD, CANTIDAD_MINIMA, ID_PRODUCTO, ID_ESTABLECIMIENTO)
    VALUES(61, '25/08/2024', 245, 225, 9, 6);
INSERT INTO STOCKS(ID_STOCK, FECHA, CANTIDAD, CANTIDAD_MINIMA, ID_PRODUCTO, ID_ESTABLECIMIENTO)
    VALUES(62, '30/08/2024', 250, 230, 9, 7);

INSERT INTO STOCKS(ID_STOCK, FECHA, CANTIDAD, CANTIDAD_MINIMA, ID_PRODUCTO, ID_ESTABLECIMIENTO)
    VALUES(63, '01/08/2024', 2550, 2400, 10, 1);
INSERT INTO STOCKS(ID_STOCK, FECHA, CANTIDAD, CANTIDAD_MINIMA, ID_PRODUCTO, ID_ESTABLECIMIENTO)
    VALUES(64, '05/08/2024', 2600, 2450, 10, 2);
INSERT INTO STOCKS(ID_STOCK, FECHA, CANTIDAD, CANTIDAD_MINIMA, ID_PRODUCTO, ID_ESTABLECIMIENTO)
    VALUES(65, '10/08/2024', 2500, 2500, 10, 3);
INSERT INTO STOCKS(ID_STOCK, FECHA, CANTIDAD, CANTIDAD_MINIMA, ID_PRODUCTO, ID_ESTABLECIMIENTO)
    VALUES(66, '15/08/2024', 2450, 2550, 10, 4);
INSERT INTO STOCKS(ID_STOCK, FECHA, CANTIDAD, CANTIDAD_MINIMA, ID_PRODUCTO, ID_ESTABLECIMIENTO)
    VALUES(67, '20/08/2024', 2520, 2480, 10, 5);
INSERT INTO STOCKS(ID_STOCK, FECHA, CANTIDAD, CANTIDAD_MINIMA, ID_PRODUCTO, ID_ESTABLECIMIENTO)
    VALUES(68, '25/08/2024', 2570, 2500, 10, 6);
INSERT INTO STOCKS(ID_STOCK, FECHA, CANTIDAD, CANTIDAD_MINIMA, ID_PRODUCTO, ID_ESTABLECIMIENTO)
    VALUES(69, '30/08/2024', 2620, 2550, 10, 7);

INSERT INTO STOCKS(ID_STOCK, FECHA, CANTIDAD, CANTIDAD_MINIMA, ID_PRODUCTO, ID_ESTABLECIMIENTO)
    VALUES(70, '01/08/2024', 7100, 6900, 11, 1);
INSERT INTO STOCKS(ID_STOCK, FECHA, CANTIDAD, CANTIDAD_MINIMA, ID_PRODUCTO, ID_ESTABLECIMIENTO)
    VALUES(71, '05/08/2024', 7200, 6800, 11, 2);
INSERT INTO STOCKS(ID_STOCK, FECHA, CANTIDAD, CANTIDAD_MINIMA, ID_PRODUCTO, ID_ESTABLECIMIENTO)
    VALUES(72, '10/08/2024', 7300, 7000, 11, 3);
INSERT INTO STOCKS(ID_STOCK, FECHA, CANTIDAD, CANTIDAD_MINIMA, ID_PRODUCTO, ID_ESTABLECIMIENTO)
    VALUES(73, '15/08/2024', 7400, 7100, 11, 4);
INSERT INTO STOCKS(ID_STOCK, FECHA, CANTIDAD, CANTIDAD_MINIMA, ID_PRODUCTO, ID_ESTABLECIMIENTO)
    VALUES(74, '20/08/2024', 7500, 7200, 11, 5);
INSERT INTO STOCKS(ID_STOCK, FECHA, CANTIDAD, CANTIDAD_MINIMA, ID_PRODUCTO, ID_ESTABLECIMIENTO)
    VALUES(75, '25/08/2024', 7600, 7300, 11, 6);
INSERT INTO STOCKS(ID_STOCK, FECHA, CANTIDAD, CANTIDAD_MINIMA, ID_PRODUCTO, ID_ESTABLECIMIENTO)
    VALUES(76, '30/08/2024', 7700, 7400, 11, 7);

INSERT INTO STOCKS(ID_STOCK, FECHA, CANTIDAD, CANTIDAD_MINIMA, ID_PRODUCTO, ID_ESTABLECIMIENTO)
    VALUES(77, '01/08/2024', 210, 190, 12, 1);
INSERT INTO STOCKS(ID_STOCK, FECHA, CANTIDAD, CANTIDAD_MINIMA, ID_PRODUCTO, ID_ESTABLECIMIENTO)
    VALUES(78, '05/08/2024', 220, 180, 12, 2);
INSERT INTO STOCKS(ID_STOCK, FECHA, CANTIDAD, CANTIDAD_MINIMA, ID_PRODUCTO, ID_ESTABLECIMIENTO)
    VALUES(79, '10/08/2024', 230, 190, 12, 3);
INSERT INTO STOCKS(ID_STOCK, FECHA, CANTIDAD, CANTIDAD_MINIMA, ID_PRODUCTO, ID_ESTABLECIMIENTO)
    VALUES(80, '15/08/2024', 240, 200, 12, 4);
INSERT INTO STOCKS(ID_STOCK, FECHA, CANTIDAD, CANTIDAD_MINIMA, ID_PRODUCTO, ID_ESTABLECIMIENTO)
    VALUES(81, '20/08/2024', 250, 210, 12, 5);
INSERT INTO STOCKS(ID_STOCK, FECHA, CANTIDAD, CANTIDAD_MINIMA, ID_PRODUCTO, ID_ESTABLECIMIENTO)
    VALUES(82, '25/08/2024', 260, 220, 12, 6);
INSERT INTO STOCKS(ID_STOCK, FECHA, CANTIDAD, CANTIDAD_MINIMA, ID_PRODUCTO, ID_ESTABLECIMIENTO)
    VALUES(83, '30/08/2024', 270, 230, 12, 7);

INSERT INTO STOCKS(ID_STOCK, FECHA, CANTIDAD, CANTIDAD_MINIMA, ID_PRODUCTO, ID_ESTABLECIMIENTO)
    VALUES(84, '01/08/2024', 5100, 4900, 13, 1);
INSERT INTO STOCKS(ID_STOCK, FECHA, CANTIDAD, CANTIDAD_MINIMA, ID_PRODUCTO, ID_ESTABLECIMIENTO)
    VALUES(85, '05/08/2024', 5050, 4950, 13, 2);
INSERT INTO STOCKS(ID_STOCK, FECHA, CANTIDAD, CANTIDAD_MINIMA, ID_PRODUCTO, ID_ESTABLECIMIENTO)
    VALUES(86, '10/08/2024', 4900, 5000, 13, 3);
INSERT INTO STOCKS(ID_STOCK, FECHA, CANTIDAD, CANTIDAD_MINIMA, ID_PRODUCTO, ID_ESTABLECIMIENTO)
    VALUES(87, '15/08/2024', 5200, 5150, 13, 4);
INSERT INTO STOCKS(ID_STOCK, FECHA, CANTIDAD, CANTIDAD_MINIMA, ID_PRODUCTO, ID_ESTABLECIMIENTO)
    VALUES(88, '20/08/2024', 5300, 5250, 13, 5);
INSERT INTO STOCKS(ID_STOCK, FECHA, CANTIDAD, CANTIDAD_MINIMA, ID_PRODUCTO, ID_ESTABLECIMIENTO)
    VALUES(89, '25/08/2024', 5450, 5350, 13, 6);
INSERT INTO STOCKS(ID_STOCK, FECHA, CANTIDAD, CANTIDAD_MINIMA, ID_PRODUCTO, ID_ESTABLECIMIENTO)
    VALUES(90, '30/08/2024', 5500, 5600, 13, 7);
INSERT INTO STOCKS(ID_STOCK, FECHA, CANTIDAD, CANTIDAD_MINIMA, ID_PRODUCTO, ID_ESTABLECIMIENTO)
    VALUES(98, '01/08/2024', 110, 90, 14, 1);

INSERT INTO STOCKS(ID_STOCK, FECHA, CANTIDAD, CANTIDAD_MINIMA, ID_PRODUCTO, ID_ESTABLECIMIENTO)
    VALUES(99, '05/08/2024', 95, 105, 14, 2);
INSERT INTO STOCKS(ID_STOCK, FECHA, CANTIDAD, CANTIDAD_MINIMA, ID_PRODUCTO, ID_ESTABLECIMIENTO)
    VALUES(100, '10/08/2024', 120, 110, 14, 3);
INSERT INTO STOCKS(ID_STOCK, FECHA, CANTIDAD, CANTIDAD_MINIMA, ID_PRODUCTO, ID_ESTABLECIMIENTO)
    VALUES(101, '15/08/2024', 110, 130, 14, 4);
INSERT INTO STOCKS(ID_STOCK, FECHA, CANTIDAD, CANTIDAD_MINIMA, ID_PRODUCTO, ID_ESTABLECIMIENTO)
    VALUES(102, '20/08/2024', 140, 120, 14, 5);
INSERT INTO STOCKS(ID_STOCK, FECHA, CANTIDAD, CANTIDAD_MINIMA, ID_PRODUCTO, ID_ESTABLECIMIENTO)
    VALUES(103, '25/08/2024', 130, 140, 14, 6);
INSERT INTO STOCKS(ID_STOCK, FECHA, CANTIDAD, CANTIDAD_MINIMA, ID_PRODUCTO, ID_ESTABLECIMIENTO)
    VALUES(104, '30/08/2024', 150, 160, 14, 7);

INSERT INTO STOCKS(ID_STOCK, FECHA, CANTIDAD, CANTIDAD_MINIMA, ID_PRODUCTO, ID_ESTABLECIMIENTO)
    VALUES(105, '01/08/2024', 360, 340, 15, 1);
INSERT INTO STOCKS(ID_STOCK, FECHA, CANTIDAD, CANTIDAD_MINIMA, ID_PRODUCTO, ID_ESTABLECIMIENTO)
    VALUES(106, '05/08/2024', 340, 355, 15, 2);
INSERT INTO STOCKS(ID_STOCK, FECHA, CANTIDAD, CANTIDAD_MINIMA, ID_PRODUCTO, ID_ESTABLECIMIENTO)
    VALUES(107, '10/08/2024', 350, 345, 15, 3);
INSERT INTO STOCKS(ID_STOCK, FECHA, CANTIDAD, CANTIDAD_MINIMA, ID_PRODUCTO, ID_ESTABLECIMIENTO)
    VALUES(108, '15/08/2024', 345, 350, 15, 4);
INSERT INTO STOCKS(ID_STOCK, FECHA, CANTIDAD, CANTIDAD_MINIMA, ID_PRODUCTO, ID_ESTABLECIMIENTO)
    VALUES(109, '20/08/2024', 355, 340, 15, 5);
INSERT INTO STOCKS(ID_STOCK, FECHA, CANTIDAD, CANTIDAD_MINIMA, ID_PRODUCTO, ID_ESTABLECIMIENTO)
    VALUES(110, '25/08/2024', 370, 330, 15, 6);
INSERT INTO STOCKS(ID_STOCK, FECHA, CANTIDAD, CANTIDAD_MINIMA, ID_PRODUCTO, ID_ESTABLECIMIENTO)
    VALUES(111, '30/08/2024', 330, 360, 15, 7);

INSERT INTO STOCKS(ID_STOCK, FECHA, CANTIDAD, CANTIDAD_MINIMA, ID_PRODUCTO, ID_ESTABLECIMIENTO)
    VALUES(112, '01/08/2024', 10200, 9800, 16, 1);
INSERT INTO STOCKS(ID_STOCK, FECHA, CANTIDAD, CANTIDAD_MINIMA, ID_PRODUCTO, ID_ESTABLECIMIENTO)
    VALUES(113, '05/08/2024', 9800, 10000, 16, 2);
INSERT INTO STOCKS(ID_STOCK, FECHA, CANTIDAD, CANTIDAD_MINIMA, ID_PRODUCTO, ID_ESTABLECIMIENTO)
    VALUES(114, '10/08/2024', 10100, 9900, 16, 3);
INSERT INTO STOCKS(ID_STOCK, FECHA, CANTIDAD, CANTIDAD_MINIMA, ID_PRODUCTO, ID_ESTABLECIMIENTO)
    VALUES(115, '15/08/2024', 9900, 10200, 16, 4);
INSERT INTO STOCKS(ID_STOCK, FECHA, CANTIDAD, CANTIDAD_MINIMA, ID_PRODUCTO, ID_ESTABLECIMIENTO)
    VALUES(116, '20/08/2024', 10000, 9800, 16, 5);
INSERT INTO STOCKS(ID_STOCK, FECHA, CANTIDAD, CANTIDAD_MINIMA, ID_PRODUCTO, ID_ESTABLECIMIENTO)
    VALUES(117, '25/08/2024', 10300, 9700, 16, 6);
INSERT INTO STOCKS(ID_STOCK, FECHA, CANTIDAD, CANTIDAD_MINIMA, ID_PRODUCTO, ID_ESTABLECIMIENTO)
    VALUES(118, '30/08/2024', 9700, 10400, 16, 7);
