---
---- ESPECIALIDADES

INSERT INTO ESPECIALIDADES(ID_TIPO_ESPECIALIDAD, ESPECIALIDAD)
			VALUES(1, 'Kinesiología Motora');
INSERT INTO ESPECIALIDADES(ID_TIPO_ESPECIALIDAD, ESPECIALIDAD)
			VALUES(2, 'Kinesiología Respiratoria');
INSERT INTO ESPECIALIDADES(ID_TIPO_ESPECIALIDAD, ESPECIALIDAD)
			VALUES(3, 'Médico clínico');
INSERT INTO ESPECIALIDADES(ID_TIPO_ESPECIALIDAD, ESPECIALIDAD)
			VALUES(4, 'Cardiología');
INSERT INTO ESPECIALIDADES(ID_TIPO_ESPECIALIDAD, ESPECIALIDAD)
			VALUES(5, 'Otorrinolaringología');
INSERT INTO ESPECIALIDADES(ID_TIPO_ESPECIALIDAD, ESPECIALIDAD)
			VALUES(6, 'Pediatría');
INSERT INTO ESPECIALIDADES(ID_TIPO_ESPECIALIDAD, ESPECIALIDAD)
			VALUES(7, 'Dermatología');
INSERT INTO ESPECIALIDADES(ID_TIPO_ESPECIALIDAD, ESPECIALIDAD)
			VALUES(8, 'Neurología');
INSERT INTO ESPECIALIDADES(ID_TIPO_ESPECIALIDAD, ESPECIALIDAD)
			VALUES(9, 'Endocrinología');
INSERT INTO ESPECIALIDADES(ID_TIPO_ESPECIALIDAD, ESPECIALIDAD)
			VALUES(10, 'Ginecología');
INSERT INTO ESPECIALIDADES(ID_TIPO_ESPECIALIDAD, ESPECIALIDAD)
			VALUES(11, 'Oftalmología');
INSERT INTO ESPECIALIDADES(ID_TIPO_ESPECIALIDAD, ESPECIALIDAD)
			VALUES(12, 'Psiquiatría');

---
---- MEDICOS
INSERT INTO MEDICOS (MATRICULA, NOMBRE, APELLIDO, ID_TIPO_ESPECIALIDAD)
			VALUES('19882fc', 'Santiago', 'Caffera', 3);
INSERT INTO MEDICOS (MATRICULA, NOMBRE, APELLIDO, ID_TIPO_ESPECIALIDAD)
			VALUES('82893YYT', 'Mariana', 'Gonzalez', 2);
INSERT INTO MEDICOS (MATRICULA, NOMBRE, APELLIDO, ID_TIPO_ESPECIALIDAD)
			VALUES('1982A1c', 'Eduardo', 'Lopez', 4);
INSERT INTO MEDICOS (MATRICULA, NOMBRE, APELLIDO, ID_TIPO_ESPECIALIDAD)
			VALUES('AASD122', 'Leonardo', 'Rodriguez', 1);
INSERT INTO MEDICOS (MATRICULA, NOMBRE, APELLIDO, ID_TIPO_ESPECIALIDAD)
			VALUES('QQW4431', 'Bianca', 'Martínez', 5);
INSERT INTO MEDICOS (MATRICULA, NOMBRE, APELLIDO, ID_TIPO_ESPECIALIDAD)
			VALUES('9876AJU', 'Laura', 'Medina', 6);
INSERT INTO MEDICOS (MATRICULA, NOMBRE, APELLIDO, ID_TIPO_ESPECIALIDAD)
			VALUES('AB123CD', 'Marcela', 'Domínguez', 7);
INSERT INTO MEDICOS (MATRICULA, NOMBRE, APELLIDO, ID_TIPO_ESPECIALIDAD)
			VALUES('XY987ZY', 'Carlos', 'Pérez', 8);
INSERT INTO MEDICOS (MATRICULA, NOMBRE, APELLIDO, ID_TIPO_ESPECIALIDAD)
			VALUES('RT456YU', 'Alicia', 'Figueroa', 9);
INSERT INTO MEDICOS (MATRICULA, NOMBRE, APELLIDO, ID_TIPO_ESPECIALIDAD)
			VALUES('LK321OP', 'Valeria', 'Ortiz', 10);
INSERT INTO MEDICOS (MATRICULA, NOMBRE, APELLIDO, ID_TIPO_ESPECIALIDAD)
			VALUES('MN654QW', 'Roberto', 'Mendoza', 11);
INSERT INTO MEDICOS (MATRICULA, NOMBRE, APELLIDO, ID_TIPO_ESPECIALIDAD)
			VALUES('ZX987CV', 'Gabriela', 'Torres', 12);
INSERT INTO MEDICOS (MATRICULA, NOMBRE, APELLIDO, ID_TIPO_ESPECIALIDAD)
			VALUES('HJ234LK', 'Matías', 'Fernández', 1);  
INSERT INTO MEDICOS (MATRICULA, NOMBRE, APELLIDO, ID_TIPO_ESPECIALIDAD)
			VALUES('UY567OP', 'Nadia', 'Ramírez', 2); 
INSERT INTO MEDICOS (MATRICULA, NOMBRE, APELLIDO, ID_TIPO_ESPECIALIDAD)
			VALUES('DF789RT', 'Joaquín', 'Gómez', 3);  
INSERT INTO MEDICOS (MATRICULA, NOMBRE, APELLIDO, ID_TIPO_ESPECIALIDAD)
			VALUES('GH123CV', 'Estefanía', 'Herrera', 4);  
INSERT INTO MEDICOS (MATRICULA, NOMBRE, APELLIDO, ID_TIPO_ESPECIALIDAD)
			VALUES('LO456UI', 'Sofía', 'Mendoza', 5);  
INSERT INTO MEDICOS (MATRICULA, NOMBRE, APELLIDO, ID_TIPO_ESPECIALIDAD)
			VALUES('JK789ZX', 'Ignacio', 'Sosa', 6);  
INSERT INTO MEDICOS (MATRICULA, NOMBRE, APELLIDO, ID_TIPO_ESPECIALIDAD)
			VALUES('WE234MN', 'Florencia', 'Silva', 7);  
INSERT INTO MEDICOS (MATRICULA, NOMBRE, APELLIDO, ID_TIPO_ESPECIALIDAD)
			VALUES('QP123AS', 'Tomás', 'Ibarra', 8);  
INSERT INTO MEDICOS (MATRICULA, NOMBRE, APELLIDO, ID_TIPO_ESPECIALIDAD)
			VALUES('ZX567FG', 'Carolina', 'Vega', 9);  
INSERT INTO MEDICOS (MATRICULA, NOMBRE, APELLIDO, ID_TIPO_ESPECIALIDAD)
			VALUES('AS987TY', 'Lucas', 'Navarro', 10);  


---
---- COBERTURAS

INSERT INTO TIPOS_COBERTURAS(ID_TIPO_COBERTURA, ID_OBRA_SOCIAL, DESCRIPCION)
			VALUES(1, 1, 'Smg30')
INSERT INTO TIPOS_COBERTURAS(ID_TIPO_COBERTURA, ID_OBRA_SOCIAL, DESCRIPCION)
			VALUES(2, 1, 'Smg50')
INSERT INTO TIPOS_COBERTURAS(ID_TIPO_COBERTURA, ID_OBRA_SOCIAL, DESCRIPCION)
			VALUES(3, 1, 'Smg70')
INSERT INTO TIPOS_COBERTURAS(ID_TIPO_COBERTURA, ID_OBRA_SOCIAL, DESCRIPCION)
			VALUES(4, 1, 'Smg90')
INSERT INTO TIPOS_COBERTURAS(ID_TIPO_COBERTURA, ID_OBRA_SOCIAL, DESCRIPCION)
			VALUES(5, 2, 'OSTACC 3.0')
INSERT INTO TIPOS_COBERTURAS(ID_TIPO_COBERTURA, ID_OBRA_SOCIAL, DESCRIPCION)
			VALUES(6, 2, 'OSTACC 310')
INSERT INTO TIPOS_COBERTURAS(ID_TIPO_COBERTURA, ID_OBRA_SOCIAL, DESCRIPCION)
			VALUES(7, 2, 'OSTACC 320')

INSERT INTO TIPOS_COBERTURAS(ID_TIPO_COBERTURA, ID_OBRA_SOCIAL, DESCRIPCION)
			VALUES(8, 7, 'PAMI')
INSERT INTO TIPOS_COBERTURAS(ID_TIPO_COBERTURA, ID_OBRA_SOCIAL, DESCRIPCION)
			VALUES(9, 5, '210')
INSERT INTO TIPOS_COBERTURAS(ID_TIPO_COBERTURA, ID_OBRA_SOCIAL, DESCRIPCION)
			VALUES(10, 5, '310')
INSERT INTO TIPOS_COBERTURAS(ID_TIPO_COBERTURA, ID_OBRA_SOCIAL, DESCRIPCION)
			VALUES(11, 5, '410')
INSERT INTO TIPOS_COBERTURAS(ID_TIPO_COBERTURA, ID_OBRA_SOCIAL, DESCRIPCION)
			VALUES(12,3,'MEDIFÉ+')
INSERT INTO TIPOS_COBERTURAS(ID_TIPO_COBERTURA, ID_OBRA_SOCIAL, DESCRIPCION)
			VALUES(13,3,'BRONCE')
INSERT INTO TIPOS_COBERTURAS(ID_TIPO_COBERTURA, ID_OBRA_SOCIAL, DESCRIPCION)
			VALUES(14,3,'PLATA')
INSERT INTO TIPOS_COBERTURAS(ID_TIPO_COBERTURA, ID_OBRA_SOCIAL, DESCRIPCION)
			VALUES(15,3,'ORO')
INSERT INTO TIPOS_COBERTURAS(ID_TIPO_COBERTURA, ID_OBRA_SOCIAL, DESCRIPCION)
			VALUES(16,6,'DASPU')
INSERT INTO TIPOS_COBERTURAS(ID_TIPO_COBERTURA, ID_OBRA_SOCIAL, DESCRIPCION)
			VALUES(17,4,'SANCOR 100')
INSERT INTO TIPOS_COBERTURAS(ID_TIPO_COBERTURA, ID_OBRA_SOCIAL, DESCRIPCION)
			VALUES(18,4,'SANCOR 200')
INSERT INTO TIPOS_COBERTURAS(ID_TIPO_COBERTURA, ID_OBRA_SOCIAL, DESCRIPCION)
			VALUES(19,4,'SANCOR 300')

---
---- EMPRESAS LOGISTICAS
INSERT INTO EMPRESA_LOGISTICA(CUIT, NOMBRE_EMPRESA, CALLE, NUMERO, ID_BARRIO)
			VALUES('29172635541', 'Log-In Farma', 'Ing. Eifel', 4180, 60);
INSERT INTO EMPRESA_LOGISTICA(CUIT, NOMBRE_EMPRESA, CALLE, NUMERO, ID_BARRIO)
			VALUES('22198273651', 'DT Logística', 'Portela', 2331, 65);
INSERT INTO EMPRESA_LOGISTICA(CUIT, NOMBRE_EMPRESA, CALLE, NUMERO, ID_BARRIO)
			VALUES('25982761252', 'Caddy', 'Reconquista', 4986, 70);

---
---- CONTACTOS LOGISTICAS

INSERT INTO CONTACTOS (ID_TIPO_CONTACTO, ID_PERSONAL, ID_PROVEEDOR,ID_LOGISTICA, ID_ESTABLECIMIENTO, ID_CLIENTE, CONTACTO)
VALUES (1, NULL,NULL,'29172635541',NULL,NULL,'+54 1128230307');

INSERT INTO CONTACTOS (ID_TIPO_CONTACTO, ID_PERSONAL, ID_PROVEEDOR,ID_LOGISTICA, ID_ESTABLECIMIENTO, ID_CLIENTE, CONTACTO)
VALUES (3, NULL,NULL,'29172635541',NULL,NULL,'nfo@log-in.com.ar');

INSERT INTO CONTACTOS (ID_TIPO_CONTACTO, ID_PERSONAL, ID_PROVEEDOR,ID_LOGISTICA, ID_ESTABLECIMIENTO, ID_CLIENTE, CONTACTO)
VALUES (1, NULL,NULL,'22198273651',NULL,NULL,'+54 11 4849 2310');

INSERT INTO CONTACTOS (ID_TIPO_CONTACTO, ID_PERSONAL, ID_PROVEEDOR,ID_LOGISTICA, ID_ESTABLECIMIENTO, ID_CLIENTE, CONTACTO)
VALUES (3, NULL,NULL,'22198273651',NULL,NULL,'comercial@dtlogistica.com.ar');

INSERT INTO CONTACTOS (ID_TIPO_CONTACTO, ID_PERSONAL, ID_PROVEEDOR,ID_LOGISTICA, ID_ESTABLECIMIENTO, ID_CLIENTE, CONTACTO)
VALUES (1, NULL,NULL,'25982761252',NULL,NULL,'+54 (351) 5578320');

INSERT INTO CONTACTOS (ID_TIPO_CONTACTO, ID_PERSONAL, ID_PROVEEDOR,ID_LOGISTICA, ID_ESTABLECIMIENTO, ID_CLIENTE, CONTACTO)
VALUES (3, NULL,NULL,'25982761252',NULL,NULL,'hola@caddy.com.ar');


