--NACHO
--PRESENTACIONES
INSERT INTO PRESENTACIONES (ID_PRESENTACION, PRESENTACION)
					 VALUES(1, 'Polvo');
INSERT INTO PRESENTACIONES (ID_PRESENTACION, PRESENTACION)
					 VALUES(2, 'Comprimidos');
INSERT INTO PRESENTACIONES (ID_PRESENTACION, PRESENTACION)
					 VALUES(3, 'Cápsulas');
INSERT INTO PRESENTACIONES (ID_PRESENTACION, PRESENTACION)
					 VALUES(4, 'Jarabe');
INSERT INTO PRESENTACIONES (ID_PRESENTACION, PRESENTACION)
					 VALUES(5, 'Suspensión');
INSERT INTO PRESENTACIONES (ID_PRESENTACION, PRESENTACION)
					 VALUES(6, 'Inyectable');
INSERT INTO PRESENTACIONES (ID_PRESENTACION, PRESENTACION)
					 VALUES(7, 'Pomada');
INSERT INTO PRESENTACIONES (ID_PRESENTACION, PRESENTACION)
					 VALUES(8, 'Gel');
INSERT INTO PRESENTACIONES (ID_PRESENTACION, PRESENTACION)
					 VALUES(9, 'Pasta');
INSERT INTO PRESENTACIONES (ID_PRESENTACION, PRESENTACION)
					 VALUES(10, 'Parche');
INSERT INTO PRESENTACIONES (ID_PRESENTACION, PRESENTACION)
					 VALUES(11, 'Implante');
INSERT INTO PRESENTACIONES (ID_PRESENTACION, PRESENTACION)
					 VALUES(12, 'Inhalador');
INSERT INTO PRESENTACIONES (ID_PRESENTACION, PRESENTACION)
					 VALUES(13, 'Nebulizador');
INSERT INTO PRESENTACIONES (ID_PRESENTACION, PRESENTACION)
					 VALUES(14, 'Pomada');
INSERT INTO PRESENTACIONES (ID_PRESENTACION, PRESENTACION)
					 VALUES(15, 'Gotas');
--VIAS_ADMINISTRACION
INSERT INTO VIAS_ADMINISTRACION (ID_VIA, VIA)
						  VALUES(1, 'Oral');
INSERT INTO VIAS_ADMINISTRACION (ID_VIA, VIA)
					      VALUES(2, 'Intravascular');
INSERT INTO VIAS_ADMINISTRACION (ID_VIA, VIA)
					      VALUES(3, 'Extravascular');
INSERT INTO VIAS_ADMINISTRACION (ID_VIA, VIA)
					      VALUES(4, 'Tópica');
INSERT INTO VIAS_ADMINISTRACION (ID_VIA, VIA)
					      VALUES(5, 'Subcutánea');
INSERT INTO VIAS_ADMINISTRACION (ID_VIA, VIA)
					      VALUES(6, 'Inhalatoria');
INSERT INTO VIAS_ADMINISTRACION (ID_VIA, VIA)
					      VALUES(7, 'Oftálmica');
INSERT INTO VIAS_ADMINISTRACION (ID_VIA, VIA)
					      VALUES(8, 'Ótica');
--PRESENTACIONES_VIAS
INSERT INTO PRESENTACIONES_VIAS (ID_PRESENTACION_VIA, ID_PRESENTACION, ID_VIA)
					      VALUES(1, 1, 1);
INSERT INTO PRESENTACIONES_VIAS (ID_PRESENTACION_VIA, ID_PRESENTACION, ID_VIA)
					      VALUES(2, 2, 1);
INSERT INTO PRESENTACIONES_VIAS (ID_PRESENTACION_VIA, ID_PRESENTACION, ID_VIA)
					      VALUES(3, 3, 1);
INSERT INTO PRESENTACIONES_VIAS (ID_PRESENTACION_VIA, ID_PRESENTACION, ID_VIA)
					      VALUES(4, 4, 1);
INSERT INTO PRESENTACIONES_VIAS (ID_PRESENTACION_VIA, ID_PRESENTACION, ID_VIA)
					      VALUES(5, 5, 1);
INSERT INTO PRESENTACIONES_VIAS (ID_PRESENTACION_VIA, ID_PRESENTACION, ID_VIA)
					      VALUES(6, 6, 2);
INSERT INTO PRESENTACIONES_VIAS (ID_PRESENTACION_VIA, ID_PRESENTACION, ID_VIA)
					      VALUES(7, 6, 3);
INSERT INTO PRESENTACIONES_VIAS (ID_PRESENTACION_VIA, ID_PRESENTACION, ID_VIA)
					      VALUES(8, 7, 4);
INSERT INTO PRESENTACIONES_VIAS (ID_PRESENTACION_VIA, ID_PRESENTACION, ID_VIA)
					      VALUES(9, 8, 4);
INSERT INTO PRESENTACIONES_VIAS (ID_PRESENTACION_VIA, ID_PRESENTACION, ID_VIA)
					      VALUES(10, 9, 4);
INSERT INTO PRESENTACIONES_VIAS (ID_PRESENTACION_VIA, ID_PRESENTACION, ID_VIA)
					      VALUES(11, 10, 5);
INSERT INTO PRESENTACIONES_VIAS (ID_PRESENTACION_VIA, ID_PRESENTACION, ID_VIA)
					      VALUES(12, 11, 5);
INSERT INTO PRESENTACIONES_VIAS (ID_PRESENTACION_VIA, ID_PRESENTACION, ID_VIA)
					      VALUES(13, 12, 6);
INSERT INTO PRESENTACIONES_VIAS (ID_PRESENTACION_VIA, ID_PRESENTACION, ID_VIA)
					      VALUES(14, 13, 6);
INSERT INTO PRESENTACIONES_VIAS (ID_PRESENTACION_VIA, ID_PRESENTACION, ID_VIA)
					      VALUES(15, 14, 7);	
INSERT INTO PRESENTACIONES_VIAS (ID_PRESENTACION_VIA, ID_PRESENTACION, ID_VIA)
					      VALUES(16, 15, 8);
--PROVEEDORES
INSERT INTO PROVEEDORES (ID_PROVEEDOR, RAZON_SOCIAL, CUIT, CALLE, NUMERO, ID_BARRIO, ACTIVO)
VALUES (1, 'Distribuidora Farmacéutica Pacífica S.A.', '20123159789', 'Av. Rivadavia', '1934', 5, 1);
INSERT INTO PROVEEDORES (ID_PROVEEDOR, RAZON_SOCIAL, CUIT, CALLE, NUMERO, ID_BARRIO, ACTIVO)
VALUES (2, 'Alberdi Farma S.R.L.', '21234349897', 'Alvear', '578', 10, 1);
INSERT INTO PROVEEDORES (ID_PROVEEDOR, RAZON_SOCIAL, CUIT, CALLE, NUMERO, ID_BARRIO, ACTIVO)
VALUES (3, 'La San Martín S.A.', '20345371901', 'Av. San Martín', '9101', 15, 1);
INSERT INTO PROVEEDORES (ID_PROVEEDOR, RAZON_SOCIAL, CUIT, CALLE, NUMERO, ID_BARRIO, ACTIVO)
VALUES (4, 'Tecnofarm SRL', '21456789012', 'Mitre', '25', 20, 1);
INSERT INTO PROVEEDORES (ID_PROVEEDOR, RAZON_SOCIAL, CUIT, CALLE, NUMERO, ID_BARRIO, ACTIVO)
VALUES (5, 'Industria Tucumán S.A.', '20567890123', 'Av. Tucumán', '6789', 25, 1);
INSERT INTO PROVEEDORES (ID_PROVEEDOR, RAZON_SOCIAL, CUIT, CALLE, NUMERO, ID_BARRIO, ACTIVO)
VALUES (6, 'Drogueria de Buenos Aires S.R.L.', '21678901234', 'Jujuy', '3456', 55, 1);
INSERT INTO PROVEEDORES (ID_PROVEEDOR, RAZON_SOCIAL, CUIT, CALLE, NUMERO, ID_BARRIO, ACTIVO)
VALUES (7, 'Logística Mendocina S.A.', '20789012345', 'Av. Mendoza', '7890', 30, 1);
INSERT INTO PROVEEDORES (ID_PROVEEDOR, RAZON_SOCIAL, CUIT, CALLE, NUMERO, ID_BARRIO, ACTIVO)
VALUES (8, 'Comercial Patagonia SRL', '21890123456', 'Oruro', '124', 40, 1);
INSERT INTO PROVEEDORES (ID_PROVEEDOR, RAZON_SOCIAL, CUIT, CALLE, NUMERO, ID_BARRIO, ACTIVO)
VALUES(9, 'Pellegrini SA', '20342158797', 'La Revolución', '1810', 50, 1);
INSERT INTO PROVEEDORES (ID_PROVEEDOR, RAZON_SOCIAL, CUIT, CALLE, NUMERO, ID_BARRIO, ACTIVO)
VALUES(10, 'FarmaEnvios SRL', '25245879698', 'Daniel Melero', '6967', 30, 1);




-- MARCAS

INSERT INTO MARCAS (ID_MARCA, NOMBRE_MARCA)
    VALUES (1, 'Nestlé');

INSERT INTO MARCAS (ID_MARCA, NOMBRE_MARCA)
    VALUES (2, 'Nivea');

INSERT INTO MARCAS (ID_MARCA, NOMBRE_MARCA)
    VALUES (3, 'Dove');

INSERT INTO MARCAS (ID_MARCA, NOMBRE_MARCA)
    VALUES (4, 'Philips');

INSERT INTO MARCAS (ID_MARCA, NOMBRE_MARCA)
    VALUES (5, 'Colgate');

INSERT INTO MARCAS (ID_MARCA, NOMBRE_MARCA)
    VALUES (6, 'Pampers');

INSERT INTO MARCAS (ID_MARCA, NOMBRE_MARCA)
    VALUES (7, 'WireLand');

INSERT INTO MARCAS (ID_MARCA, NOMBRE_MARCA)
    VALUES (8, 'Silfab');

INSERT INTO MARCAS (ID_MARCA, NOMBRE_MARCA)
    VALUES (9, 'Samsung');

INSERT INTO MARCAS (ID_MARCA, NOMBRE_MARCA)
    VALUES (10, 'PepsiCo');

INSERT INTO MARCAS (ID_MARCA, NOMBRE_MARCA)
    VALUES (11, 'Johnson & Johnson');

INSERT INTO MARCAS (ID_MARCA, NOMBRE_MARCA)
    VALUES (12, 'LG');

INSERT INTO MARCAS (ID_MARCA, NOMBRE_MARCA)
    VALUES (13, 'Huggies');

INSERT INTO MARCAS (ID_MARCA, NOMBRE_MARCA)
    VALUES (14, 'Sony');

INSERT INTO MARCAS (ID_MARCA, NOMBRE_MARCA)
    VALUES (15, 'Apple');

INSERT INTO MARCAS (ID_MARCA, NOMBRE_MARCA) VALUES(16,'AMOXICILINA 500')
INSERT INTO MARCAS (ID_MARCA, NOMBRE_MARCA) VALUES(17,'AMOXICILINA 500 MG + ACIDO CLAVULANICO 125 MG ')
INSERT INTO MARCAS (ID_MARCA, NOMBRE_MARCA) VALUES(18,'AMOXICILINA 875 MG + ACIDO CLAVULANICO 125 MG ')
INSERT INTO MARCAS (ID_MARCA, NOMBRE_MARCA) VALUES(19,'AMOXIDAL DUO')
INSERT INTO MARCAS (ID_MARCA, NOMBRE_MARCA) VALUES(20,'AMOXOL 500')
INSERT INTO MARCAS (ID_MARCA, NOMBRE_MARCA) VALUES(21,'AMOXOL DUO')
INSERT INTO MARCAS (ID_MARCA, NOMBRE_MARCA) VALUES(22,'ANFOLIC')
INSERT INTO MARCAS (ID_MARCA, NOMBRE_MARCA) VALUES(23,'ANTIGRIPAL  (PARACET + BROMHE +CAFEIN + CLORFENIR )')
INSERT INTO MARCAS (ID_MARCA, NOMBRE_MARCA) VALUES(24,'ARIPIPRAZOL')
INSERT INTO MARCAS (ID_MARCA, NOMBRE_MARCA) VALUES(25,'ASPIRINA CARDIO VENT 3')
INSERT INTO MARCAS (ID_MARCA, NOMBRE_MARCA) VALUES(26,'AZITROMICINA')
INSERT INTO MARCAS (ID_MARCA, NOMBRE_MARCA) VALUES(27,'AZITROX')
INSERT INTO MARCAS (ID_MARCA, NOMBRE_MARCA) VALUES(28,'BACTIFREN')
INSERT INTO MARCAS (ID_MARCA, NOMBRE_MARCA) VALUES(29,'BETACORT PLUS')
INSERT INTO MARCAS (ID_MARCA, NOMBRE_MARCA) VALUES(30,'BETAMETASONA')
INSERT INTO MARCAS (ID_MARCA, NOMBRE_MARCA) VALUES(31,'BIPERIDENO ')
INSERT INTO MARCAS (ID_MARCA, NOMBRE_MARCA) VALUES(32,'BISOFEC 5')
INSERT INTO MARCAS (ID_MARCA, NOMBRE_MARCA) VALUES(33,'BUSCAPINA COMPOSITUM N')
INSERT INTO MARCAS (ID_MARCA, NOMBRE_MARCA) VALUES(34,'CARBAMAZEPINA')
INSERT INTO MARCAS (ID_MARCA, NOMBRE_MARCA) VALUES(35,'CARVEDILOL')
INSERT INTO MARCAS (ID_MARCA, NOMBRE_MARCA) VALUES(36,'CARVEDILOL RICHET')
INSERT INTO MARCAS (ID_MARCA, NOMBRE_MARCA) VALUES(37,'CEFALEXINA FABRA')
INSERT INTO MARCAS (ID_MARCA, NOMBRE_MARCA) VALUES(38,'CEFTRIAXONA NORGREEN')
INSERT INTO MARCAS (ID_MARCA, NOMBRE_MARCA) VALUES(39,'CIPROFLOXACINA DUNCAN')
INSERT INTO MARCAS (ID_MARCA, NOMBRE_MARCA) VALUES(40,'CLARITROMICINA')
INSERT INTO MARCAS (ID_MARCA, NOMBRE_MARCA) VALUES(41,'CLIDAN')
INSERT INTO MARCAS (ID_MARCA, NOMBRE_MARCA) VALUES(42,'CLONAZEPAM ')
INSERT INTO MARCAS (ID_MARCA, NOMBRE_MARCA) VALUES(43,'CLOTIAPINA ')
INSERT INTO MARCAS (ID_MARCA, NOMBRE_MARCA) VALUES(44,'CREMA DE BISMUTO CHOBET')
INSERT INTO MARCAS (ID_MARCA, NOMBRE_MARCA) VALUES(45,'DBI 500')
INSERT INTO MARCAS (ID_MARCA, NOMBRE_MARCA) VALUES(46,'DIAZEPAM')
INSERT INTO MARCAS (ID_MARCA, NOMBRE_MARCA) VALUES(47,'DICLOFENAX')
INSERT INTO MARCAS (ID_MARCA, NOMBRE_MARCA) VALUES(48,'DIFENHIDRAMINA')
INSERT INTO MARCAS (ID_MARCA, NOMBRE_MARCA) VALUES(49,'DIUREX')
INSERT INTO MARCAS (ID_MARCA, NOMBRE_MARCA) VALUES(50,'DOSULFIN')
INSERT INTO MARCAS (ID_MARCA, NOMBRE_MARCA) VALUES(51,'DUFLEGRIP')
INSERT INTO MARCAS (ID_MARCA, NOMBRE_MARCA) VALUES(52,'EMPECID')
INSERT INTO MARCAS (ID_MARCA, NOMBRE_MARCA) VALUES(53,'ENALAPRIL')
INSERT INTO MARCAS (ID_MARCA, NOMBRE_MARCA) VALUES(54,'ERITROMICINA ELEA')
INSERT INTO MARCAS (ID_MARCA, NOMBRE_MARCA) VALUES(55,'ESCITALOPRAM')
INSERT INTO MARCAS (ID_MARCA, NOMBRE_MARCA) VALUES(56,'EXIBRAL')
INSERT INTO MARCAS (ID_MARCA, NOMBRE_MARCA) VALUES(57,'FEKLON')
INSERT INTO MARCAS (ID_MARCA, NOMBRE_MARCA) VALUES(58,'FENITOINA SODICA')
INSERT INTO MARCAS (ID_MARCA, NOMBRE_MARCA) VALUES(59,'FENOBARBITAL')
INSERT INTO MARCAS (ID_MARCA, NOMBRE_MARCA) VALUES(60,'FLUCONAZOL')
INSERT INTO MARCAS (ID_MARCA, NOMBRE_MARCA) VALUES(61,'FLUOXETINA ')
INSERT INTO MARCAS (ID_MARCA, NOMBRE_MARCA) VALUES(62,'FOMIXINA')
INSERT INTO MARCAS (ID_MARCA, NOMBRE_MARCA) VALUES(63,'FRIPI BENCIL')
INSERT INTO MARCAS (ID_MARCA, NOMBRE_MARCA) VALUES(64,'FUROSEMIDA')
INSERT INTO MARCAS (ID_MARCA, NOMBRE_MARCA) VALUES(65,'FUSIMED')
INSERT INTO MARCAS (ID_MARCA, NOMBRE_MARCA) VALUES(66,'GASTROMED')
INSERT INTO MARCAS (ID_MARCA, NOMBRE_MARCA) VALUES(67,'GENOPRAZOL')
INSERT INTO MARCAS (ID_MARCA, NOMBRE_MARCA) VALUES(68,'HALOPERIDOL')
INSERT INTO MARCAS (ID_MARCA, NOMBRE_MARCA) VALUES(69,'HALOPERIDOL DECANOATO')
INSERT INTO MARCAS (ID_MARCA, NOMBRE_MARCA) VALUES(70,'HIERRO SULFATO')
INSERT INTO MARCAS (ID_MARCA, NOMBRE_MARCA) VALUES(71,'HIPOGLOS')
INSERT INTO MARCAS (ID_MARCA, NOMBRE_MARCA) VALUES(72,'IBUFEC')
INSERT INTO MARCAS (ID_MARCA, NOMBRE_MARCA) VALUES(73,'IBUFULL')
INSERT INTO MARCAS (ID_MARCA, NOMBRE_MARCA) VALUES(74,'IBUPROFENO')
INSERT INTO MARCAS (ID_MARCA, NOMBRE_MARCA) VALUES(75,'IMPROVAL 500')
INSERT INTO MARCAS (ID_MARCA, NOMBRE_MARCA) VALUES(76,'IVERMECTINA')
INSERT INTO MARCAS (ID_MARCA, NOMBRE_MARCA) VALUES(77,'IVERTAL')
INSERT INTO MARCAS (ID_MARCA, NOMBRE_MARCA) VALUES(78,'KLONAFUSID')
INSERT INTO MARCAS (ID_MARCA, NOMBRE_MARCA) VALUES(79,'LAGOTRAN')
INSERT INTO MARCAS (ID_MARCA, NOMBRE_MARCA) VALUES(80,'LAMOTRIGINA')
INSERT INTO MARCAS (ID_MARCA, NOMBRE_MARCA) VALUES(81,'LEVETIRACETAM')
INSERT INTO MARCAS (ID_MARCA, NOMBRE_MARCA) VALUES(82,'LEVITAL')
INSERT INTO MARCAS (ID_MARCA, NOMBRE_MARCA) VALUES(83,'LEVOMEPROMAZINA')
INSERT INTO MARCAS (ID_MARCA, NOMBRE_MARCA) VALUES(84,'LIPOVASTATIN')
INSERT INTO MARCAS (ID_MARCA, NOMBRE_MARCA) VALUES(85,'LIVOPEN SPORTS AEROSOL NARANJA')
INSERT INTO MARCAS (ID_MARCA, NOMBRE_MARCA) VALUES(86,'LORATADINA')
INSERT INTO MARCAS (ID_MARCA, NOMBRE_MARCA) VALUES(87,'LORAZEPAM')
INSERT INTO MARCAS (ID_MARCA, NOMBRE_MARCA) VALUES(88,'LOSARTAN')
INSERT INTO MARCAS (ID_MARCA, NOMBRE_MARCA) VALUES(89,'LYNDAN NF')
INSERT INTO MARCAS (ID_MARCA, NOMBRE_MARCA) VALUES(90,'MACRIL OVULOS')
INSERT INTO MARCAS (ID_MARCA, NOMBRE_MARCA) VALUES(91,'MEBUTAR 200')
INSERT INTO MARCAS (ID_MARCA, NOMBRE_MARCA) VALUES(92,'MEPREDNISONA')
INSERT INTO MARCAS (ID_MARCA, NOMBRE_MARCA) VALUES(93,'MEPREDNISONA HLB')
INSERT INTO MARCAS (ID_MARCA, NOMBRE_MARCA) VALUES(94,'METFORMINA')
INSERT INTO MARCAS (ID_MARCA, NOMBRE_MARCA) VALUES(95,'METFORMINA GENÉRICO')
INSERT INTO MARCAS (ID_MARCA, NOMBRE_MARCA) VALUES(96,'METOCLOPRAMIDA NIÑOS GENERICO')
INSERT INTO MARCAS (ID_MARCA, NOMBRE_MARCA) VALUES(97,'METRONIDAZOL')
INSERT INTO MARCAS (ID_MARCA, NOMBRE_MARCA) VALUES(98,'METRONIDAZOL VANNIER')
INSERT INTO MARCAS (ID_MARCA, NOMBRE_MARCA) VALUES(99,'MICOTRAL')
INSERT INTO MARCAS (ID_MARCA, NOMBRE_MARCA) VALUES(100,'NEUMOCORT HFA')
INSERT INTO MARCAS (ID_MARCA, NOMBRE_MARCA) VALUES(101,'NISTATINA DENVER FARMA')
INSERT INTO MARCAS (ID_MARCA, NOMBRE_MARCA) VALUES(102,'NOVEMINA')
INSERT INTO MARCAS (ID_MARCA, NOMBRE_MARCA) VALUES(103,'NULAREF')
INSERT INTO MARCAS (ID_MARCA, NOMBRE_MARCA) VALUES(104,'OLANZAPINA ')
INSERT INTO MARCAS (ID_MARCA, NOMBRE_MARCA) VALUES(105,'OPTAMOX DUO')
INSERT INTO MARCAS (ID_MARCA, NOMBRE_MARCA) VALUES(106,'OPTIBRAL')
INSERT INTO MARCAS (ID_MARCA, NOMBRE_MARCA) VALUES(107,'PARACETAMOL')
INSERT INTO MARCAS (ID_MARCA, NOMBRE_MARCA) VALUES(108,'PARACETAMOL LAZAR 1GR')
INSERT INTO MARCAS (ID_MARCA, NOMBRE_MARCA) VALUES(109,'PAROXETINA ')
INSERT INTO MARCAS (ID_MARCA, NOMBRE_MARCA) VALUES(110,'PENICILINA G BENZATINICA RICHET')
INSERT INTO MARCAS (ID_MARCA, NOMBRE_MARCA) VALUES(111,'PERMETRINA')
INSERT INTO MARCAS (ID_MARCA, NOMBRE_MARCA) VALUES(112,'PREGABALINA')
INSERT INTO MARCAS (ID_MARCA, NOMBRE_MARCA) VALUES(113,'QUETIAPINA')
INSERT INTO MARCAS (ID_MARCA, NOMBRE_MARCA) VALUES(114,'QUETIAPINA ')
INSERT INTO MARCAS (ID_MARCA, NOMBRE_MARCA) VALUES(115,'REFENAX')
INSERT INTO MARCAS (ID_MARCA, NOMBRE_MARCA) VALUES(116,'REFRIANEX COMPUESTO')
INSERT INTO MARCAS (ID_MARCA, NOMBRE_MARCA) VALUES(117,'RELOPAT')
INSERT INTO MARCAS (ID_MARCA, NOMBRE_MARCA) VALUES(118,'REPELENTE EXTRA DURACION GEZZI')
INSERT INTO MARCAS (ID_MARCA, NOMBRE_MARCA) VALUES(119,'RINO-B NEBU')
INSERT INTO MARCAS (ID_MARCA, NOMBRE_MARCA) VALUES(120,'RISPERIDONA')
INSERT INTO MARCAS (ID_MARCA, NOMBRE_MARCA) VALUES(121,'ROSPAZ')
INSERT INTO MARCAS (ID_MARCA, NOMBRE_MARCA) VALUES(122,'ROSUFEC 20')
INSERT INTO MARCAS (ID_MARCA, NOMBRE_MARCA) VALUES(123,'SALBUTRAL ')
INSERT INTO MARCAS (ID_MARCA, NOMBRE_MARCA) VALUES(124,'SALES DE REHIDRATACION ORAL')
INSERT INTO MARCAS (ID_MARCA, NOMBRE_MARCA) VALUES(125,'SALES PARA REHIDRATACION ORAL')
INSERT INTO MARCAS (ID_MARCA, NOMBRE_MARCA) VALUES(126,'SERTRALINA ')
INSERT INTO MARCAS (ID_MARCA, NOMBRE_MARCA) VALUES(127,'SIDERBLUT')
INSERT INTO MARCAS (ID_MARCA, NOMBRE_MARCA) VALUES(128,'SINURIT')
INSERT INTO MARCAS (ID_MARCA, NOMBRE_MARCA) VALUES(129,'T4 MON')
INSERT INTO MARCAS (ID_MARCA, NOMBRE_MARCA) VALUES(130,'TANVIMIL ACD')
INSERT INTO MARCAS (ID_MARCA, NOMBRE_MARCA) VALUES(131,'TOBRABIOTIC D')
INSERT INTO MARCAS (ID_MARCA, NOMBRE_MARCA) VALUES(132,'TOBRAMICINA GENERICO')
INSERT INTO MARCAS (ID_MARCA, NOMBRE_MARCA) VALUES(133,'TOPIRAMATO ')
INSERT INTO MARCAS (ID_MARCA, NOMBRE_MARCA) VALUES(134,'TRILEPTAL')
INSERT INTO MARCAS (ID_MARCA, NOMBRE_MARCA) VALUES(135,'TRIMPOL')
INSERT INTO MARCAS (ID_MARCA, NOMBRE_MARCA) VALUES(136,'TRU M')
INSERT INTO MARCAS (ID_MARCA, NOMBRE_MARCA) VALUES(137,'VALPROATO DE MAGNESIO')
INSERT INTO MARCAS (ID_MARCA, NOMBRE_MARCA) VALUES(138,'VENLAFAXINA')
INSERT INTO MARCAS (ID_MARCA, NOMBRE_MARCA) VALUES(139,'VERBORIL')
INSERT INTO MARCAS (ID_MARCA, NOMBRE_MARCA) VALUES(140,'VERICORDIN')
INSERT INTO MARCAS (ID_MARCA, NOMBRE_MARCA) VALUES(141,'VITADECE')
INSERT INTO MARCAS (ID_MARCA, NOMBRE_MARCA) VALUES(142,'XICLOVIR')
INSERT INTO MARCAS (ID_MARCA, NOMBRE_MARCA) VALUES(143,'YECTAFER TABS')
INSERT INTO MARCAS (ID_MARCA, NOMBRE_MARCA) VALUES(144,'ZOLPIDEM')
INSERT INTO MARCAS (ID_MARCA, NOMBRE_MARCA) VALUES(145,'ZUCLOPENTIX DECANOATO')
INSERT INTO MARCAS (ID_MARCA, NOMBRE_MARCA) VALUES(146,'ZUCLOPENTIXOL ACETATO')
INSERT INTO MARCAS (ID_MARCA, NOMBRE_MARCA) VALUES(147,'ESPIRONOLACTONA')
INSERT INTO MARCAS (ID_MARCA, NOMBRE_MARCA) VALUES(148,'SULFAMETOXAZOL+TRIMETOPRIMA 800/160 MG')
INSERT INTO MARCAS (ID_MARCA, NOMBRE_MARCA) VALUES(149,'SULFAMETOXAZOL+TRIMETOPRIMA 800/160 MG')
INSERT INTO MARCAS (ID_MARCA, NOMBRE_MARCA) VALUES(150,'911');
INSERT INTO MARCAS (ID_MARCA, NOMBRE_MARCA) VALUES(151,'ACICLOVIR');
INSERT INTO MARCAS (ID_MARCA, NOMBRE_MARCA) VALUES(152,'ACIDO FOLICO');
INSERT INTO MARCAS (ID_MARCA, NOMBRE_MARCA) VALUES(153,'ACIFOL GOTAS');
INSERT INTO MARCAS (ID_MARCA, NOMBRE_MARCA) VALUES(154,'AEROCAMARA  ADULTO');
INSERT INTO MARCAS (ID_MARCA, NOMBRE_MARCA) VALUES(155,'AEROCAMARA PEDIATRICA');
INSERT INTO MARCAS (ID_MARCA, NOMBRE_MARCA) VALUES(156,'AEROTROP');
INSERT INTO MARCAS (ID_MARCA, NOMBRE_MARCA) VALUES(157,'AGLUCIDE');
INSERT INTO MARCAS (ID_MARCA, NOMBRE_MARCA) VALUES(158,'AGLUCIDE MR 60');
INSERT INTO MARCAS (ID_MARCA, NOMBRE_MARCA) VALUES(159,'ALIVIATOS');
INSERT INTO MARCAS (ID_MARCA, NOMBRE_MARCA) VALUES(160,'ALPRAZOLAM');
INSERT INTO MARCAS (ID_MARCA, NOMBRE_MARCA) VALUES(161,'AMITRIPTILINA');
INSERT INTO MARCAS (ID_MARCA, NOMBRE_MARCA) VALUES(162,'AMLODIPINA');
INSERT INTO MARCAS (ID_MARCA, NOMBRE_MARCA) VALUES(163,'AMOXICILINA');
INSERT INTO MARCAS (ID_MARCA, NOMBRE_MARCA) VALUES(164,'AMOXICILINA 250 MG + ACIDO CLAVULANICO 62,5 MG');





-- PRODUCTOS

INSERT INTO PRODUCTOS (ID_PRODUCTO, NOMBRE, ID_MARCA, TIPO_PRODUCTO, DESCRIPCION, PRECIO)
    VALUES (1, 'Leche en polvo', 1, 1, 'Leche en polvo entera', 3800);

INSERT INTO PRODUCTOS (ID_PRODUCTO, NOMBRE, ID_MARCA, TIPO_PRODUCTO, DESCRIPCION, PRECIO)
    VALUES (2, 'Crema Nivea', 2, 2, 'Crema hidratante para la piel', 7425);

INSERT INTO PRODUCTOS (ID_PRODUCTO, NOMBRE, ID_MARCA, TIPO_PRODUCTO, DESCRIPCION, PRECIO)
    VALUES (3, 'Shampoo Dove', 3, 5, 'Shampoo nutritivo para cabello seco', 6150);

INSERT INTO PRODUCTOS (ID_PRODUCTO, NOMBRE, ID_MARCA, TIPO_PRODUCTO, DESCRIPCION, PRECIO)
    VALUES (4, 'Afeitadora Venus', 4, 8, 'Afeitadora eléctrica con cabezales giratorios', 23200);

INSERT INTO PRODUCTOS (ID_PRODUCTO, NOMBRE, ID_MARCA, TIPO_PRODUCTO, DESCRIPCION, PRECIO)
    VALUES (5, 'Pasta dental Fresh', 5, 5, 'Pasta dental de protección completa por 12 horas. Anticaries', 2220);

INSERT INTO PRODUCTOS (ID_PRODUCTO, NOMBRE, ID_MARCA, TIPO_PRODUCTO, DESCRIPCION, PRECIO)
    VALUES (6, 'Pañales Pampers', 6, 6, 'Pañales de alta absorción para bebés', 7050);

INSERT INTO PRODUCTOS (ID_PRODUCTO, NOMBRE, ID_MARCA, TIPO_PRODUCTO, DESCRIPCION, PRECIO)
    VALUES (7, 'Cable HDMI WireLand', 7, 8, 'Cable HDMI de alta velocidad', 10200);

INSERT INTO PRODUCTOS (ID_PRODUCTO, NOMBRE, ID_MARCA, TIPO_PRODUCTO, DESCRIPCION, PRECIO)
    VALUES (8, 'Panel solar Silfab', 8, 4, 'Panel solar fotovoltaico de alta eficiencia', 45000);

INSERT INTO PRODUCTOS (ID_PRODUCTO, NOMBRE, ID_MARCA, TIPO_PRODUCTO, DESCRIPCION, PRECIO)
    VALUES (9, 'Galaxy Buds 2', 9, 8, 'Auriculares IN-EAR. Jack 3.5mm con cable de 1,5M', 8000);

INSERT INTO PRODUCTOS (ID_PRODUCTO, NOMBRE, ID_MARCA, TIPO_PRODUCTO, DESCRIPCION, PRECIO)
    VALUES (10, 'Pepsi', 10, 1, 'Bebida refrescante de cola 500ml', 800);

INSERT INTO PRODUCTOS (ID_PRODUCTO, NOMBRE, ID_MARCA, TIPO_PRODUCTO, DESCRIPCION, PRECIO)
    VALUES (11, 'Shampoo Johnson & Johnson Baby', 11, 6, 'Shampoo para bebés, suave y sin lágrimas', 10500);

INSERT INTO PRODUCTOS (ID_PRODUCTO, NOMBRE, ID_MARCA, TIPO_PRODUCTO, DESCRIPCION, PRECIO)
    VALUES (12, 'Cable USB C', 12, 8, 'Cable de alta tasa de transferencia', 1299.99);

INSERT INTO PRODUCTOS (ID_PRODUCTO, NOMBRE, ID_MARCA, TIPO_PRODUCTO, DESCRIPCION, PRECIO)
    VALUES (13, 'Pañales Huggies Supreme', 13, 6, 'Pañales de alta calidad para mayor comodidad', 9100);

INSERT INTO PRODUCTOS (ID_PRODUCTO, NOMBRE, ID_MARCA, TIPO_PRODUCTO, DESCRIPCION, PRECIO)
    VALUES (14, 'Auriculares Sony WH-1000XM4', 14, 8, 'Auriculares inalámbricos con cancelación de ruido', 18000);

INSERT INTO PRODUCTOS (ID_PRODUCTO, NOMBRE, ID_MARCA, TIPO_PRODUCTO, DESCRIPCION, PRECIO)
    VALUES (15, 'Cable Lightning', 15, 8, 'Cable para cargar Iphones', 12230);

INSERT INTO PRODUCTOS (ID_PRODUCTO, NOMBRE, ID_MARCA, TIPO_PRODUCTO, DESCRIPCION, PRECIO)
    VALUES (16, 'Jabón líquido', 3, 5, 'Jabón líquido hidratante para manos', 4200);

--- CLIENTES

INSERT INTO CLIENTES (ID_CLIENTE, NOMBRE, APELLIDO, FECHA_NACIMIENTO, CALLE, NUMERO, ID_BARRIO, TIPO_DOC, NRO_DOC, ID_GENERO )
    VALUES (1, 'Samuel', 'Pérez', '1990-05-15', 'Av. Libertador', 124, 5, 1, '30231230', 1);

INSERT INTO CLIENTES (ID_CLIENTE, NOMBRE, APELLIDO, FECHA_NACIMIENTO, CALLE, NUMERO, ID_BARRIO, TIPO_DOC, NRO_DOC, ID_GENERO )
    VALUES (2, 'José', 'Romaña', '1985-09-10', 'Ituzaingó', 216, 10, 1, '27016335', 1);

INSERT INTO CLIENTES (ID_CLIENTE, NOMBRE, APELLIDO, FECHA_NACIMIENTO, CALLE, NUMERO, ID_BARRIO, TIPO_DOC, NRO_DOC, ID_GENERO)
    VALUES (3, 'Carlos', 'López', '1958-03-22', 'Paso de Los Andes', 19, 15, 1, '532537', 1);

INSERT INTO CLIENTES (ID_CLIENTE, NOMBRE, APELLIDO, FECHA_NACIMIENTO, CALLE, NUMERO, ID_BARRIO, TIPO_DOC, NRO_DOC, ID_GENERO)
    VALUES (4, 'Juana', 'Martínez', '1992-11-30', 'Urrutia', 101, 20, 1, '31558903', 2);

INSERT INTO CLIENTES (ID_CLIENTE, NOMBRE, APELLIDO, FECHA_NACIMIENTO, CALLE, NUMERO, ID_BARRIO, TIPO_DOC, NRO_DOC, ID_GENERO)
    VALUES (5, 'Federico', 'Ramírez', '1980-07-04', 'Ucrania', 688, 5, 1, '3892204', 1);

INSERT INTO CLIENTES (ID_CLIENTE, NOMBRE, APELLIDO, FECHA_NACIMIENTO, CALLE, NUMERO, ID_BARRIO, TIPO_DOC, NRO_DOC, ID_GENERO)
    VALUES (6, 'Ana', 'Fernández', '1995-01-12', 'Mitre', 223, 35, 1, '21411178', 2);

INSERT INTO CLIENTES (ID_CLIENTE, NOMBRE, APELLIDO, FECHA_NACIMIENTO, CALLE, NUMERO, ID_BARRIO, TIPO_DOC, NRO_DOC, ID_GENERO)
    VALUES (7, 'Sofía', 'Riquelme', '1987-05-21', 'Rondeau', 112, 20, 1, '30434729', 2);

INSERT INTO CLIENTES (ID_CLIENTE, NOMBRE, APELLIDO, FECHA_NACIMIENTO, CALLE, NUMERO, ID_BARRIO, TIPO_DOC, NRO_DOC, ID_GENERO)
    VALUES (8, 'Martín', 'Álvarez', '1991-06-10', 'Av. Maipú', 301, 10, 1, '38994995', 1);

INSERT INTO CLIENTES (ID_CLIENTE, NOMBRE, APELLIDO, FECHA_NACIMIENTO, CALLE, NUMERO, ID_BARRIO, TIPO_DOC, NRO_DOC, ID_GENERO)
    VALUES (9, 'Claudia', 'Ponce', '1983-02-14', 'Río Negro', 2637, 5, 1, '23610569', 2);

INSERT INTO CLIENTES (ID_CLIENTE, NOMBRE, APELLIDO, FECHA_NACIMIENTO, CALLE, NUMERO, ID_BARRIO, TIPO_DOC, NRO_DOC, ID_GENERO)
    VALUES (10, 'Diego', 'Almirón', '1998-12-05', 'Balcarce', 244, 25, 1, '28626779', 1);

--- CONTACTOS CLIENTES

INSERT INTO CONTACTOS (ID_TIPO_CONTACTO, ID_CLIENTE, CONTACTO)
    VALUES (1, 1, '011155656863'); 

INSERT INTO CONTACTOS (ID_TIPO_CONTACTO, ID_CLIENTE, CONTACTO)
    VALUES (2, 2, '01115110243');  

INSERT INTO CONTACTOS (ID_TIPO_CONTACTO, ID_CLIENTE, CONTACTO)
    VALUES (3, 3, 'carlos.lopez@proton.com'); 

INSERT INTO CONTACTOS (ID_TIPO_CONTACTO, ID_CLIENTE, CONTACTO)
    VALUES (4, 4, 'juana_martinez');  

INSERT INTO CONTACTOS (ID_TIPO_CONTACTO, ID_CLIENTE, CONTACTO)
    VALUES (5, 5, 'federico_ramirez'); 

INSERT INTO CONTACTOS (ID_TIPO_CONTACTO, ID_CLIENTE, CONTACTO)
    VALUES (1, 6, '01119876543');  

INSERT INTO CONTACTOS (ID_TIPO_CONTACTO, ID_CLIENTE, CONTACTO)
    VALUES (2, 7, '011153532210');  

INSERT INTO CONTACTOS (ID_TIPO_CONTACTO, ID_CLIENTE, CONTACTO)
    VALUES (3, 8, 'martin.alvarez@yahee.com');  

INSERT INTO CONTACTOS (ID_TIPO_CONTACTO, ID_CLIENTE, CONTACTO)
    VALUES (4, 9, 'claudia_ponce');  

INSERT INTO CONTACTOS (ID_TIPO_CONTACTO, ID_CLIENTE, CONTACTO)
    VALUES (5, 10, 'd1eg0_almiron');  
	
-- PERSONAL 

INSERT INTO PERSONAL (ID_PERSONAL, NOMBRE, APELLIDO, FECHA_NAC, CALLE, NUMERO, ID_BARRIO, TIPO_DOC, NRO_DOC, ID_GENERO)
    VALUES (1, 'Laura', 'Ortiz', '1985-02-14', 'Av. Colón', 1656, 5, 1, '36124578', 2); 

INSERT INTO PERSONAL (ID_PERSONAL, NOMBRE, APELLIDO, FECHA_NAC, CALLE, NUMERO, ID_BARRIO, TIPO_DOC, NRO_DOC, ID_GENERO)
    VALUES (2, 'Carlos', 'La Fuente', '1979-08-22', 'Bv. San Juan', 742, 10, 1, '28104862', 1); 

INSERT INTO PERSONAL (ID_PERSONAL, NOMBRE, APELLIDO, FECHA_NAC, CALLE, NUMERO, ID_BARRIO, TIPO_DOC, NRO_DOC, ID_GENERO)
    VALUES (3, 'María', 'Manzano', '1990-05-10', 'Belgrano', 214, 5, 1, '34561434', 2); 

INSERT INTO PERSONAL (ID_PERSONAL, NOMBRE, APELLIDO, FECHA_NAC, CALLE, NUMERO, ID_BARRIO, TIPO_DOC, NRO_DOC, ID_GENERO)
    VALUES (4, 'José', 'Luque', '1987-12-05', 'Deán Funes', 89, 20, 1, '32426779', 1); 

INSERT INTO PERSONAL (ID_PERSONAL, NOMBRE, APELLIDO, FECHA_NAC, CALLE, NUMERO, ID_BARRIO, TIPO_DOC, NRO_DOC, ID_GENERO)
    VALUES (5, 'Analía', 'Morales', '1995-03-18', 'Av. General Paz', 450, 5, 1, '2901234', 2); 

INSERT INTO PERSONAL (ID_PERSONAL, NOMBRE, APELLIDO, FECHA_NAC, CALLE, NUMERO, ID_BARRIO, TIPO_DOC, NRO_DOC, ID_GENERO)
    VALUES (6, 'Jorge', 'Cassini', '1982-11-23', 'Obispo Trejo', 789, 10, 1, '37121167', 1); 

INSERT INTO PERSONAL (ID_PERSONAL, NOMBRE, APELLIDO, FECHA_NAC, CALLE, NUMERO, ID_BARRIO, TIPO_DOC, NRO_DOC, ID_GENERO)
    VALUES (7, 'Claudia', 'Paviolo', '1975-06-30', 'San Lorenzo', 101, 15, 1, '26451234', 2);

INSERT INTO PERSONAL (ID_PERSONAL, NOMBRE, APELLIDO, FECHA_NAC, CALLE, NUMERO, ID_BARRIO, TIPO_DOC, NRO_DOC, ID_GENERO)
    VALUES (8, 'Diego', 'Silva', '1989-04-09', 'Av. Rafael Núñez', 1129, 10, 1, '35891234', 1); 

INSERT INTO PERSONAL (ID_PERSONAL, NOMBRE, APELLIDO, FECHA_NAC, CALLE, NUMERO, ID_BARRIO, TIPO_DOC, NRO_DOC, ID_GENERO)
    VALUES (9, 'Elena', 'Fuseneco', '1988-09-17', 'Caseros', 557, 45, 1, '22339542', 3); 

INSERT INTO PERSONAL (ID_PERSONAL, NOMBRE, APELLIDO, FECHA_NAC, CALLE, NUMERO, ID_BARRIO, TIPO_DOC, NRO_DOC, ID_GENERO)
    VALUES (10, 'Pablo', 'Videla', '1993-07-15', 'Buenos Aires', 321, 40, 1, '37451834', 1);

--CONTACTOS PERSONAL
INSERT INTO CONTACTOS (ID_TIPO_CONTACTO, ID_PERSONAL, CONTACTO)
    VALUES (2, 1, '01145326779');

INSERT INTO CONTACTOS (ID_TIPO_CONTACTO, ID_PERSONAL, CONTACTO)
    VALUES (3, 2, 'c.la.fuente@yahii.com');

INSERT INTO CONTACTOS (ID_TIPO_CONTACTO, ID_PERSONAL, CONTACTO)
    VALUES (2, 3, '01148661137');

INSERT INTO CONTACTOS (ID_TIPO_CONTACTO, ID_PERSONAL, CONTACTO)
    VALUES (3, 4, 'jose.luque@jmail.com');

INSERT INTO CONTACTOS (ID_TIPO_CONTACTO, ID_PERSONAL, CONTACTO)
    VALUES (2, 5, '01145857592');

INSERT INTO CONTACTOS (ID_TIPO_CONTACTO, ID_PERSONAL, CONTACTO)
    VALUES (3, 6, 'jorge.cassini@proton.com');

INSERT INTO CONTACTOS (ID_TIPO_CONTACTO, ID_PERSONAL, CONTACTO)
    VALUES (2, 7, '01148623901');

INSERT INTO CONTACTOS (ID_TIPO_CONTACTO, ID_PERSONAL, CONTACTO)
    VALUES (3, 8, 'diego.silva@mail.com');

INSERT INTO CONTACTOS (ID_TIPO_CONTACTO, ID_PERSONAL, CONTACTO)
    VALUES (2, 9, '01143385912');

INSERT INTO CONTACTOS (ID_TIPO_CONTACTO, ID_PERSONAL, CONTACTO)
    VALUES (3, 10, 'pablo.videla@yahee.com');














---
---- ESPECIALIDADES

INSERT INTO ESPECIALIDADES(ID_TIPO_ESPECIALIDAD, ESPECIALIDAD)
			VALUES(1, 'Kinesiología Motora');
INSERT INTO ESPECIALIDADES(ID_TIPO_ESPECIALIDAD, ESPECIALIDAD)
			VALUES(2, 'Kinesiología Respiratoria');
INSERT INTO ESPECIALIDADES(ID_TIPO_ESPECIALIDAD, ESPECIALIDAD)
			VALUES(3, 'Médico clínico');
INSERT INTO ESPECIALIDADES(ID_TIPO_ESPECIALIDAD, ESPECIALIDAD)
			VALUES(4, 'Cardiología');
INSERT INTO ESPECIALIDADES(ID_TIPO_ESPECIALIDAD, ESPECIALIDAD)
			VALUES(5, 'Otorrinolaringología');
INSERT INTO ESPECIALIDADES(ID_TIPO_ESPECIALIDAD, ESPECIALIDAD)
			VALUES(6, 'Pediatría');
INSERT INTO ESPECIALIDADES(ID_TIPO_ESPECIALIDAD, ESPECIALIDAD)
			VALUES(7, 'Dermatología');
INSERT INTO ESPECIALIDADES(ID_TIPO_ESPECIALIDAD, ESPECIALIDAD)
			VALUES(8, 'Neurología');
INSERT INTO ESPECIALIDADES(ID_TIPO_ESPECIALIDAD, ESPECIALIDAD)
			VALUES(9, 'Endocrinología');
INSERT INTO ESPECIALIDADES(ID_TIPO_ESPECIALIDAD, ESPECIALIDAD)
			VALUES(10, 'Ginecología');
INSERT INTO ESPECIALIDADES(ID_TIPO_ESPECIALIDAD, ESPECIALIDAD)
			VALUES(11, 'Oftalmología');
INSERT INTO ESPECIALIDADES(ID_TIPO_ESPECIALIDAD, ESPECIALIDAD)
			VALUES(12, 'Psiquiatría');

---
---- MEDICOS
INSERT INTO MEDICOS (MATRICULA, NOMBRE, APELLIDO, ID_TIPO_ESPECIALIDAD)
			VALUES('19882fc', 'Santiago', 'Caffera', 3);
INSERT INTO MEDICOS (MATRICULA, NOMBRE, APELLIDO, ID_TIPO_ESPECIALIDAD)
			VALUES('82893YYT', 'Mariana', 'Gonzalez', 2);
INSERT INTO MEDICOS (MATRICULA, NOMBRE, APELLIDO, ID_TIPO_ESPECIALIDAD)
			VALUES('1982A1c', 'Eduardo', 'Lopez', 4);
INSERT INTO MEDICOS (MATRICULA, NOMBRE, APELLIDO, ID_TIPO_ESPECIALIDAD)
			VALUES('AASD122', 'Leonardo', 'Rodriguez', 1);
INSERT INTO MEDICOS (MATRICULA, NOMBRE, APELLIDO, ID_TIPO_ESPECIALIDAD)
			VALUES('QQW4431', 'Bianca', 'Martínez', 5);
INSERT INTO MEDICOS (MATRICULA, NOMBRE, APELLIDO, ID_TIPO_ESPECIALIDAD)
			VALUES('9876AJU', 'Laura', 'Medina', 6);
INSERT INTO MEDICOS (MATRICULA, NOMBRE, APELLIDO, ID_TIPO_ESPECIALIDAD)
			VALUES('AB123CD', 'Marcela', 'Domínguez', 7);
INSERT INTO MEDICOS (MATRICULA, NOMBRE, APELLIDO, ID_TIPO_ESPECIALIDAD)
			VALUES('XY987ZY', 'Carlos', 'Pérez', 8);
INSERT INTO MEDICOS (MATRICULA, NOMBRE, APELLIDO, ID_TIPO_ESPECIALIDAD)
			VALUES('RT456YU', 'Alicia', 'Figueroa', 9);
INSERT INTO MEDICOS (MATRICULA, NOMBRE, APELLIDO, ID_TIPO_ESPECIALIDAD)
			VALUES('LK321OP', 'Valeria', 'Ortiz', 10);
INSERT INTO MEDICOS (MATRICULA, NOMBRE, APELLIDO, ID_TIPO_ESPECIALIDAD)
			VALUES('MN654QW', 'Roberto', 'Mendoza', 11);
INSERT INTO MEDICOS (MATRICULA, NOMBRE, APELLIDO, ID_TIPO_ESPECIALIDAD)
			VALUES('ZX987CV', 'Gabriela', 'Torres', 12);
INSERT INTO MEDICOS (MATRICULA, NOMBRE, APELLIDO, ID_TIPO_ESPECIALIDAD)
			VALUES('HJ234LK', 'Matías', 'Fernández', 1);  
INSERT INTO MEDICOS (MATRICULA, NOMBRE, APELLIDO, ID_TIPO_ESPECIALIDAD)
			VALUES('UY567OP', 'Nadia', 'Ramírez', 2); 
INSERT INTO MEDICOS (MATRICULA, NOMBRE, APELLIDO, ID_TIPO_ESPECIALIDAD)
			VALUES('DF789RT', 'Joaquín', 'Gómez', 3);  
INSERT INTO MEDICOS (MATRICULA, NOMBRE, APELLIDO, ID_TIPO_ESPECIALIDAD)
			VALUES('GH123CV', 'Estefanía', 'Herrera', 4);  
INSERT INTO MEDICOS (MATRICULA, NOMBRE, APELLIDO, ID_TIPO_ESPECIALIDAD)
			VALUES('LO456UI', 'Sofía', 'Mendoza', 5);  
INSERT INTO MEDICOS (MATRICULA, NOMBRE, APELLIDO, ID_TIPO_ESPECIALIDAD)
			VALUES('JK789ZX', 'Ignacio', 'Sosa', 6);  
INSERT INTO MEDICOS (MATRICULA, NOMBRE, APELLIDO, ID_TIPO_ESPECIALIDAD)
			VALUES('WE234MN', 'Florencia', 'Silva', 7);  
INSERT INTO MEDICOS (MATRICULA, NOMBRE, APELLIDO, ID_TIPO_ESPECIALIDAD)
			VALUES('QP123AS', 'Tomás', 'Ibarra', 8);  
INSERT INTO MEDICOS (MATRICULA, NOMBRE, APELLIDO, ID_TIPO_ESPECIALIDAD)
			VALUES('ZX567FG', 'Carolina', 'Vega', 9);  
INSERT INTO MEDICOS (MATRICULA, NOMBRE, APELLIDO, ID_TIPO_ESPECIALIDAD)
			VALUES('AS987TY', 'Lucas', 'Navarro', 10);  


---
---- COBERTURAS

INSERT INTO TIPOS_COBERTURAS(ID_TIPO_COBERTURA, ID_OBRA_SOCIAL, DESCRIPCION)
			VALUES(1, 1, 'Smg30')
INSERT INTO TIPOS_COBERTURAS(ID_TIPO_COBERTURA, ID_OBRA_SOCIAL, DESCRIPCION)
			VALUES(2, 1, 'Smg50')
INSERT INTO TIPOS_COBERTURAS(ID_TIPO_COBERTURA, ID_OBRA_SOCIAL, DESCRIPCION)
			VALUES(3, 1, 'Smg70')
INSERT INTO TIPOS_COBERTURAS(ID_TIPO_COBERTURA, ID_OBRA_SOCIAL, DESCRIPCION)
			VALUES(4, 1, 'Smg90')
INSERT INTO TIPOS_COBERTURAS(ID_TIPO_COBERTURA, ID_OBRA_SOCIAL, DESCRIPCION)
			VALUES(5, 2, 'OSTACC 3.0')
INSERT INTO TIPOS_COBERTURAS(ID_TIPO_COBERTURA, ID_OBRA_SOCIAL, DESCRIPCION)
			VALUES(6, 2, 'OSTACC 310')
INSERT INTO TIPOS_COBERTURAS(ID_TIPO_COBERTURA, ID_OBRA_SOCIAL, DESCRIPCION)
			VALUES(7, 2, 'OSTACC 320')

INSERT INTO TIPOS_COBERTURAS(ID_TIPO_COBERTURA, ID_OBRA_SOCIAL, DESCRIPCION)
			VALUES(8, 7, 'PAMI')
INSERT INTO TIPOS_COBERTURAS(ID_TIPO_COBERTURA, ID_OBRA_SOCIAL, DESCRIPCION)
			VALUES(9, 5, '210')
INSERT INTO TIPOS_COBERTURAS(ID_TIPO_COBERTURA, ID_OBRA_SOCIAL, DESCRIPCION)
			VALUES(10, 5, '310')
INSERT INTO TIPOS_COBERTURAS(ID_TIPO_COBERTURA, ID_OBRA_SOCIAL, DESCRIPCION)
			VALUES(11, 5, '410')
INSERT INTO TIPOS_COBERTURAS(ID_TIPO_COBERTURA, ID_OBRA_SOCIAL, DESCRIPCION)
			VALUES(12,3,'MEDIFÉ+')
INSERT INTO TIPOS_COBERTURAS(ID_TIPO_COBERTURA, ID_OBRA_SOCIAL, DESCRIPCION)
			VALUES(13,3,'BRONCE')
INSERT INTO TIPOS_COBERTURAS(ID_TIPO_COBERTURA, ID_OBRA_SOCIAL, DESCRIPCION)
			VALUES(14,3,'PLATA')
INSERT INTO TIPOS_COBERTURAS(ID_TIPO_COBERTURA, ID_OBRA_SOCIAL, DESCRIPCION)
			VALUES(15,3,'ORO')
INSERT INTO TIPOS_COBERTURAS(ID_TIPO_COBERTURA, ID_OBRA_SOCIAL, DESCRIPCION)
			VALUES(16,6,'DASPU')
INSERT INTO TIPOS_COBERTURAS(ID_TIPO_COBERTURA, ID_OBRA_SOCIAL, DESCRIPCION)
			VALUES(17,4,'SANCOR 100')
INSERT INTO TIPOS_COBERTURAS(ID_TIPO_COBERTURA, ID_OBRA_SOCIAL, DESCRIPCION)
			VALUES(18,4,'SANCOR 200')
INSERT INTO TIPOS_COBERTURAS(ID_TIPO_COBERTURA, ID_OBRA_SOCIAL, DESCRIPCION)
			VALUES(19,4,'SANCOR 300')

---
---- EMPRESAS LOGISTICAS
INSERT INTO EMPRESA_LOGISTICA(CUIT, NOMBRE_EMPRESA, CALLE, NUMERO, ID_BARRIO)
			VALUES('29172635541', 'Log-In Farma', 'Ing. Eifel', 4180, 60);
INSERT INTO EMPRESA_LOGISTICA(CUIT, NOMBRE_EMPRESA, CALLE, NUMERO, ID_BARRIO)
			VALUES('22198273651', 'DT Logística', 'Portela', 2331, 65);
INSERT INTO EMPRESA_LOGISTICA(CUIT, NOMBRE_EMPRESA, CALLE, NUMERO, ID_BARRIO)
			VALUES('25982761252', 'Caddy', 'Reconquista', 4986, 70);

---
---- CONTACTOS LOGISTICAS

INSERT INTO CONTACTOS (ID_TIPO_CONTACTO, ID_PERSONAL, ID_PROVEEDOR,ID_LOGISTICA, ID_ESTABLECIMIENTO, ID_CLIENTE, CONTACTO)
VALUES (1, NULL,NULL,'29172635541',NULL,NULL,'+54 1128230307');

INSERT INTO CONTACTOS (ID_TIPO_CONTACTO, ID_PERSONAL, ID_PROVEEDOR,ID_LOGISTICA, ID_ESTABLECIMIENTO, ID_CLIENTE, CONTACTO)
VALUES (3, NULL,NULL,'29172635541',NULL,NULL,'nfo@log-in.com.ar');

INSERT INTO CONTACTOS (ID_TIPO_CONTACTO, ID_PERSONAL, ID_PROVEEDOR,ID_LOGISTICA, ID_ESTABLECIMIENTO, ID_CLIENTE, CONTACTO)
VALUES (1, NULL,NULL,'22198273651',NULL,NULL,'+54 11 4849 2310');

INSERT INTO CONTACTOS (ID_TIPO_CONTACTO, ID_PERSONAL, ID_PROVEEDOR,ID_LOGISTICA, ID_ESTABLECIMIENTO, ID_CLIENTE, CONTACTO)
VALUES (3, NULL,NULL,'22198273651',NULL,NULL,'comercial@dtlogistica.com.ar');

INSERT INTO CONTACTOS (ID_TIPO_CONTACTO, ID_PERSONAL, ID_PROVEEDOR,ID_LOGISTICA, ID_ESTABLECIMIENTO, ID_CLIENTE, CONTACTO)
VALUES (1, NULL,NULL,'25982761252',NULL,NULL,'+54 (351) 5578320');

INSERT INTO CONTACTOS (ID_TIPO_CONTACTO, ID_PERSONAL, ID_PROVEEDOR,ID_LOGISTICA, ID_ESTABLECIMIENTO, ID_CLIENTE, CONTACTO)
VALUES (3, NULL,NULL,'25982761252',NULL,NULL,'hola@caddy.com.ar');



--COBERTURAS_CLIENTES
INSERT INTO COBERTURAS_CLIENTES (ID_BENEFICIARIO, ID_TIPO_COBERTURA, ID_CLIENTE)
VALUES(1, 1, 1);
INSERT INTO COBERTURAS_CLIENTES (ID_BENEFICIARIO, ID_TIPO_COBERTURA, ID_CLIENTE)
VALUES(2, 2, 2);
INSERT INTO COBERTURAS_CLIENTES (ID_BENEFICIARIO, ID_TIPO_COBERTURA, ID_CLIENTE)
VALUES(3, 3, 3);
INSERT INTO COBERTURAS_CLIENTES (ID_BENEFICIARIO, ID_TIPO_COBERTURA, ID_CLIENTE)
VALUES(4, 4, 4);
INSERT INTO COBERTURAS_CLIENTES (ID_BENEFICIARIO, ID_TIPO_COBERTURA, ID_CLIENTE)
VALUES(5, 5, 5);
INSERT INTO COBERTURAS_CLIENTES (ID_BENEFICIARIO, ID_TIPO_COBERTURA, ID_CLIENTE)
VALUES(6, 4, 6);
INSERT INTO COBERTURAS_CLIENTES (ID_BENEFICIARIO, ID_TIPO_COBERTURA, ID_CLIENTE)
VALUES(7, 3, 7);
INSERT INTO COBERTURAS_CLIENTES (ID_BENEFICIARIO, ID_TIPO_COBERTURA, ID_CLIENTE)
VALUES(8, 2, 8);
INSERT INTO COBERTURAS_CLIENTES (ID_BENEFICIARIO, ID_TIPO_COBERTURA, ID_CLIENTE)
VALUES(9, 1, 9);
INSERT INTO COBERTURAS_CLIENTES (ID_BENEFICIARIO, ID_TIPO_COBERTURA, ID_CLIENTE)
VALUES(10, 1, 10);



--ESTABLECIMIENTOS

INSERT INTO ESTABLECIMIENTOS (ID_ESTABLECIMIENTO,NOMBRE,CALLE,NUMERO,ID_BARRIO)
	VALUES(1,'Marbe S.A.','Humberto 1', 555, 10);

INSERT INTO ESTABLECIMIENTOS (ID_ESTABLECIMIENTO,NOMBRE,CALLE,NUMERO,ID_BARRIO)
	VALUES(2,'Finadiet','Fray Mamerto Esquiú', 68, 5);

INSERT INTO ESTABLECIMIENTOS (ID_ESTABLECIMIENTO,NOMBRE,CALLE,NUMERO,ID_BARRIO)
	VALUES(3,'Lazar','Arturo Illia Boulevard', 300, 15);

INSERT INTO ESTABLECIMIENTOS (ID_ESTABLECIMIENTO,NOMBRE,CALLE,NUMERO,ID_BARRIO)
	VALUES(4,'Dispromed','Octavio Pinto', 2433, 20);

INSERT INTO ESTABLECIMIENTOS (ID_ESTABLECIMIENTO,NOMBRE,CALLE,NUMERO,ID_BARRIO)
	VALUES(5,'Cofarsur','Juan Rodríguez', 1419, 25);

INSERT INTO ESTABLECIMIENTOS (ID_ESTABLECIMIENTO,NOMBRE,CALLE,NUMERO,ID_BARRIO)
	VALUES(6,'Luar','Hualfin', 359, 25);

INSERT INTO ESTABLECIMIENTOS (ID_ESTABLECIMIENTO,NOMBRE,CALLE,NUMERO,ID_BARRIO)
	VALUES(7,'Nueva Villa S.R.L.','Congreso', 5476, 5);

--CONTACTOS
INSERT INTO CONTACTOS(ID_TIPO_CONTACTO,ID_ESTABLECIMIENTO,CONTACTO)
	VALUES(2,1,'4371244');
	
INSERT INTO CONTACTOS(ID_TIPO_CONTACTO,ID_ESTABLECIMIENTO,CONTACTO)
	VALUES(1,2,'3517123874');
	
INSERT INTO CONTACTOS(ID_TIPO_CONTACTO,ID_ESTABLECIMIENTO,CONTACTO)
	VALUES(3,3,'TuFarmaceutica@gmail.com');
	
INSERT INTO CONTACTOS(ID_TIPO_CONTACTO,ID_ESTABLECIMIENTO,CONTACTO)
	VALUES(1,4,'351540038');
	
INSERT INTO CONTACTOS(ID_TIPO_CONTACTO,ID_ESTABLECIMIENTO,CONTACTO)
	VALUES(2,5,'4248940');
	
INSERT INTO CONTACTOS(ID_TIPO_CONTACTO,ID_ESTABLECIMIENTO,CONTACTO)
	VALUES(3,6,'MedicamentosYa@gmail.com');

INSERT INTO CONTACTOS(ID_TIPO_CONTACTO,ID_ESTABLECIMIENTO,CONTACTO)
	VALUES(1,7,'3511100234');






---
---- LABORATORIOS 
INSERT INTO LABORATORIOS (ID_LABORATORIO, NOMBRE_LABORATORIO) VALUES(1,'HOSPITALARIO')
INSERT INTO LABORATORIOS (ID_LABORATORIO, NOMBRE_LABORATORIO) VALUES(2,'AUSTRAL')
INSERT INTO LABORATORIOS (ID_LABORATORIO, NOMBRE_LABORATORIO) VALUES(3,'ROSPAW')
INSERT INTO LABORATORIOS (ID_LABORATORIO, NOMBRE_LABORATORIO) VALUES(4,'KLONAL')
INSERT INTO LABORATORIOS (ID_LABORATORIO, NOMBRE_LABORATORIO) VALUES(5,'BAYER')
INSERT INTO LABORATORIOS (ID_LABORATORIO, NOMBRE_LABORATORIO) VALUES(6,'ADROMACO')
INSERT INTO LABORATORIOS (ID_LABORATORIO, NOMBRE_LABORATORIO) VALUES(7,'LAFEDAR')
INSERT INTO LABORATORIOS (ID_LABORATORIO, NOMBRE_LABORATORIO) VALUES(8,'HLB PHARMA')
INSERT INTO LABORATORIOS (ID_LABORATORIO, NOMBRE_LABORATORIO) VALUES(9,'LAB INTERNACION')
INSERT INTO LABORATORIOS (ID_LABORATORIO, NOMBRE_LABORATORIO) VALUES(10,'OPELLA HEALTHCARE ARG')
INSERT INTO LABORATORIOS (ID_LABORATORIO, NOMBRE_LABORATORIO) VALUES(11,'ISA')
INSERT INTO LABORATORIOS (ID_LABORATORIO, NOMBRE_LABORATORIO) VALUES(12,'BETA')
INSERT INTO LABORATORIOS (ID_LABORATORIO, NOMBRE_LABORATORIO) VALUES(13,'GENOMMA LAB.')
INSERT INTO LABORATORIOS (ID_LABORATORIO, NOMBRE_LABORATORIO) VALUES(14,'RAYMOS-MEGALABS ARGENTINA')
INSERT INTO LABORATORIOS (ID_LABORATORIO, NOMBRE_LABORATORIO) VALUES(15,'ETUMINA')
INSERT INTO LABORATORIOS (ID_LABORATORIO, NOMBRE_LABORATORIO) VALUES(16,'VANNIER')
INSERT INTO LABORATORIOS (ID_LABORATORIO, NOMBRE_LABORATORIO) VALUES(17,'MONTPELLIER')
INSERT INTO LABORATORIOS (ID_LABORATORIO, NOMBRE_LABORATORIO) VALUES(18,'LAZAR')
INSERT INTO LABORATORIOS (ID_LABORATORIO, NOMBRE_LABORATORIO) VALUES(19,'VECETAM')
INSERT INTO LABORATORIOS (ID_LABORATORIO, NOMBRE_LABORATORIO) VALUES(20,'DENVER')
INSERT INTO LABORATORIOS (ID_LABORATORIO, NOMBRE_LABORATORIO) VALUES(21,'DENVER FARMA')
INSERT INTO LABORATORIOS (ID_LABORATORIO, NOMBRE_LABORATORIO) VALUES(22,'LAGOTRAN')
INSERT INTO LABORATORIOS (ID_LABORATORIO, NOMBRE_LABORATORIO) VALUES(23,'BIOTECHNO PHARM')
INSERT INTO LABORATORIOS (ID_LABORATORIO, NOMBRE_LABORATORIO) VALUES(24,'MICROSULES ARG.')
INSERT INTO LABORATORIOS (ID_LABORATORIO, NOMBRE_LABORATORIO) VALUES(25,'ROEMMERS')
INSERT INTO LABORATORIOS (ID_LABORATORIO, NOMBRE_LABORATORIO) VALUES(26,'ELEA')
INSERT INTO LABORATORIOS (ID_LABORATORIO, NOMBRE_LABORATORIO) VALUES(27,'VENT 3')
INSERT INTO LABORATORIOS (ID_LABORATORIO, NOMBRE_LABORATORIO) VALUES(28,'MONSERRAT')
INSERT INTO LABORATORIOS (ID_LABORATORIO, NOMBRE_LABORATORIO) VALUES(29,'CLOPIXOL DEPOT')
INSERT INTO LABORATORIOS (ID_LABORATORIO, NOMBRE_LABORATORIO) VALUES(30,'MEDISOL')
INSERT INTO LABORATORIOS (ID_LABORATORIO, NOMBRE_LABORATORIO) VALUES(31,'FECOFAR')
INSERT INTO LABORATORIOS (ID_LABORATORIO, NOMBRE_LABORATORIO) VALUES(32,'EPILACAM')
INSERT INTO LABORATORIOS (ID_LABORATORIO, NOMBRE_LABORATORIO) VALUES(33,'DOMINGUEZ')
INSERT INTO LABORATORIOS (ID_LABORATORIO, NOMBRE_LABORATORIO) VALUES(34,'BAGÓ')
INSERT INTO LABORATORIOS (ID_LABORATORIO, NOMBRE_LABORATORIO) VALUES(35,'SIEGFRIED')
INSERT INTO LABORATORIOS (ID_LABORATORIO, NOMBRE_LABORATORIO) VALUES(36,'DUNCAN')
INSERT INTO LABORATORIOS (ID_LABORATORIO, NOMBRE_LABORATORIO) VALUES(37,'FABRA')
INSERT INTO LABORATORIOS (ID_LABORATORIO, NOMBRE_LABORATORIO) VALUES(38,'EUROLAB')
INSERT INTO LABORATORIOS (ID_LABORATORIO, NOMBRE_LABORATORIO) VALUES(39,'SANITAS')
INSERT INTO LABORATORIOS (ID_LABORATORIO, NOMBRE_LABORATORIO) VALUES(40,'ARISDAR')
INSERT INTO LABORATORIOS (ID_LABORATORIO, NOMBRE_LABORATORIO) VALUES(41,'ENABRAN')
INSERT INTO LABORATORIOS (ID_LABORATORIO, NOMBRE_LABORATORIO) VALUES(42,'TRB-PHARMA')
INSERT INTO LABORATORIOS (ID_LABORATORIO, NOMBRE_LABORATORIO) VALUES(43,'UNILEVER')
INSERT INTO LABORATORIOS (ID_LABORATORIO, NOMBRE_LABORATORIO) VALUES(44,'RICHET')
INSERT INTO LABORATORIOS (ID_LABORATORIO, NOMBRE_LABORATORIO) VALUES(45,'NORGREEN')
INSERT INTO LABORATORIOS (ID_LABORATORIO, NOMBRE_LABORATORIO) VALUES(46,'SOUBEIRAN CHOBET')
INSERT INTO LABORATORIOS (ID_LABORATORIO, NOMBRE_LABORATORIO) VALUES(47,'NOVARTIS')
INSERT INTO LABORATORIOS (ID_LABORATORIO, NOMBRE_LABORATORIO) VALUES(48,'RONTAG')
INSERT INTO LABORATORIOS (ID_LABORATORIO, NOMBRE_LABORATORIO) VALUES(49,'LOGICAL')
INSERT INTO LABORATORIOS (ID_LABORATORIO, NOMBRE_LABORATORIO) VALUES(50,'AEROSPACER')
INSERT INTO LABORATORIOS (ID_LABORATORIO, NOMBRE_LABORATORIO) VALUES(51,'CASSARA')
INSERT INTO LABORATORIOS (ID_LABORATORIO, NOMBRE_LABORATORIO) VALUES(52,'PANALAB')

---
---- MONODROGAS
INSERT INTO MONODROGAS (ID_MONODROGA, MONODROGA) VALUES(1,'ACICLOVIR')
INSERT INTO MONODROGAS (ID_MONODROGA, MONODROGA) VALUES(2,'ACIDO FOLICO')
INSERT INTO MONODROGAS (ID_MONODROGA, MONODROGA) VALUES(3,'ACIDO FUSIDICO')
INSERT INTO MONODROGAS (ID_MONODROGA, MONODROGA) VALUES(4,'ACIDO FUSIDICO 2%')
INSERT INTO MONODROGAS (ID_MONODROGA, MONODROGA) VALUES(5,'ACIDO VALPROICO 5GR/100ML')
INSERT INTO MONODROGAS (ID_MONODROGA, MONODROGA) VALUES(6,'AEROCAMARA  ADULTO')
INSERT INTO MONODROGAS (ID_MONODROGA, MONODROGA) VALUES(7,'AEROCAMARA PEDIATRICA')
INSERT INTO MONODROGAS (ID_MONODROGA, MONODROGA) VALUES(8,'ALPRAZOLAM')
INSERT INTO MONODROGAS (ID_MONODROGA, MONODROGA) VALUES(9,'AMBROXOL + LORATADINA')
INSERT INTO MONODROGAS (ID_MONODROGA, MONODROGA) VALUES(10,'AMITRIPTILINA')
INSERT INTO MONODROGAS (ID_MONODROGA, MONODROGA) VALUES(11,'AMLODIPINA')
INSERT INTO MONODROGAS (ID_MONODROGA, MONODROGA) VALUES(12,'AMOXICILINA')
INSERT INTO MONODROGAS (ID_MONODROGA, MONODROGA) VALUES(13,'AMOXICILINA 250 MG + ACIDO CLAVULANICO 62,5 MG  ')
INSERT INTO MONODROGAS (ID_MONODROGA, MONODROGA) VALUES(14,'AMOXICILINA 500')
INSERT INTO MONODROGAS (ID_MONODROGA, MONODROGA) VALUES(15,'AMOXICILINA 500 MG + ACIDO CLAVULANICO 125 MG')
INSERT INTO MONODROGAS (ID_MONODROGA, MONODROGA) VALUES(16,'AMOXICILINA 500 MG + ACIDO CLAVULANICO 125 MG ')
INSERT INTO MONODROGAS (ID_MONODROGA, MONODROGA) VALUES(17,'AMOXICILINA 875 MG + ACIDO CLAVULANICO 125 MG')
INSERT INTO MONODROGAS (ID_MONODROGA, MONODROGA) VALUES(18,'AMOXICILINA 875 MG + ACIDO CLAVULANICO 125 MG ')
INSERT INTO MONODROGAS (ID_MONODROGA, MONODROGA) VALUES(19,'ANTIGRIPAL  (PARACET + BROMHE +CAFEIN + CLORFENIR )')
INSERT INTO MONODROGAS (ID_MONODROGA, MONODROGA) VALUES(20,'ANTIGRIPAL (PARACETAMOL +BROMHEXINA +PSEUDOEFREDINA +CLOFENIRONA )')
INSERT INTO MONODROGAS (ID_MONODROGA, MONODROGA) VALUES(21,'ANTIGRIPAL (PARACETAMOL+PSEUDOEFE+ASOC)')
INSERT INTO MONODROGAS (ID_MONODROGA, MONODROGA) VALUES(22,'ARIPIPRAZOL')
INSERT INTO MONODROGAS (ID_MONODROGA, MONODROGA) VALUES(23,'ASPIRINA')
INSERT INTO MONODROGAS (ID_MONODROGA, MONODROGA) VALUES(24,'ATENOLOL 50MG')
INSERT INTO MONODROGAS (ID_MONODROGA, MONODROGA) VALUES(25,'ATORVASTATINA 10 MG')
INSERT INTO MONODROGAS (ID_MONODROGA, MONODROGA) VALUES(26,'ATORVASTATINA 20 MG')
INSERT INTO MONODROGAS (ID_MONODROGA, MONODROGA) VALUES(27,'AZITROMICINA')
INSERT INTO MONODROGAS (ID_MONODROGA, MONODROGA) VALUES(28,'BETAMETASONA')
INSERT INTO MONODROGAS (ID_MONODROGA, MONODROGA) VALUES(29,'BETAMETASONA+ MICONAZOL+ GENTAMICINA')
INSERT INTO MONODROGAS (ID_MONODROGA, MONODROGA) VALUES(30,'BIPERIDENO ')
INSERT INTO MONODROGAS (ID_MONODROGA, MONODROGA) VALUES(31,'BISMUTO + PECTINA')
INSERT INTO MONODROGAS (ID_MONODROGA, MONODROGA) VALUES(32,'BISOPROLOL 5MG')
INSERT INTO MONODROGAS (ID_MONODROGA, MONODROGA) VALUES(33,'BUDESONIDE')
INSERT INTO MONODROGAS (ID_MONODROGA, MONODROGA) VALUES(34,'BUTETAMATO CITRATO 0.10GR - CLORURO DE AMONIO 1GR - ETER GLICERIL GUAYACOLICO 1GR')
INSERT INTO MONODROGAS (ID_MONODROGA, MONODROGA) VALUES(35,'CARBAMAZEPINA')
INSERT INTO MONODROGAS (ID_MONODROGA, MONODROGA) VALUES(36,'CARVEDILOL')
INSERT INTO MONODROGAS (ID_MONODROGA, MONODROGA) VALUES(37,'CEFALEXINA')
INSERT INTO MONODROGAS (ID_MONODROGA, MONODROGA) VALUES(38,'CEFALEXINA 500 MG FABRA SUSP')
INSERT INTO MONODROGAS (ID_MONODROGA, MONODROGA) VALUES(39,'CEFTRIAXONA')
INSERT INTO MONODROGAS (ID_MONODROGA, MONODROGA) VALUES(40,'CIPROFLOXACINA 500 MG')
INSERT INTO MONODROGAS (ID_MONODROGA, MONODROGA) VALUES(41,'CLARITROMICINA')
INSERT INTO MONODROGAS (ID_MONODROGA, MONODROGA) VALUES(42,'CLINDAMICINA ')
INSERT INTO MONODROGAS (ID_MONODROGA, MONODROGA) VALUES(43,'CLONAZEPAM ')
INSERT INTO MONODROGAS (ID_MONODROGA, MONODROGA) VALUES(44,'CLOTIAPINA ')
INSERT INTO MONODROGAS (ID_MONODROGA, MONODROGA) VALUES(45,'CLOTRIMAZOL 1%')
INSERT INTO MONODROGAS (ID_MONODROGA, MONODROGA) VALUES(46,'DIAZEPAM')
INSERT INTO MONODROGAS (ID_MONODROGA, MONODROGA) VALUES(47,'DICLOFENAX')
INSERT INTO MONODROGAS (ID_MONODROGA, MONODROGA) VALUES(48,'DIETILTOLUAMIDA 7.5%')
INSERT INTO MONODROGAS (ID_MONODROGA, MONODROGA) VALUES(49,'DIFENHIDRAMINA')
INSERT INTO MONODROGAS (ID_MONODROGA, MONODROGA) VALUES(50,'DIPIRONA')
INSERT INTO MONODROGAS (ID_MONODROGA, MONODROGA) VALUES(51,'DIVALPROATO DE SODIO')
INSERT INTO MONODROGAS (ID_MONODROGA, MONODROGA) VALUES(52,'DOXICICLINA')
INSERT INTO MONODROGAS (ID_MONODROGA, MONODROGA) VALUES(53,'DULOXETINA')
INSERT INTO MONODROGAS (ID_MONODROGA, MONODROGA) VALUES(54,'ENALAPRIL')
INSERT INTO MONODROGAS (ID_MONODROGA, MONODROGA) VALUES(55,'ERITROMICINA')
INSERT INTO MONODROGAS (ID_MONODROGA, MONODROGA) VALUES(56,'ESCITALOPRAM')
INSERT INTO MONODROGAS (ID_MONODROGA, MONODROGA) VALUES(57,'ESPIRONOLACTONA')
INSERT INTO MONODROGAS (ID_MONODROGA, MONODROGA) VALUES(58,'FENITOINA SODICA')
INSERT INTO MONODROGAS (ID_MONODROGA, MONODROGA) VALUES(59,'FENOBARBITAL')
INSERT INTO MONODROGAS (ID_MONODROGA, MONODROGA) VALUES(60,'FLUCONAZOL')
INSERT INTO MONODROGAS (ID_MONODROGA, MONODROGA) VALUES(61,'FLUOXETINA ')
INSERT INTO MONODROGAS (ID_MONODROGA, MONODROGA) VALUES(62,'FOSFOMICINA TROMETAMOL')
INSERT INTO MONODROGAS (ID_MONODROGA, MONODROGA) VALUES(63,'FUROSEMIDA')
INSERT INTO MONODROGAS (ID_MONODROGA, MONODROGA) VALUES(64,'GLICLAZIDA')
INSERT INTO MONODROGAS (ID_MONODROGA, MONODROGA) VALUES(65,'HALOPERIDOL')
INSERT INTO MONODROGAS (ID_MONODROGA, MONODROGA) VALUES(66,'HALOPERIDOL DECANOATO')
INSERT INTO MONODROGAS (ID_MONODROGA, MONODROGA) VALUES(67,'HIDROCLOROTIAZIDA')
INSERT INTO MONODROGAS (ID_MONODROGA, MONODROGA) VALUES(68,'HIERRO 40MG + AC FOLICO 0.25MG')
INSERT INTO MONODROGAS (ID_MONODROGA, MONODROGA) VALUES(69,'HIERRO SULFATO')
INSERT INTO MONODROGAS (ID_MONODROGA, MONODROGA) VALUES(70,'HIOSCINA BUTIL BROMURO + PARACETAMOL')
INSERT INTO MONODROGAS (ID_MONODROGA, MONODROGA) VALUES(71,'IBUPROFENO')
INSERT INTO MONODROGAS (ID_MONODROGA, MONODROGA) VALUES(72,'IPRATROPIO')
INSERT INTO MONODROGAS (ID_MONODROGA, MONODROGA) VALUES(73,'IVERMECTINA')
INSERT INTO MONODROGAS (ID_MONODROGA, MONODROGA) VALUES(74,'IVERTAL')
INSERT INTO MONODROGAS (ID_MONODROGA, MONODROGA) VALUES(75,'LAGOTRAN')
INSERT INTO MONODROGAS (ID_MONODROGA, MONODROGA) VALUES(76,'LAMOTRIGINA')
INSERT INTO MONODROGAS (ID_MONODROGA, MONODROGA) VALUES(77,'LEVETIRACETAM')
INSERT INTO MONODROGAS (ID_MONODROGA, MONODROGA) VALUES(78,'LEVOFLOXACINA')
INSERT INTO MONODROGAS (ID_MONODROGA, MONODROGA) VALUES(79,'LEVOMEPROMAZINA')
INSERT INTO MONODROGAS (ID_MONODROGA, MONODROGA) VALUES(80,'LEVOTIROXINA')
INSERT INTO MONODROGAS (ID_MONODROGA, MONODROGA) VALUES(81,'LIVOPEN SPORTS AEROSOL NARANJA')
INSERT INTO MONODROGAS (ID_MONODROGA, MONODROGA) VALUES(82,'LORATADINA')
INSERT INTO MONODROGAS (ID_MONODROGA, MONODROGA) VALUES(83,'LORAZEPAM')
INSERT INTO MONODROGAS (ID_MONODROGA, MONODROGA) VALUES(84,'LOSARTAN')
INSERT INTO MONODROGAS (ID_MONODROGA, MONODROGA) VALUES(85,'MEBENDAZOL')
INSERT INTO MONODROGAS (ID_MONODROGA, MONODROGA) VALUES(86,'MEPREDNISONA')
INSERT INTO MONODROGAS (ID_MONODROGA, MONODROGA) VALUES(87,'METFORMINA')
INSERT INTO MONODROGAS (ID_MONODROGA, MONODROGA) VALUES(88,'METOCLOPRAMIDA ADULTO')
INSERT INTO MONODROGAS (ID_MONODROGA, MONODROGA) VALUES(89,'METOCLOPRAMIDA NIÑOS')
INSERT INTO MONODROGAS (ID_MONODROGA, MONODROGA) VALUES(90,'METRONIDAZOL')
INSERT INTO MONODROGAS (ID_MONODROGA, MONODROGA) VALUES(91,'MICONAZOL 2%')
INSERT INTO MONODROGAS (ID_MONODROGA, MONODROGA) VALUES(92,'MICONAZOL+ METRONIDAZOL')
INSERT INTO MONODROGAS (ID_MONODROGA, MONODROGA) VALUES(93,'MICOTRAL')
INSERT INTO MONODROGAS (ID_MONODROGA, MONODROGA) VALUES(94,'NISTATINA')
INSERT INTO MONODROGAS (ID_MONODROGA, MONODROGA) VALUES(95,'OLANZAPINA ')
INSERT INTO MONODROGAS (ID_MONODROGA, MONODROGA) VALUES(96,'OMEPRAZOL')
INSERT INTO MONODROGAS (ID_MONODROGA, MONODROGA) VALUES(97,'OXCARBAMAZEPINA')
INSERT INTO MONODROGAS (ID_MONODROGA, MONODROGA) VALUES(98,'PARACETAMOL')
INSERT INTO MONODROGAS (ID_MONODROGA, MONODROGA) VALUES(99,'PARACETAMOL 1GR')
INSERT INTO MONODROGAS (ID_MONODROGA, MONODROGA) VALUES(100,'PAROXETINA ')
INSERT INTO MONODROGAS (ID_MONODROGA, MONODROGA) VALUES(101,'PENICILINA G (2400000)')
INSERT INTO MONODROGAS (ID_MONODROGA, MONODROGA) VALUES(102,'PERMETRINA')
INSERT INTO MONODROGAS (ID_MONODROGA, MONODROGA) VALUES(103,'PERMETRINA + BENZOATO DE BENCILO + BENZOCAÍNA')
INSERT INTO MONODROGAS (ID_MONODROGA, MONODROGA) VALUES(104,'PERMETRINA+ASOC.')
INSERT INTO MONODROGAS (ID_MONODROGA, MONODROGA) VALUES(105,'POLIVITAMINICO')
INSERT INTO MONODROGAS (ID_MONODROGA, MONODROGA) VALUES(106,'PREGABALINA')
INSERT INTO MONODROGAS (ID_MONODROGA, MONODROGA) VALUES(107,'QUETIAPINA')
INSERT INTO MONODROGAS (ID_MONODROGA, MONODROGA) VALUES(108,'QUETIAPINA ')
INSERT INTO MONODROGAS (ID_MONODROGA, MONODROGA) VALUES(109,'REPELENTE DE INSECTOS')
INSERT INTO MONODROGAS (ID_MONODROGA, MONODROGA) VALUES(110,'RISPERIDONA')
INSERT INTO MONODROGAS (ID_MONODROGA, MONODROGA) VALUES(111,'ROSUVASTATINA 20 MG')
INSERT INTO MONODROGAS (ID_MONODROGA, MONODROGA) VALUES(112,'SALBUTAMOL')
INSERT INTO MONODROGAS (ID_MONODROGA, MONODROGA) VALUES(113,'SERTRALINA ')
INSERT INTO MONODROGAS (ID_MONODROGA, MONODROGA) VALUES(114,'SODIO, CLORURO + ASOC.')
INSERT INTO MONODROGAS (ID_MONODROGA, MONODROGA) VALUES(115,'SODIO,CLORURO+ASOC.')
INSERT INTO MONODROGAS (ID_MONODROGA, MONODROGA) VALUES(116,'SUCRALFATO 20% SUSPENSION')
INSERT INTO MONODROGAS (ID_MONODROGA, MONODROGA) VALUES(117,'SULFAMETOXAZOL+TRIMETOPRIMA 200/40 MG')
INSERT INTO MONODROGAS (ID_MONODROGA, MONODROGA) VALUES(118,'SULFAMETOXAZOL+TRIMETOPRIMA 800/160 MG')
INSERT INTO MONODROGAS (ID_MONODROGA, MONODROGA) VALUES(119,'SULFATO FERROSO 80MG')
INSERT INTO MONODROGAS (ID_MONODROGA, MONODROGA) VALUES(120,'TOBRAMICINA')
INSERT INTO MONODROGAS (ID_MONODROGA, MONODROGA) VALUES(121,'TOBRAMICINA + DEXAMETASONA')
INSERT INTO MONODROGAS (ID_MONODROGA, MONODROGA) VALUES(122,'TOPIRAMATO ')
INSERT INTO MONODROGAS (ID_MONODROGA, MONODROGA) VALUES(123,'TRIMEBUTINA 200 MG')
INSERT INTO MONODROGAS (ID_MONODROGA, MONODROGA) VALUES(124,'VALPROATO DE MAGNESIO')
INSERT INTO MONODROGAS (ID_MONODROGA, MONODROGA) VALUES(125,'VENLAFAXINA')
INSERT INTO MONODROGAS (ID_MONODROGA, MONODROGA) VALUES(126,'VIT A+ VIT C+ VIT D')
INSERT INTO MONODROGAS (ID_MONODROGA, MONODROGA) VALUES(127,'VITAMINA A 600000UI + OXIDO DE ZINC +ASOC  ')
INSERT INTO MONODROGAS (ID_MONODROGA, MONODROGA) VALUES(128,'ZOLPIDEM')
INSERT INTO MONODROGAS (ID_MONODROGA, MONODROGA) VALUES(129,'ZUCLOPENTIX DECANOATO')
INSERT INTO MONODROGAS (ID_MONODROGA, MONODROGA) VALUES(130,'ZUCLOPENTIXOL ACETATO')


---
----



--CARGOS 

INSERT INTO CARGOS(ID_CARGO,CARGO) 
	VALUES(1,'Gerente de ventas');
INSERT INTO CARGOS(ID_CARGO,CARGO)
	VALUES(2,'Asistente de Ventas');
INSERT INTO CARGOS(ID_CARGO,CARGO)
	VALUES(3,'Supervisor de Ventas');
INSERT INTO CARGOS(ID_CARGO,CARGO)
	VALUES(4,'Asistente Administrativo');
INSERT INTO CARGOS(ID_CARGO,CARGO)
	VALUES(5,'Supervisor de Calidad');
INSERT INTO CARGOS(ID_CARGO,CARGO)
	VALUES(6,'Especialista en Marketing Farmacéutico');
INSERT INTO CARGOS(ID_CARGO,CARGO)
	VALUES(7,'Especialista en Farmacoeconomía');
INSERT INTO CARGOS(ID_CARGO,CARGO)
	VALUES(8,'Gerente de Logística');
INSERT INTO CARGOS(ID_CARGO,CARGO)
	VALUES(9,'Analista de Mercado Farmacéutico');


--PERSONAL_CARGOS_ESTABLECIMIENTOS

INSERT INTO PERSONAL_CARGOS_ESTABLECIMIENTOS(ID_PERSONAL_CARGOS_ESTABLECIMIENTOS,ID_PERSONAL,ID_CARGO,ID_ESTABLECIMIENTO) 
VALUES(1,1,1,1);

INSERT INTO PERSONAL_CARGOS_ESTABLECIMIENTOS(ID_PERSONAL_CARGOS_ESTABLECIMIENTOS,ID_PERSONAL,ID_CARGO,ID_ESTABLECIMIENTO) 
VALUES(2,2,2,2);

INSERT INTO PERSONAL_CARGOS_ESTABLECIMIENTOS(ID_PERSONAL_CARGOS_ESTABLECIMIENTOS,ID_PERSONAL,ID_CARGO,ID_ESTABLECIMIENTO) 
VALUES(3,3,3,3);

INSERT INTO PERSONAL_CARGOS_ESTABLECIMIENTOS(ID_PERSONAL_CARGOS_ESTABLECIMIENTOS,ID_PERSONAL,ID_CARGO,ID_ESTABLECIMIENTO) 
VALUES(4,4,4,4);

INSERT INTO PERSONAL_CARGOS_ESTABLECIMIENTOS(ID_PERSONAL_CARGOS_ESTABLECIMIENTOS,ID_PERSONAL,ID_CARGO,ID_ESTABLECIMIENTO) 
VALUES(5,5,5,5);

INSERT INTO PERSONAL_CARGOS_ESTABLECIMIENTOS(ID_PERSONAL_CARGOS_ESTABLECIMIENTOS,ID_PERSONAL,ID_CARGO,ID_ESTABLECIMIENTO) 
VALUES(6,6,6,6);

INSERT INTO PERSONAL_CARGOS_ESTABLECIMIENTOS(ID_PERSONAL_CARGOS_ESTABLECIMIENTOS,ID_PERSONAL,ID_CARGO,ID_ESTABLECIMIENTO) 
VALUES(7,7,7,7);

INSERT INTO PERSONAL_CARGOS_ESTABLECIMIENTOS(ID_PERSONAL_CARGOS_ESTABLECIMIENTOS,ID_PERSONAL,ID_CARGO,ID_ESTABLECIMIENTO) 
VALUES(8,8,8,1);

INSERT INTO PERSONAL_CARGOS_ESTABLECIMIENTOS(ID_PERSONAL_CARGOS_ESTABLECIMIENTOS,ID_PERSONAL,ID_CARGO,ID_ESTABLECIMIENTO) 
VALUES(9,9,9,2);

INSERT INTO PERSONAL_CARGOS_ESTABLECIMIENTOS(ID_PERSONAL_CARGOS_ESTABLECIMIENTOS,ID_PERSONAL,ID_CARGO,ID_ESTABLECIMIENTO) 
VALUES(10,10,1,3);

INSERT INTO PERSONAL_CARGOS_ESTABLECIMIENTOS(ID_PERSONAL_CARGOS_ESTABLECIMIENTOS,ID_PERSONAL,ID_CARGO,ID_ESTABLECIMIENTO) 
VALUES(11,1,2,4);

INSERT INTO PERSONAL_CARGOS_ESTABLECIMIENTOS(ID_PERSONAL_CARGOS_ESTABLECIMIENTOS,ID_PERSONAL,ID_CARGO,ID_ESTABLECIMIENTO) 
VALUES(12,2,3,5);

INSERT INTO PERSONAL_CARGOS_ESTABLECIMIENTOS(ID_PERSONAL_CARGOS_ESTABLECIMIENTOS,ID_PERSONAL,ID_CARGO,ID_ESTABLECIMIENTO) 
VALUES(13,3,4,6);

INSERT INTO PERSONAL_CARGOS_ESTABLECIMIENTOS(ID_PERSONAL_CARGOS_ESTABLECIMIENTOS,ID_PERSONAL,ID_CARGO,ID_ESTABLECIMIENTO) 
VALUES(14,4,5,7);

INSERT INTO PERSONAL_CARGOS_ESTABLECIMIENTOS(ID_PERSONAL_CARGOS_ESTABLECIMIENTOS,ID_PERSONAL,ID_CARGO,ID_ESTABLECIMIENTO) 
VALUES(15,5,6,1);

INSERT INTO PERSONAL_CARGOS_ESTABLECIMIENTOS(ID_PERSONAL_CARGOS_ESTABLECIMIENTOS,ID_PERSONAL,ID_CARGO,ID_ESTABLECIMIENTO) 
VALUES(16,6,7,2);

INSERT INTO PERSONAL_CARGOS_ESTABLECIMIENTOS(ID_PERSONAL_CARGOS_ESTABLECIMIENTOS,ID_PERSONAL,ID_CARGO,ID_ESTABLECIMIENTO) 
VALUES(17,7,8,3);

INSERT INTO PERSONAL_CARGOS_ESTABLECIMIENTOS(ID_PERSONAL_CARGOS_ESTABLECIMIENTOS,ID_PERSONAL,ID_CARGO,ID_ESTABLECIMIENTO) 
VALUES(18,8,9,7);

INSERT INTO PERSONAL_CARGOS_ESTABLECIMIENTOS(ID_PERSONAL_CARGOS_ESTABLECIMIENTOS,ID_PERSONAL,ID_CARGO,ID_ESTABLECIMIENTO) 
VALUES(19,9,1,5);

INSERT INTO PERSONAL_CARGOS_ESTABLECIMIENTOS(ID_PERSONAL_CARGOS_ESTABLECIMIENTOS,ID_PERSONAL,ID_CARGO,ID_ESTABLECIMIENTO) 
VALUES(20,10,8,6);


---------------------------------------------------
-- HASTA ACA FUNCIONA
---------------------------------------------------

--
----MEDICAMENTOS

INSERT INTO MEDICAMENTOS (ID_MEDICAMENTO, ID_MONODROGA,NOMBRE_COMERCIAL,IDLABORATORIO,ID_MARCA,VENTA_LIBRE,ID_PRESENTACION,DESCRIPCION,PRECIO) VALUES(1,1,'ACICLOVIR',18,142,'NO',49,'Antimicrobiano','499.64')
INSERT INTO MEDICAMENTOS (ID_MEDICAMENTO, ID_MONODROGA,NOMBRE_COMERCIAL,IDLABORATORIO,ID_MARCA,VENTA_LIBRE,ID_PRESENTACION,DESCRIPCION,PRECIO) VALUES(2,1,'ACICLOVIR',1,2,'NO',112,'Antimicrobiano','356.97')
INSERT INTO MEDICAMENTOS (ID_MEDICAMENTO, ID_MONODROGA,NOMBRE_COMERCIAL,IDLABORATORIO,ID_MARCA,VENTA_LIBRE,ID_PRESENTACION,DESCRIPCION,PRECIO) VALUES(3,1,'ACICLOVIR',18,142,'NO',86,'Antimicrobiano','855.54')
INSERT INTO MEDICAMENTOS (ID_MEDICAMENTO, ID_MONODROGA,NOMBRE_COMERCIAL,IDLABORATORIO,ID_MARCA,VENTA_LIBRE,ID_PRESENTACION,DESCRIPCION,PRECIO) VALUES(4,2,'ACIDO FOLICO',33,4,'NO',111,'Suplemento ','10919.52')
INSERT INTO MEDICAMENTOS (ID_MEDICAMENTO, ID_MONODROGA,NOMBRE_COMERCIAL,IDLABORATORIO,ID_MARCA,VENTA_LIBRE,ID_PRESENTACION,DESCRIPCION,PRECIO) VALUES(5,2,'ACIDO FOLICO',1,3,'NO',73,'Suplemento ','9948.23')
INSERT INTO MEDICAMENTOS (ID_MEDICAMENTO, ID_MONODROGA,NOMBRE_COMERCIAL,IDLABORATORIO,ID_MARCA,VENTA_LIBRE,ID_PRESENTACION,DESCRIPCION,PRECIO) VALUES(6,3,'ACIDO FUSIDICO',4,78,'NO',135,'Antimicrobiano','4887.79')
INSERT INTO MEDICAMENTOS (ID_MEDICAMENTO, ID_MONODROGA,NOMBRE_COMERCIAL,IDLABORATORIO,ID_MARCA,VENTA_LIBRE,ID_PRESENTACION,DESCRIPCION,PRECIO) VALUES(7,4,'ACIDO FUSIDICO',51,65,'NO',125,'Antimicrobiano','6834')
INSERT INTO MEDICAMENTOS (ID_MEDICAMENTO, ID_MONODROGA,NOMBRE_COMERCIAL,IDLABORATORIO,ID_MARCA,VENTA_LIBRE,ID_PRESENTACION,DESCRIPCION,PRECIO) VALUES(8,5,'ACIDO VALPROICO ',34,56,'NO',116,'Anticonvulsivante','8787.21')
INSERT INTO MEDICAMENTOS (ID_MEDICAMENTO, ID_MONODROGA,NOMBRE_COMERCIAL,IDLABORATORIO,ID_MARCA,VENTA_LIBRE,ID_PRESENTACION,DESCRIPCION,PRECIO) VALUES(9,8,'ALPRAZOLAM',1,11,'NO',8,'Psicofarmaco','149.09')
INSERT INTO MEDICAMENTOS (ID_MEDICAMENTO, ID_MONODROGA,NOMBRE_COMERCIAL,IDLABORATORIO,ID_MARCA,VENTA_LIBRE,ID_PRESENTACION,DESCRIPCION,PRECIO) VALUES(10,8,'ALPRAZOLAM',3,121,'NO',130,'Psicofarmaco','167.94')
INSERT INTO MEDICAMENTOS (ID_MEDICAMENTO, ID_MONODROGA,NOMBRE_COMERCIAL,IDLABORATORIO,ID_MARCA,VENTA_LIBRE,ID_PRESENTACION,DESCRIPCION,PRECIO) VALUES(11,8,'ALPRAZOLAM',3,121,'NO',130,'Psicofarmaco','167.94')
INSERT INTO MEDICAMENTOS (ID_MEDICAMENTO, ID_MONODROGA,NOMBRE_COMERCIAL,IDLABORATORIO,ID_MARCA,VENTA_LIBRE,ID_PRESENTACION,DESCRIPCION,PRECIO) VALUES(12,9,'AMBROXOL + LORATADINA',21,10,'NO',83,'Mucolitico','5204.16')
INSERT INTO MEDICAMENTOS (ID_MEDICAMENTO, ID_MONODROGA,NOMBRE_COMERCIAL,IDLABORATORIO,ID_MARCA,VENTA_LIBRE,ID_PRESENTACION,DESCRIPCION,PRECIO) VALUES(13,10,'AMITRIPTILINA',1,12,'NO',75,'Psicofarmaco','236.77')
INSERT INTO MEDICAMENTOS (ID_MEDICAMENTO, ID_MONODROGA,NOMBRE_COMERCIAL,IDLABORATORIO,ID_MARCA,VENTA_LIBRE,ID_PRESENTACION,DESCRIPCION,PRECIO) VALUES(14,10,'AMITRIPTILINA',1,12,'NO',44,'Psicofarmaco','185.95')
INSERT INTO MEDICAMENTOS (ID_MEDICAMENTO, ID_MONODROGA,NOMBRE_COMERCIAL,IDLABORATORIO,ID_MARCA,VENTA_LIBRE,ID_PRESENTACION,DESCRIPCION,PRECIO) VALUES(15,10,'AMITRIPTILINA',1,12,'NO',170,'Psicofarmaco','198.9')
INSERT INTO MEDICAMENTOS (ID_MEDICAMENTO, ID_MONODROGA,NOMBRE_COMERCIAL,IDLABORATORIO,ID_MARCA,VENTA_LIBRE,ID_PRESENTACION,DESCRIPCION,PRECIO) VALUES(16,11,'AMLODIPINA',11,13,'NO',31,'Antihipertensivo','218.09')
INSERT INTO MEDICAMENTOS (ID_MEDICAMENTO, ID_MONODROGA,NOMBRE_COMERCIAL,IDLABORATORIO,ID_MARCA,VENTA_LIBRE,ID_PRESENTACION,DESCRIPCION,PRECIO) VALUES(17,11,'AMLODIPINA',11,13,'NO',9,'Antihipertensivo','410.41')
INSERT INTO MEDICAMENTOS (ID_MEDICAMENTO, ID_MONODROGA,NOMBRE_COMERCIAL,IDLABORATORIO,ID_MARCA,VENTA_LIBRE,ID_PRESENTACION,DESCRIPCION,PRECIO) VALUES(18,12,'AMOXICILINA',1,21,'NO',87,'Antimicrobiano','5431.5')
INSERT INTO MEDICAMENTOS (ID_MEDICAMENTO, ID_MONODROGA,NOMBRE_COMERCIAL,IDLABORATORIO,ID_MARCA,VENTA_LIBRE,ID_PRESENTACION,DESCRIPCION,PRECIO) VALUES(19,12,'AMOXICILINA',1,14,'NO',64,'Antimicrobiano','454.37')
INSERT INTO MEDICAMENTOS (ID_MEDICAMENTO, ID_MONODROGA,NOMBRE_COMERCIAL,IDLABORATORIO,ID_MARCA,VENTA_LIBRE,ID_PRESENTACION,DESCRIPCION,PRECIO) VALUES(20,12,'AMOXICILINA',25,19,'NO',74,'Antimicrobiano','454.37')
INSERT INTO MEDICAMENTOS (ID_MEDICAMENTO, ID_MONODROGA,NOMBRE_COMERCIAL,IDLABORATORIO,ID_MARCA,VENTA_LIBRE,ID_PRESENTACION,DESCRIPCION,PRECIO) VALUES(21,13,'AMOXICILINA 250 MG + ACIDO CLAVULANICO 62,5 MG  ',1,15,'NO',57,'Antimicrobiano','10252.77')
















--STOCK

INSERT INTO STOCKS(ID_STOCK,FECHA,CANTIDAD,CANTIDAD_MINIMA,ID_MEDICAMENTO,ID_ESTABLECIMIENTO)
	   VALUES(1,'22/08/2024',1500,1250,1,1);
INSERT INTO STOCKS(ID_STOCK,FECHA,CANTIDAD,CANTIDAD_MINIMA,ID_PRODUCTO,ID_ESTABLECIMIENTO)
	   VALUES(2,'20/08/2024',1000,1500,1,2);
INSERT INTO STOCKS(ID_STOCK,FECHA,CANTIDAD,CANTIDAD_MINIMA,ID_PRODUCTO,ID_ESTABLECIMIENTO)
	   VALUES(3,'21/08/2024',800,1000,1,3);
INSERT INTO STOCKS(ID_STOCK,FECHA,CANTIDAD,CANTIDAD_MINIMA,ID_PRODUCTO,ID_ESTABLECIMIENTO)
	   VALUES(4,'15/08/2024',2530,1100,1,4);
INSERT INTO STOCKS(ID_STOCK,FECHA,CANTIDAD,CANTIDAD_MINIMA,ID_PRODUCTO,ID_ESTABLECIMIENTO)
	   VALUES(5,'29/08/2024',2530,1520,1,5);
INSERT INTO STOCKS(ID_STOCK,FECHA,CANTIDAD,CANTIDAD_MINIMA,ID_PRODUCTO,ID_ESTABLECIMIENTO)
	   VALUES(6,'02/08/2024',120,2150,1,6);
INSERT INTO STOCKS(ID_STOCK,FECHA,CANTIDAD,CANTIDAD_MINIMA,ID_PRODUCTO,ID_ESTABLECIMIENTO)
	   VALUES(7,'23/08/2024',7000,1950,1,7);


INSERT INTO STOCKS(ID_STOCK,FECHA,CANTIDAD,CANTIDAD_MINIMA,ID_PRODUCTO,ID_ESTABLECIMIENTO)
	   VALUES(8	,'21/08/2024',1200,800,2,1);
INSERT INTO STOCKS(ID_STOCK,FECHA,CANTIDAD,CANTIDAD_MINIMA,ID_PRODUCTO,ID_ESTABLECIMIENTO)
	   VALUES(9	,'29/08/2024',900,850,2,2);
INSERT INTO STOCKS(ID_STOCK,FECHA,CANTIDAD,CANTIDAD_MINIMA,ID_PRODUCTO,ID_ESTABLECIMIENTO)
	   VALUES(10 ,'22/08/2024',300,900,2,3);
INSERT INTO STOCKS(ID_STOCK,FECHA,CANTIDAD,CANTIDAD_MINIMA,ID_PRODUCTO,ID_ESTABLECIMIENTO)
	   VALUES(11 ,'26/08/2024',550,850,2,4);
INSERT INTO STOCKS(ID_STOCK,FECHA,CANTIDAD,CANTIDAD_MINIMA,ID_PRODUCTO,ID_ESTABLECIMIENTO)
	   VALUES(12,'17/08/2024',500,770,2,5);
INSERT INTO STOCKS(ID_STOCK,FECHA,CANTIDAD,CANTIDAD_MINIMA,ID_PRODUCTO,ID_ESTABLECIMIENTO)
	   VALUES(13,'29/08/2024',810,850,2,6);
INSERT INTO STOCKS(ID_STOCK,FECHA,CANTIDAD,CANTIDAD_MINIMA,ID_PRODUCTO,ID_ESTABLECIMIENTO)
	   VALUES(14,'19/08/2024',50,1000,2,7);


INSERT INTO STOCKS(ID_STOCK,FECHA,CANTIDAD,CANTIDAD_MINIMA,ID_PRODUCTO,ID_ESTABLECIMIENTO)
	   VALUES(15,'10/08/2024',3000,2000,3,1);
INSERT INTO STOCKS(ID_STOCK,FECHA,CANTIDAD,CANTIDAD_MINIMA,ID_PRODUCTO,ID_ESTABLECIMIENTO)
	   VALUES(16,'22/08/2024',2250,2150,3,2);
INSERT INTO STOCKS(ID_STOCK,FECHA,CANTIDAD,CANTIDAD_MINIMA,ID_PRODUCTO,ID_ESTABLECIMIENTO)
	   VALUES(17,'29/08/2024',5000,1500,3,3);
INSERT INTO STOCKS(ID_STOCK,FECHA,CANTIDAD,CANTIDAD_MINIMA,ID_PRODUCTO,ID_ESTABLECIMIENTO)
	   VALUES(18,'20/08/2024',5420,2500,3,4);
INSERT INTO STOCKS(ID_STOCK,FECHA,CANTIDAD,CANTIDAD_MINIMA,ID_PRODUCTO,ID_ESTABLECIMIENTO)
	   VALUES(19,'15/08/2024',250,3000,3,5);
INSERT INTO STOCKS(ID_STOCK,FECHA,CANTIDAD,CANTIDAD_MINIMA,ID_PRODUCTO,ID_ESTABLECIMIENTO)
	   VALUES(20,'11/08/2024',3000,1800,3,6);
INSERT INTO STOCKS(ID_STOCK,FECHA,CANTIDAD,CANTIDAD_MINIMA,ID_PRODUCTO,ID_ESTABLECIMIENTO)
	   VALUES(21,'10/08/2024',2222,1900,3,7);


INSERT INTO STOCKS(ID_STOCK,FECHA,CANTIDAD,CANTIDAD_MINIMA,ID_PRODUCTO,ID_ESTABLECIMIENTO)
	   VALUES(22,'08/08/2024',500,300,4,1);
INSERT INTO STOCKS(ID_STOCK,FECHA,CANTIDAD,CANTIDAD_MINIMA,ID_PRODUCTO,ID_ESTABLECIMIENTO)
	   VALUES(23,'01/08/2024',252,250,4,2);
INSERT INTO STOCKS(ID_STOCK,FECHA,CANTIDAD,CANTIDAD_MINIMA,ID_PRODUCTO,ID_ESTABLECIMIENTO)
	   VALUES(24,'10/08/2024',322,350,4,3);
INSERT INTO STOCKS(ID_STOCK,FECHA,CANTIDAD,CANTIDAD_MINIMA,ID_PRODUCTO,ID_ESTABLECIMIENTO)
	   VALUES(25,'12/08/2024',500,400,4,4);
INSERT INTO STOCKS(ID_STOCK,FECHA,CANTIDAD,CANTIDAD_MINIMA,ID_PRODUCTO,ID_ESTABLECIMIENTO)
	   VALUES(26,'17/08/2024',200,300,4,5);
INSERT INTO STOCKS(ID_STOCK,FECHA,CANTIDAD,CANTIDAD_MINIMA,ID_PRODUCTO,ID_ESTABLECIMIENTO)
	   VALUES(27,'19/08/2024',380,150,4,6);
INSERT INTO STOCKS(ID_STOCK,FECHA,CANTIDAD,CANTIDAD_MINIMA,ID_PRODUCTO,ID_ESTABLECIMIENTO)
	   VALUES(28,'20/08/2024',250,320,4,7);

	   
INSERT INTO STOCKS(ID_STOCK,FECHA,CANTIDAD,CANTIDAD_MINIMA,ID_PRODUCTO,ID_ESTABLECIMIENTO)
	   VALUES(29,'25/08/2024',2500,3200,5,1);
INSERT INTO STOCKS(ID_STOCK, FECHA, CANTIDAD, CANTIDAD_MINIMA, ID_PRODUCTO, ID_ESTABLECIMIENTO)
    VALUES(30, '01/08/2024', 2290, 2500, 5, 1);
INSERT INTO STOCKS(ID_STOCK, FECHA, CANTIDAD, CANTIDAD_MINIMA, ID_PRODUCTO, ID_ESTABLECIMIENTO)
    VALUES(31, '05/08/2024', 2510, 2520, 5, 2);
INSERT INTO STOCKS(ID_STOCK, FECHA, CANTIDAD, CANTIDAD_MINIMA, ID_PRODUCTO, ID_ESTABLECIMIENTO)
    VALUES(32, '10/08/2024', 2530, 2540, 5, 3);
INSERT INTO STOCKS(ID_STOCK, FECHA, CANTIDAD, CANTIDAD_MINIMA, ID_PRODUCTO, ID_ESTABLECIMIENTO)
    VALUES(33, '15/08/2024', 2550, 2560, 5, 4);
INSERT INTO STOCKS(ID_STOCK, FECHA, CANTIDAD, CANTIDAD_MINIMA, ID_PRODUCTO, ID_ESTABLECIMIENTO)
    VALUES(34, '20/08/2024', 2570, 2580, 5, 5);
INSERT INTO STOCKS(ID_STOCK, FECHA, CANTIDAD, CANTIDAD_MINIMA, ID_PRODUCTO, ID_ESTABLECIMIENTO)
    VALUES(35, '25/08/2024', 2590, 2600, 5, 6);

INSERT INTO STOCKS(ID_STOCK, FECHA, CANTIDAD, CANTIDAD_MINIMA, ID_PRODUCTO, ID_ESTABLECIMIENTO)
    VALUES(36, '01/08/2024', 4950, 5400, 6, 1);
INSERT INTO STOCKS(ID_STOCK, FECHA, CANTIDAD, CANTIDAD_MINIMA, ID_PRODUCTO, ID_ESTABLECIMIENTO)
    VALUES(37, '05/08/2024', 4970, 5420, 6, 2);
INSERT INTO STOCKS(ID_STOCK, FECHA, CANTIDAD, CANTIDAD_MINIMA, ID_PRODUCTO, ID_ESTABLECIMIENTO)
    VALUES(38, '10/08/2024', 4990, 5440, 6, 3);
INSERT INTO STOCKS(ID_STOCK, FECHA, CANTIDAD, CANTIDAD_MINIMA, ID_PRODUCTO, ID_ESTABLECIMIENTO)
    VALUES(39, '15/08/2024', 5010, 5460, 6, 4);
INSERT INTO STOCKS(ID_STOCK, FECHA, CANTIDAD, CANTIDAD_MINIMA, ID_PRODUCTO, ID_ESTABLECIMIENTO)
    VALUES(40, '20/08/2024', 5030, 5480, 6, 5);
INSERT INTO STOCKS(ID_STOCK, FECHA, CANTIDAD, CANTIDAD_MINIMA, ID_PRODUCTO, ID_ESTABLECIMIENTO)
    VALUES(41, '25/08/2024', 5050, 5500, 6, 6);
INSERT INTO STOCKS(ID_STOCK, FECHA, CANTIDAD, CANTIDAD_MINIMA, ID_PRODUCTO, ID_ESTABLECIMIENTO)
    VALUES(42, '30/08/2024', 5070, 5520, 6, 7);

INSERT INTO STOCKS(ID_STOCK, FECHA, CANTIDAD, CANTIDAD_MINIMA, ID_PRODUCTO, ID_ESTABLECIMIENTO)
    VALUES(43, '01/08/2024', 950, 1400, 7, 1);
INSERT INTO STOCKS(ID_STOCK, FECHA, CANTIDAD, CANTIDAD_MINIMA, ID_PRODUCTO, ID_ESTABLECIMIENTO)
    VALUES(44, '05/08/2024', 960, 1450, 7, 2);
INSERT INTO STOCKS(ID_STOCK, FECHA, CANTIDAD, CANTIDAD_MINIMA, ID_PRODUCTO, ID_ESTABLECIMIENTO)
    VALUES(45, '10/08/2024', 970, 1500, 7, 3);
INSERT INTO STOCKS(ID_STOCK, FECHA, CANTIDAD, CANTIDAD_MINIMA, ID_PRODUCTO, ID_ESTABLECIMIENTO)
    VALUES(46, '15/08/2024', 980, 1550, 7, 4);
INSERT INTO STOCKS(ID_STOCK, FECHA, CANTIDAD, CANTIDAD_MINIMA, ID_PRODUCTO, ID_ESTABLECIMIENTO)
    VALUES(47, '20/08/2024', 990, 1600, 7, 5);
INSERT INTO STOCKS(ID_STOCK, FECHA, CANTIDAD, CANTIDAD_MINIMA, ID_PRODUCTO, ID_ESTABLECIMIENTO)
    VALUES(48, '25/08/2024', 1000, 1650, 7, 6);
INSERT INTO STOCKS(ID_STOCK, FECHA, CANTIDAD, CANTIDAD_MINIMA, ID_PRODUCTO, ID_ESTABLECIMIENTO)
    VALUES(49, '30/08/2024', 1010, 1700, 7, 7);

INSERT INTO STOCKS(ID_STOCK, FECHA, CANTIDAD, CANTIDAD_MINIMA, ID_PRODUCTO, ID_ESTABLECIMIENTO)
    VALUES(50, '01/08/2024', 280, 320, 8, 1);
INSERT INTO STOCKS(ID_STOCK, FECHA, CANTIDAD, CANTIDAD_MINIMA, ID_PRODUCTO, ID_ESTABLECIMIENTO)
    VALUES(51, '05/08/2024', 290, 330, 8, 2);
INSERT INTO STOCKS(ID_STOCK, FECHA, CANTIDAD, CANTIDAD_MINIMA, ID_PRODUCTO, ID_ESTABLECIMIENTO)
    VALUES(52, '10/08/2024', 295, 340, 8, 3);
INSERT INTO STOCKS(ID_STOCK, FECHA, CANTIDAD, CANTIDAD_MINIMA, ID_PRODUCTO, ID_ESTABLECIMIENTO)
    VALUES(53, '15/08/2024', 300, 350, 8, 4);
INSERT INTO STOCKS(ID_STOCK, FECHA, CANTIDAD, CANTIDAD_MINIMA, ID_PRODUCTO, ID_ESTABLECIMIENTO)
    VALUES(54, '20/08/2024', 305, 360, 8, 5);
INSERT INTO STOCKS(ID_STOCK, FECHA, CANTIDAD, CANTIDAD_MINIMA, ID_PRODUCTO, ID_ESTABLECIMIENTO)
    VALUES(55, '25/08/2024', 310, 370, 8, 6);
INSERT INTO STOCKS(ID_STOCK, FECHA, CANTIDAD, CANTIDAD_MINIMA, ID_PRODUCTO, ID_ESTABLECIMIENTO)
    VALUES(56, '30/08/2024', 315, 380, 8, 7);

INSERT INTO STOCKS(ID_STOCK, FECHA, CANTIDAD, CANTIDAD_MINIMA, ID_PRODUCTO, ID_ESTABLECIMIENTO)
    VALUES(57, '01/08/2024', 220, 200, 9, 1);
INSERT INTO STOCKS(ID_STOCK, FECHA, CANTIDAD, CANTIDAD_MINIMA, ID_PRODUCTO, ID_ESTABLECIMIENTO)
    VALUES(58, '05/08/2024', 225, 205, 9, 2);
INSERT INTO STOCKS(ID_STOCK, FECHA, CANTIDAD, CANTIDAD_MINIMA, ID_PRODUCTO, ID_ESTABLECIMIENTO)
    VALUES(59, '10/08/2024', 230, 210, 9, 3);
INSERT INTO STOCKS(ID_STOCK, FECHA, CANTIDAD, CANTIDAD_MINIMA, ID_PRODUCTO, ID_ESTABLECIMIENTO)
    VALUES(60, '15/08/2024', 235, 215, 9, 4);
INSERT INTO STOCKS(ID_STOCK, FECHA, CANTIDAD, CANTIDAD_MINIMA, ID_PRODUCTO, ID_ESTABLECIMIENTO)
    VALUES(61, '20/08/2024', 240, 220, 9, 5);
INSERT INTO STOCKS(ID_STOCK, FECHA, CANTIDAD, CANTIDAD_MINIMA, ID_PRODUCTO, ID_ESTABLECIMIENTO)
    VALUES(62, '25/08/2024', 245, 225, 9, 6);
INSERT INTO STOCKS(ID_STOCK, FECHA, CANTIDAD, CANTIDAD_MINIMA, ID_PRODUCTO, ID_ESTABLECIMIENTO)
    VALUES(63, '30/08/2024', 250, 230, 9, 7);

INSERT INTO STOCKS(ID_STOCK, FECHA, CANTIDAD, CANTIDAD_MINIMA, ID_PRODUCTO, ID_ESTABLECIMIENTO)
    VALUES(64, '01/08/2024', 2550, 2400, 10, 1);
INSERT INTO STOCKS(ID_STOCK, FECHA, CANTIDAD, CANTIDAD_MINIMA, ID_PRODUCTO, ID_ESTABLECIMIENTO)
    VALUES(65, '05/08/2024', 2600, 2450, 10, 2);
INSERT INTO STOCKS(ID_STOCK, FECHA, CANTIDAD, CANTIDAD_MINIMA, ID_PRODUCTO, ID_ESTABLECIMIENTO)
    VALUES(66, '10/08/2024', 2500, 2500, 10, 3);
INSERT INTO STOCKS(ID_STOCK, FECHA, CANTIDAD, CANTIDAD_MINIMA, ID_PRODUCTO, ID_ESTABLECIMIENTO)
    VALUES(67, '15/08/2024', 2450, 2550, 10, 4);
INSERT INTO STOCKS(ID_STOCK, FECHA, CANTIDAD, CANTIDAD_MINIMA, ID_PRODUCTO, ID_ESTABLECIMIENTO)
    VALUES(68, '20/08/2024', 2520, 2480, 10, 5);
INSERT INTO STOCKS(ID_STOCK, FECHA, CANTIDAD, CANTIDAD_MINIMA, ID_PRODUCTO, ID_ESTABLECIMIENTO)
    VALUES(69, '25/08/2024', 2570, 2500, 10, 6);
INSERT INTO STOCKS(ID_STOCK, FECHA, CANTIDAD, CANTIDAD_MINIMA, ID_PRODUCTO, ID_ESTABLECIMIENTO)
    VALUES(70, '30/08/2024', 2620, 2550, 10, 7);

INSERT INTO STOCKS(ID_STOCK, FECHA, CANTIDAD, CANTIDAD_MINIMA, ID_PRODUCTO, ID_ESTABLECIMIENTO)
    VALUES(71, '01/08/2024', 7100, 6900, 11, 1);
INSERT INTO STOCKS(ID_STOCK, FECHA, CANTIDAD, CANTIDAD_MINIMA, ID_PRODUCTO, ID_ESTABLECIMIENTO)
    VALUES(72, '05/08/2024', 7200, 6800, 11, 2);
INSERT INTO STOCKS(ID_STOCK, FECHA, CANTIDAD, CANTIDAD_MINIMA, ID_PRODUCTO, ID_ESTABLECIMIENTO)
    VALUES(73, '10/08/2024', 7300, 7000, 11, 3);
INSERT INTO STOCKS(ID_STOCK, FECHA, CANTIDAD, CANTIDAD_MINIMA, ID_PRODUCTO, ID_ESTABLECIMIENTO)
    VALUES(74, '15/08/2024', 7400, 7100, 11, 4);
INSERT INTO STOCKS(ID_STOCK, FECHA, CANTIDAD, CANTIDAD_MINIMA, ID_PRODUCTO, ID_ESTABLECIMIENTO)
    VALUES(75, '20/08/2024', 7500, 7200, 11, 5);
INSERT INTO STOCKS(ID_STOCK, FECHA, CANTIDAD, CANTIDAD_MINIMA, ID_PRODUCTO, ID_ESTABLECIMIENTO)
    VALUES(76, '25/08/2024', 7600, 7300, 11, 6);
INSERT INTO STOCKS(ID_STOCK, FECHA, CANTIDAD, CANTIDAD_MINIMA, ID_PRODUCTO, ID_ESTABLECIMIENTO)
    VALUES(77, '30/08/2024', 7700, 7400, 11, 7);

INSERT INTO STOCKS(ID_STOCK, FECHA, CANTIDAD, CANTIDAD_MINIMA, ID_PRODUCTO, ID_ESTABLECIMIENTO)
    VALUES(78, '01/08/2024', 210, 190, 12, 1);
INSERT INTO STOCKS(ID_STOCK, FECHA, CANTIDAD, CANTIDAD_MINIMA, ID_PRODUCTO, ID_ESTABLECIMIENTO)
    VALUES(79, '05/08/2024', 220, 180, 12, 2);
INSERT INTO STOCKS(ID_STOCK, FECHA, CANTIDAD, CANTIDAD_MINIMA, ID_PRODUCTO, ID_ESTABLECIMIENTO)
    VALUES(80, '10/08/2024', 230, 190, 12, 3);
INSERT INTO STOCKS(ID_STOCK, FECHA, CANTIDAD, CANTIDAD_MINIMA, ID_PRODUCTO, ID_ESTABLECIMIENTO)
    VALUES(81, '15/08/2024', 240, 200, 12, 4);
INSERT INTO STOCKS(ID_STOCK, FECHA, CANTIDAD, CANTIDAD_MINIMA, ID_PRODUCTO, ID_ESTABLECIMIENTO)
    VALUES(82, '20/08/2024', 250, 210, 12, 5);
INSERT INTO STOCKS(ID_STOCK, FECHA, CANTIDAD, CANTIDAD_MINIMA, ID_PRODUCTO, ID_ESTABLECIMIENTO)
    VALUES(83, '25/08/2024', 260, 220, 12, 6);
INSERT INTO STOCKS(ID_STOCK, FECHA, CANTIDAD, CANTIDAD_MINIMA, ID_PRODUCTO, ID_ESTABLECIMIENTO)
    VALUES(84, '30/08/2024', 270, 230, 12, 7);

INSERT INTO STOCKS(ID_STOCK, FECHA, CANTIDAD, CANTIDAD_MINIMA, ID_PRODUCTO, ID_ESTABLECIMIENTO)
    VALUES(85, '01/08/2024', 5100, 4900, 13, 1);
INSERT INTO STOCKS(ID_STOCK, FECHA, CANTIDAD, CANTIDAD_MINIMA, ID_PRODUCTO, ID_ESTABLECIMIENTO)
    VALUES(86, '05/08/2024', 5050, 4950, 13, 2);
INSERT INTO STOCKS(ID_STOCK, FECHA, CANTIDAD, CANTIDAD_MINIMA, ID_PRODUCTO, ID_ESTABLECIMIENTO)
    VALUES(87, '10/08/2024', 4900, 5000, 13, 3);
INSERT INTO STOCKS(ID_STOCK, FECHA, CANTIDAD, CANTIDAD_MINIMA, ID_PRODUCTO, ID_ESTABLECIMIENTO)
    VALUES(88, '15/08/2024', 5200, 5150, 13, 4);
INSERT INTO STOCKS(ID_STOCK, FECHA, CANTIDAD, CANTIDAD_MINIMA, ID_PRODUCTO, ID_ESTABLECIMIENTO)
    VALUES(89, '20/08/2024', 5300, 5250, 13, 5);
INSERT INTO STOCKS(ID_STOCK, FECHA, CANTIDAD, CANTIDAD_MINIMA, ID_PRODUCTO, ID_ESTABLECIMIENTO)
    VALUES(90, '25/08/2024', 5450, 5350, 13, 6);
INSERT INTO STOCKS(ID_STOCK, FECHA, CANTIDAD, CANTIDAD_MINIMA, ID_PRODUCTO, ID_ESTABLECIMIENTO)
    VALUES(91, '30/08/2024', 5500, 5600, 13, 7);
INSERT INTO STOCKS(ID_STOCK, FECHA, CANTIDAD, CANTIDAD_MINIMA, ID_PRODUCTO, ID_ESTABLECIMIENTO)
    VALUES(92, '01/08/2024', 110, 90, 14, 1);

INSERT INTO STOCKS(ID_STOCK, FECHA, CANTIDAD, CANTIDAD_MINIMA, ID_PRODUCTO, ID_ESTABLECIMIENTO)
    VALUES(93, '05/08/2024', 95, 105, 14, 2);
INSERT INTO STOCKS(ID_STOCK, FECHA, CANTIDAD, CANTIDAD_MINIMA, ID_PRODUCTO, ID_ESTABLECIMIENTO)
    VALUES(94, '10/08/2024', 120, 110, 14, 3);
INSERT INTO STOCKS(ID_STOCK, FECHA, CANTIDAD, CANTIDAD_MINIMA, ID_PRODUCTO, ID_ESTABLECIMIENTO)
    VALUES(95, '15/08/2024', 110, 130, 14, 4);
INSERT INTO STOCKS(ID_STOCK, FECHA, CANTIDAD, CANTIDAD_MINIMA, ID_PRODUCTO, ID_ESTABLECIMIENTO)
    VALUES(96, '20/08/2024', 140, 120, 14, 5);
INSERT INTO STOCKS(ID_STOCK, FECHA, CANTIDAD, CANTIDAD_MINIMA, ID_PRODUCTO, ID_ESTABLECIMIENTO)
    VALUES(97, '25/08/2024', 130, 140, 14, 6);
INSERT INTO STOCKS(ID_STOCK, FECHA, CANTIDAD, CANTIDAD_MINIMA, ID_PRODUCTO, ID_ESTABLECIMIENTO)
    VALUES(98, '30/08/2024', 150, 160, 14, 7);

INSERT INTO STOCKS(ID_STOCK, FECHA, CANTIDAD, CANTIDAD_MINIMA, ID_PRODUCTO, ID_ESTABLECIMIENTO)
    VALUES(99, '01/08/2024', 360, 340, 15, 1);
INSERT INTO STOCKS(ID_STOCK, FECHA, CANTIDAD, CANTIDAD_MINIMA, ID_PRODUCTO, ID_ESTABLECIMIENTO)
    VALUES(100, '05/08/2024', 340, 355, 15, 2);
INSERT INTO STOCKS(ID_STOCK, FECHA, CANTIDAD, CANTIDAD_MINIMA, ID_PRODUCTO, ID_ESTABLECIMIENTO)
    VALUES(101, '10/08/2024', 350, 345, 15, 3);
INSERT INTO STOCKS(ID_STOCK, FECHA, CANTIDAD, CANTIDAD_MINIMA, ID_PRODUCTO, ID_ESTABLECIMIENTO)
    VALUES(102, '15/08/2024', 345, 350, 15, 4);
INSERT INTO STOCKS(ID_STOCK, FECHA, CANTIDAD, CANTIDAD_MINIMA, ID_PRODUCTO, ID_ESTABLECIMIENTO)
    VALUES(103, '20/08/2024', 355, 340, 15, 5);
INSERT INTO STOCKS(ID_STOCK, FECHA, CANTIDAD, CANTIDAD_MINIMA, ID_PRODUCTO, ID_ESTABLECIMIENTO)
    VALUES(104, '25/08/2024', 370, 330, 15, 6);
INSERT INTO STOCKS(ID_STOCK, FECHA, CANTIDAD, CANTIDAD_MINIMA, ID_PRODUCTO, ID_ESTABLECIMIENTO)
    VALUES(105, '30/08/2024', 330, 360, 15, 7);

INSERT INTO STOCKS(ID_STOCK, FECHA, CANTIDAD, CANTIDAD_MINIMA, ID_PRODUCTO, ID_ESTABLECIMIENTO)
    VALUES(106, '01/08/2024', 10200, 9800, 16, 1);
INSERT INTO STOCKS(ID_STOCK, FECHA, CANTIDAD, CANTIDAD_MINIMA, ID_PRODUCTO, ID_ESTABLECIMIENTO)
    VALUES(107, '05/08/2024', 9800, 10000, 16, 2);
INSERT INTO STOCKS(ID_STOCK, FECHA, CANTIDAD, CANTIDAD_MINIMA, ID_PRODUCTO, ID_ESTABLECIMIENTO)
    VALUES(108, '10/08/2024', 10100, 9900, 16, 3);
INSERT INTO STOCKS(ID_STOCK, FECHA, CANTIDAD, CANTIDAD_MINIMA, ID_PRODUCTO, ID_ESTABLECIMIENTO)
    VALUES(109, '15/08/2024', 9900, 10200, 16, 4);
INSERT INTO STOCKS(ID_STOCK, FECHA, CANTIDAD, CANTIDAD_MINIMA, ID_PRODUCTO, ID_ESTABLECIMIENTO)
    VALUES(110, '20/08/2024', 10000, 9800, 16, 5);
INSERT INTO STOCKS(ID_STOCK, FECHA, CANTIDAD, CANTIDAD_MINIMA, ID_PRODUCTO, ID_ESTABLECIMIENTO)
    VALUES(111, '25/08/2024', 10300, 9700, 16, 6);
INSERT INTO STOCKS(ID_STOCK, FECHA, CANTIDAD, CANTIDAD_MINIMA, ID_PRODUCTO, ID_ESTABLECIMIENTO)
    VALUES(112, '30/08/2024', 9700, 10400, 16, 7);


--INVENTARIOS

INSERT INTO INVENTARIOS (ID_INVENTARIO, CANTIDAD, FECHA, ID_TIPO_MOV, ID_STOCK) VALUES
(1, 234, '01/08/2024', 3, 1);
INSERT INTO INVENTARIOS (ID_INVENTARIO, CANTIDAD, FECHA, ID_TIPO_MOV, ID_STOCK) VALUES
(2, 145, '02/08/2024', 5, 2);
INSERT INTO INVENTARIOS (ID_INVENTARIO, CANTIDAD, FECHA, ID_TIPO_MOV, ID_STOCK) VALUES
(3, 390, '03/08/2024', 1, 3);
INSERT INTO INVENTARIOS (ID_INVENTARIO, CANTIDAD, FECHA, ID_TIPO_MOV, ID_STOCK) VALUES
(4, 210, '04/08/2024', 4, 4);
INSERT INTO INVENTARIOS (ID_INVENTARIO, CANTIDAD, FECHA, ID_TIPO_MOV, ID_STOCK) VALUES
(5, 311, '05/08/2024', 2, 5);
INSERT INTO INVENTARIOS (ID_INVENTARIO, CANTIDAD, FECHA, ID_TIPO_MOV, ID_STOCK) VALUES
(6, 223, '06/08/2024', 7, 6);
INSERT INTO INVENTARIOS (ID_INVENTARIO, CANTIDAD, FECHA, ID_TIPO_MOV, ID_STOCK) VALUES
(7, 350, '07/08/2024', 6, 7);
INSERT INTO INVENTARIOS (ID_INVENTARIO, CANTIDAD, FECHA, ID_TIPO_MOV, ID_STOCK) VALUES
(8, 270, '08/08/2024', 3, 8);
INSERT INTO INVENTARIOS (ID_INVENTARIO, CANTIDAD, FECHA, ID_TIPO_MOV, ID_STOCK) VALUES
(9, 200, '09/08/2024', 1, 9);
INSERT INTO INVENTARIOS (ID_INVENTARIO, CANTIDAD, FECHA, ID_TIPO_MOV, ID_STOCK) VALUES
(10, 330, '10/08/2024', 5, 10);
INSERT INTO INVENTARIOS (ID_INVENTARIO, CANTIDAD, FECHA, ID_TIPO_MOV, ID_STOCK) VALUES
(11, 420, '11/08/2024', 2, 11);
INSERT INTO INVENTARIOS (ID_INVENTARIO, CANTIDAD, FECHA, ID_TIPO_MOV, ID_STOCK) VALUES
(12, 315, '12/08/2024', 4, 12);
INSERT INTO INVENTARIOS (ID_INVENTARIO, CANTIDAD, FECHA, ID_TIPO_MOV, ID_STOCK) VALUES
(13, 265, '13/08/2024', 6, 13);
INSERT INTO INVENTARIOS (ID_INVENTARIO, CANTIDAD, FECHA, ID_TIPO_MOV, ID_STOCK) VALUES
(14, 150, '14/08/2024', 7, 14);
INSERT INTO INVENTARIOS (ID_INVENTARIO, CANTIDAD, FECHA, ID_TIPO_MOV, ID_STOCK) VALUES
(15, 380, '15/08/2024', 3, 15);
INSERT INTO INVENTARIOS (ID_INVENTARIO, CANTIDAD, FECHA, ID_TIPO_MOV, ID_STOCK) VALUES
(16, 210, '16/08/2024', 1, 16);
INSERT INTO INVENTARIOS (ID_INVENTARIO, CANTIDAD, FECHA, ID_TIPO_MOV, ID_STOCK) VALUES
(17, 430, '17/08/2024', 5, 17);
INSERT INTO INVENTARIOS (ID_INVENTARIO, CANTIDAD, FECHA, ID_TIPO_MOV, ID_STOCK) VALUES
(18, 185, '18/08/2024', 2, 18);
INSERT INTO INVENTARIOS (ID_INVENTARIO, CANTIDAD, FECHA, ID_TIPO_MOV, ID_STOCK) VALUES
(19, 390, '19/08/2024', 4, 19);
INSERT INTO INVENTARIOS (ID_INVENTARIO, CANTIDAD, FECHA, ID_TIPO_MOV, ID_STOCK) VALUES
(20, 220, '20/08/2024', 7, 20);
INSERT INTO INVENTARIOS (ID_INVENTARIO, CANTIDAD, FECHA, ID_TIPO_MOV, ID_STOCK) VALUES
(21, 305, '21/08/2024', 6, 21)
INSERT INTO INVENTARIOS (ID_INVENTARIO, CANTIDAD, FECHA, ID_TIPO_MOV, ID_STOCK) VALUES
(22, 175, '22/08/2024', 3, 22)
INSERT INTO INVENTARIOS (ID_INVENTARIO, CANTIDAD, FECHA, ID_TIPO_MOV, ID_STOCK) VALUES
(23, 310, '23/08/2024', 1, 23)
INSERT INTO INVENTARIOS (ID_INVENTARIO, CANTIDAD, FECHA, ID_TIPO_MOV, ID_STOCK) VALUES
(24, 440, '24/08/2024', 5, 24)
INSERT INTO INVENTARIOS (ID_INVENTARIO, CANTIDAD, FECHA, ID_TIPO_MOV, ID_STOCK) VALUES
(25, 185, '25/08/2024', 2, 25)
INSERT INTO INVENTARIOS (ID_INVENTARIO, CANTIDAD, FECHA, ID_TIPO_MOV, ID_STOCK) VALUES
(26, 360, '26/08/2024', 4, 26)
INSERT INTO INVENTARIOS (ID_INVENTARIO, CANTIDAD, FECHA, ID_TIPO_MOV, ID_STOCK) VALUES
(27, 230, '27/08/2024', 6, 27)
INSERT INTO INVENTARIOS (ID_INVENTARIO, CANTIDAD, FECHA, ID_TIPO_MOV, ID_STOCK) VALUES
(28, 295, '28/08/2024', 7, 28)
INSERT INTO INVENTARIOS (ID_INVENTARIO, CANTIDAD, FECHA, ID_TIPO_MOV, ID_STOCK) VALUES
(29, 215, '29/08/2024', 3, 29)
INSERT INTO INVENTARIOS (ID_INVENTARIO, CANTIDAD, FECHA, ID_TIPO_MOV, ID_STOCK) VALUES
(30, 310, '30/08/2024', 1, 30)
INSERT INTO INVENTARIOS (ID_INVENTARIO, CANTIDAD, FECHA, ID_TIPO_MOV, ID_STOCK) VALUES
(31, 275, '31/08/2024', 5, 31)
INSERT INTO INVENTARIOS (ID_INVENTARIO, CANTIDAD, FECHA, ID_TIPO_MOV, ID_STOCK) VALUES
(32, 140, '01/08/2024', 2, 32)
INSERT INTO INVENTARIOS (ID_INVENTARIO, CANTIDAD, FECHA, ID_TIPO_MOV, ID_STOCK) VALUES
(33, 400, '02/08/2024', 4, 33)
INSERT INTO INVENTARIOS (ID_INVENTARIO, CANTIDAD, FECHA, ID_TIPO_MOV, ID_STOCK) VALUES
(34, 320, '03/08/2024', 6, 34)
INSERT INTO INVENTARIOS (ID_INVENTARIO, CANTIDAD, FECHA, ID_TIPO_MOV, ID_STOCK) VALUES
(35, 275, '04/08/2024', 7, 35)
INSERT INTO INVENTARIOS (ID_INVENTARIO, CANTIDAD, FECHA, ID_TIPO_MOV, ID_STOCK) VALUES
(36, 420, '05/08/2024', 3, 36)
INSERT INTO INVENTARIOS (ID_INVENTARIO, CANTIDAD, FECHA, ID_TIPO_MOV, ID_STOCK) VALUES
(37, 150, '06/08/2024', 1, 37)
INSERT INTO INVENTARIOS (ID_INVENTARIO, CANTIDAD, FECHA, ID_TIPO_MOV, ID_STOCK) VALUES
(38, 360, '07/08/2024', 5, 38)
INSERT INTO INVENTARIOS (ID_INVENTARIO, CANTIDAD, FECHA, ID_TIPO_MOV, ID_STOCK) VALUES
(39, 210, '08/08/2024', 2, 39)
INSERT INTO INVENTARIOS (ID_INVENTARIO, CANTIDAD, FECHA, ID_TIPO_MOV, ID_STOCK) VALUES
(40, 280, '09/08/2024', 4, 40)
INSERT INTO INVENTARIOS (ID_INVENTARIO, CANTIDAD, FECHA, ID_TIPO_MOV, ID_STOCK) VALUES
(41, 290, '10/08/2024', 6, 41)
INSERT INTO INVENTARIOS (ID_INVENTARIO, CANTIDAD, FECHA, ID_TIPO_MOV, ID_STOCK) VALUES
(42, 350, '11/08/2024', 7, 42)
INSERT INTO INVENTARIOS (ID_INVENTARIO, CANTIDAD, FECHA, ID_TIPO_MOV, ID_STOCK) VALUES
(43, 175, '12/08/2024', 3, 43)
INSERT INTO INVENTARIOS (ID_INVENTARIO, CANTIDAD, FECHA, ID_TIPO_MOV, ID_STOCK) VALUES
(44, 245, '13/08/2024', 1, 44)
INSERT INTO INVENTARIOS (ID_INVENTARIO, CANTIDAD, FECHA, ID_TIPO_MOV, ID_STOCK) VALUES
(45, 320, '14/08/2024', 5, 45)
INSERT INTO INVENTARIOS (ID_INVENTARIO, CANTIDAD, FECHA, ID_TIPO_MOV, ID_STOCK) VALUES
(46, 205, '15/08/2024', 2, 46)
INSERT INTO INVENTARIOS (ID_INVENTARIO, CANTIDAD, FECHA, ID_TIPO_MOV, ID_STOCK) VALUES
(47, 330, '16/08/2024', 4, 47)
INSERT INTO INVENTARIOS (ID_INVENTARIO, CANTIDAD, FECHA, ID_TIPO_MOV, ID_STOCK) VALUES
(48, 290, '17/08/2024', 6, 48)
INSERT INTO INVENTARIOS (ID_INVENTARIO, CANTIDAD, FECHA, ID_TIPO_MOV, ID_STOCK) VALUES
(49, 375, '18/08/2024', 7, 49)
INSERT INTO INVENTARIOS (ID_INVENTARIO, CANTIDAD, FECHA, ID_TIPO_MOV, ID_STOCK) VALUES
(50, 190, '19/08/2024', 3, 50)
INSERT INTO INVENTARIOS (ID_INVENTARIO, CANTIDAD, FECHA, ID_TIPO_MOV, ID_STOCK) VALUES
(51, 270, '20/08/2024', 1, 51)
INSERT INTO INVENTARIOS (ID_INVENTARIO, CANTIDAD, FECHA, ID_TIPO_MOV, ID_STOCK) VALUES
(52, 300, '21/08/2024', 5, 52)
INSERT INTO INVENTARIOS (ID_INVENTARIO, CANTIDAD, FECHA, ID_TIPO_MOV, ID_STOCK) VALUES
(53, 245, '22/08/2024', 2, 53)
INSERT INTO INVENTARIOS (ID_INVENTARIO, CANTIDAD, FECHA, ID_TIPO_MOV, ID_STOCK) VALUES
(54, 225, '23/08/2024', 4, 54)
INSERT INTO INVENTARIOS (ID_INVENTARIO, CANTIDAD, FECHA, ID_TIPO_MOV, ID_STOCK) VALUES
(55, 400, '24/08/2024', 6, 55)
INSERT INTO INVENTARIOS (ID_INVENTARIO, CANTIDAD, FECHA, ID_TIPO_MOV, ID_STOCK) VALUES
(56, 140, '25/08/2024', 7, 56)
INSERT INTO INVENTARIOS (ID_INVENTARIO, CANTIDAD, FECHA, ID_TIPO_MOV, ID_STOCK) VALUES
(57, 370, '26/08/2024', 3, 57)
INSERT INTO INVENTARIOS (ID_INVENTARIO, CANTIDAD, FECHA, ID_TIPO_MOV, ID_STOCK) VALUES
(58, 220, '27/08/2024', 1, 58)
INSERT INTO INVENTARIOS (ID_INVENTARIO, CANTIDAD, FECHA, ID_TIPO_MOV, ID_STOCK) VALUES
(59, 310, '28/08/2024', 5, 59)
INSERT INTO INVENTARIOS (ID_INVENTARIO, CANTIDAD, FECHA, ID_TIPO_MOV, ID_STOCK) VALUES
(60, 250, '29/08/2024', 2, 60)
INSERT INTO INVENTARIOS (ID_INVENTARIO, CANTIDAD, FECHA, ID_TIPO_MOV, ID_STOCK) VALUES
(61, 330, '30/08/2024', 4, 61)
INSERT INTO INVENTARIOS (ID_INVENTARIO, CANTIDAD, FECHA, ID_TIPO_MOV, ID_STOCK) VALUES
(62, 140, '31/08/2024', 6, 62)
INSERT INTO INVENTARIOS (ID_INVENTARIO, CANTIDAD, FECHA, ID_TIPO_MOV, ID_STOCK) VALUES
(63, 275, '01/08/2024', 7, 63)
INSERT INTO INVENTARIOS (ID_INVENTARIO, CANTIDAD, FECHA, ID_TIPO_MOV, ID_STOCK) VALUES
(64, 390, '02/08/2024', 3, 64)
INSERT INTO INVENTARIOS (ID_INVENTARIO, CANTIDAD, FECHA, ID_TIPO_MOV, ID_STOCK) VALUES
(65, 220, '03/08/2024', 1, 65)
INSERT INTO INVENTARIOS (ID_INVENTARIO, CANTIDAD, FECHA, ID_TIPO_MOV, ID_STOCK) VALUES
(66, 285, '04/08/2024', 5, 66)
INSERT INTO INVENTARIOS (ID_INVENTARIO, CANTIDAD, FECHA, ID_TIPO_MOV, ID_STOCK) VALUES
(67, 200, '05/08/2024', 2, 67)
INSERT INTO INVENTARIOS (ID_INVENTARIO, CANTIDAD, FECHA, ID_TIPO_MOV, ID_STOCK) VALUES
(68, 355, '06/08/2024', 4, 68)
INSERT INTO INVENTARIOS (ID_INVENTARIO, CANTIDAD, FECHA, ID_TIPO_MOV, ID_STOCK) VALUES
(69, 270, '07/08/2024', 6, 69)
INSERT INTO INVENTARIOS (ID_INVENTARIO, CANTIDAD, FECHA, ID_TIPO_MOV, ID_STOCK) VALUES
(70, 180, '08/08/2024', 7, 70)
INSERT INTO INVENTARIOS (ID_INVENTARIO, CANTIDAD, FECHA, ID_TIPO_MOV, ID_STOCK) VALUES
(71, 305, '09/08/2024', 3, 71)
INSERT INTO INVENTARIOS (ID_INVENTARIO, CANTIDAD, FECHA, ID_TIPO_MOV, ID_STOCK) VALUES
(72, 225, '10/08/2024', 1, 72)
INSERT INTO INVENTARIOS (ID_INVENTARIO, CANTIDAD, FECHA, ID_TIPO_MOV, ID_STOCK) VALUES
(73, 320, '11/08/2024', 5, 73)
INSERT INTO INVENTARIOS (ID_INVENTARIO, CANTIDAD, FECHA, ID_TIPO_MOV, ID_STOCK) VALUES
(74, 200, '12/08/2024', 2, 74)
INSERT INTO INVENTARIOS (ID_INVENTARIO, CANTIDAD, FECHA, ID_TIPO_MOV, ID_STOCK) VALUES
(75, 285, '13/08/2024', 4, 75)
INSERT INTO INVENTARIOS (ID_INVENTARIO, CANTIDAD, FECHA, ID_TIPO_MOV, ID_STOCK) VALUES
(76, 245, '14/08/2024', 6, 76)
INSERT INTO INVENTARIOS (ID_INVENTARIO, CANTIDAD, FECHA, ID_TIPO_MOV, ID_STOCK) VALUES
(77, 360, '15/08/2024', 7, 77)
INSERT INTO INVENTARIOS (ID_INVENTARIO, CANTIDAD, FECHA, ID_TIPO_MOV, ID_STOCK) VALUES
(78, 220, '16/08/2024', 3, 78)
INSERT INTO INVENTARIOS (ID_INVENTARIO, CANTIDAD, FECHA, ID_TIPO_MOV, ID_STOCK) VALUES
(79, 275, '17/08/2024', 1, 79)
INSERT INTO INVENTARIOS (ID_INVENTARIO, CANTIDAD, FECHA, ID_TIPO_MOV, ID_STOCK) VALUES
(80, 295, '18/08/2024', 5, 80)
INSERT INTO INVENTARIOS (ID_INVENTARIO, CANTIDAD, FECHA, ID_TIPO_MOV, ID_STOCK) VALUES
(81, 180, '19/08/2024', 2, 81)
INSERT INTO INVENTARIOS (ID_INVENTARIO, CANTIDAD, FECHA, ID_TIPO_MOV, ID_STOCK) VALUES
(82, 340, '20/08/2024', 4, 82)
INSERT INTO INVENTARIOS (ID_INVENTARIO, CANTIDAD, FECHA, ID_TIPO_MOV, ID_STOCK) VALUES
(83, 250, '21/08/2024', 6, 83)
INSERT INTO INVENTARIOS (ID_INVENTARIO, CANTIDAD, FECHA, ID_TIPO_MOV, ID_STOCK) VALUES
(84, 225, '22/08/2024', 7, 84)
INSERT INTO INVENTARIOS (ID_INVENTARIO, CANTIDAD, FECHA, ID_TIPO_MOV, ID_STOCK) VALUES
(85, 310, '23/08/2024', 3, 85)
INSERT INTO INVENTARIOS (ID_INVENTARIO, CANTIDAD, FECHA, ID_TIPO_MOV, ID_STOCK) VALUES
(86, 290, '24/08/2024', 1, 86)
INSERT INTO INVENTARIOS (ID_INVENTARIO, CANTIDAD, FECHA, ID_TIPO_MOV, ID_STOCK) VALUES
(87, 150, '25/08/2024', 5, 87)
INSERT INTO INVENTARIOS (ID_INVENTARIO, CANTIDAD, FECHA, ID_TIPO_MOV, ID_STOCK) VALUES
(88, 330, '26/08/2024', 2, 88)
INSERT INTO INVENTARIOS (ID_INVENTARIO, CANTIDAD, FECHA, ID_TIPO_MOV, ID_STOCK) VALUES
(89, 360, '27/08/2024', 4, 89)
INSERT INTO INVENTARIOS (ID_INVENTARIO, CANTIDAD, FECHA, ID_TIPO_MOV, ID_STOCK) VALUES
(90, 220, '28/08/2024', 6, 90)
INSERT INTO INVENTARIOS (ID_INVENTARIO, CANTIDAD, FECHA, ID_TIPO_MOV, ID_STOCK) VALUES
(91, 275, '29/08/2024', 7, 91)
INSERT INTO INVENTARIOS (ID_INVENTARIO, CANTIDAD, FECHA, ID_TIPO_MOV, ID_STOCK) VALUES
(92, 290, '30/08/2024', 3, 92)
INSERT INTO INVENTARIOS (ID_INVENTARIO, CANTIDAD, FECHA, ID_TIPO_MOV, ID_STOCK) VALUES
(93, 230, '31/08/2024', 1, 93)
INSERT INTO INVENTARIOS (ID_INVENTARIO, CANTIDAD, FECHA, ID_TIPO_MOV, ID_STOCK) VALUES
(94, 305, '01/08/2024', 5, 94)
INSERT INTO INVENTARIOS (ID_INVENTARIO, CANTIDAD, FECHA, ID_TIPO_MOV, ID_STOCK) VALUES
(95, 200, '02/08/2024', 2, 95)
INSERT INTO INVENTARIOS (ID_INVENTARIO, CANTIDAD, FECHA, ID_TIPO_MOV, ID_STOCK) VALUES
(96, 320, '03/08/2024', 4, 96)
INSERT INTO INVENTARIOS (ID_INVENTARIO, CANTIDAD, FECHA, ID_TIPO_MOV, ID_STOCK) VALUES
(97, 275, '04/08/2024', 6, 97)
INSERT INTO INVENTARIOS (ID_INVENTARIO, CANTIDAD, FECHA, ID_TIPO_MOV, ID_STOCK) VALUES
(98, 340, '05/08/2024', 7, 98)
INSERT INTO INVENTARIOS (ID_INVENTARIO, CANTIDAD, FECHA, ID_TIPO_MOV, ID_STOCK) VALUES
(99, 210, '06/08/2024', 3, 99)
INSERT INTO INVENTARIOS (ID_INVENTARIO, CANTIDAD, FECHA, ID_TIPO_MOV, ID_STOCK) VALUES
(100, 290, '07/08/2024', 1, 100)
INSERT INTO INVENTARIOS (ID_INVENTARIO, CANTIDAD, FECHA, ID_TIPO_MOV, ID_STOCK) VALUES
(101, 220, '08/08/2024', 5, 101)
INSERT INTO INVENTARIOS (ID_INVENTARIO, CANTIDAD, FECHA, ID_TIPO_MOV, ID_STOCK) VALUES
(102, 300, '09/08/2024', 2, 102)
INSERT INTO INVENTARIOS (ID_INVENTARIO, CANTIDAD, FECHA, ID_TIPO_MOV, ID_STOCK) VALUES
(103, 275, '10/08/2024', 4, 103)
INSERT INTO INVENTARIOS (ID_INVENTARIO, CANTIDAD, FECHA, ID_TIPO_MOV, ID_STOCK) VALUES
(104, 320, '11/08/2024', 6, 104)
INSERT INTO INVENTARIOS (ID_INVENTARIO, CANTIDAD, FECHA, ID_TIPO_MOV, ID_STOCK) VALUES
(105, 250, '12/08/2024', 7, 105)
INSERT INTO INVENTARIOS (ID_INVENTARIO, CANTIDAD, FECHA, ID_TIPO_MOV, ID_STOCK) VALUES
(106, 305, '13/08/2024', 3, 106)
INSERT INTO INVENTARIOS (ID_INVENTARIO, CANTIDAD, FECHA, ID_TIPO_MOV, ID_STOCK) VALUES
(107, 290, '14/08/2024', 1, 107)
INSERT INTO INVENTARIOS (ID_INVENTARIO, CANTIDAD, FECHA, ID_TIPO_MOV, ID_STOCK) VALUES
(108, 220, '15/08/2024', 5, 108)
INSERT INTO INVENTARIOS (ID_INVENTARIO, CANTIDAD, FECHA, ID_TIPO_MOV, ID_STOCK) VALUES
(109, 360, '16/08/2024', 2, 109)
INSERT INTO INVENTARIOS (ID_INVENTARIO, CANTIDAD, FECHA, ID_TIPO_MOV, ID_STOCK) VALUES
(110, 310, '17/08/2024', 4, 110)
INSERT INTO INVENTARIOS (ID_INVENTARIO, CANTIDAD, FECHA, ID_TIPO_MOV, ID_STOCK) VALUES
(111, 240, '18/08/2024', 6, 111)
INSERT INTO INVENTARIOS (ID_INVENTARIO, CANTIDAD, FECHA, ID_TIPO_MOV, ID_STOCK) VALUES
(112, 280, '19/08/2024', 7, 112)

